[     201ms] [INFO] %cDownload the React DevTools for a better development experience: https://reactjs.org/link/react-devtools font-weight:bold @ http://localhost:3000/node_modules/.vite/deps/react-dom-DZQ9hRBr.js?v=714a31e7:17230
[     259ms] [ERROR] Failed to load resource: the server responded with a status of 500 (Internal Server Error) @ http://localhost:3000/api/overview/health:0
[     261ms] [ERROR] Failed to load resource: the server responded with a status of 500 (Internal Server Error) @ http://localhost:3000/api/live-eps/stream:0
[     270ms] [ERROR] Failed to load resource: the server responded with a status of 500 (Internal Server Error) @ http://localhost:3000/api/overview/health:0
[     478ms] [ERROR] Warning: React.jsx: type is invalid -- expected a string (for built-in components) or a class/function (for composite components) but got: %s.%s%s undefined  You likely forgot to export your component from the file it's defined in, or you might have mixed up default and named imports.

Check your code at IncidentTimelinePanel.tsx:125. 
    at IncidentTimelinePanel (http://localhost:3000/src/pages/incidents/components/IncidentTimelinePanel.tsx:53:41)
    at section
    at TabContentBase (http://localhost:3000/node_modules/.vite/deps/@patternfly_react-core.js?v=714a31e7:21905:8)
    at SSRSafeIds (http://localhost:3000/node_modules/.vite/deps/@patternfly_react-core.js?v=714a31e7:3589:21)
    at Tabs (http://localhost:3000/node_modules/.vite/deps/@patternfly_react-core.js?v=714a31e7:22073:3)
    at HaTabs (http://localhost:3000/src/components/ha-tabs/HaTabs.tsx:19:26)
    at div
    at IncidentDetailPage (http://localhost:3000/src/pages/incidents/IncidentDetailPage.tsx:38:17)
    at AuthGuard (http://localhost:3000/src/router/AuthGuard.tsx:22:29)
    at RenderedRoute (http://localhost:3000/node_modules/.vite/deps/react-router-dom.js?v=714a31e7:3235:8)
    at Outlet (http://localhost:3000/node_modules/.vite/deps/react-router-dom.js?v=714a31e7:3585:25)
    at main
    at div
    at AppLayout (http://localhost:3000/src/router/AppLayout.tsx:25:24)
    at RenderedRoute (http://localhost:3000/node_modules/.vite/deps/react-router-dom.js?v=714a31e7:3235:8)
    at RenderErrorBoundary (http://localhost:3000/node_modules/.vite/deps/react-router-dom.js?v=714a31e7:3202:3)
    at DataRoutes (http://localhost:3000/node_modules/.vite/deps/react-router-dom.js?v=714a31e7:4278:8)
    at Router (http://localhost:3000/node_modules/.vite/deps/react-router-dom.js?v=714a31e7:3605:18)
    at RouterProvider (http://localhost:3000/node_modules/.vite/deps/react-router-dom.js?v=714a31e7:4111:8)
    at AppInner (http://localhost:3000/src/App.tsx:26:30)
    at QueryClientProvider (http://localhost:3000/node_modules/.vite/deps/@tanstack_react-query.js?v=714a31e7:2553:30)
    at App @ http://localhost:3000/@vite/client:524
[     478ms] [ERROR] Warning: React.jsx: type is invalid -- expected a string (for built-in components) or a class/function (for composite components) but got: %s.%s%s undefined  You likely forgot to export your component from the file it's defined in, or you might have mixed up default and named imports.

Check your code at IncidentTimelinePanel.tsx:125. 
    at IncidentTimelinePanel (http://localhost:3000/src/pages/incidents/components/IncidentTimelinePanel.tsx:53:41)
    at section
    at TabContentBase (http://localhost:3000/node_modules/.vite/deps/@patternfly_react-core.js?v=714a31e7:21905:8)
    at SSRSafeIds (http://localhost:3000/node_modules/.vite/deps/@patternfly_react-core.js?v=714a31e7:3589:21)
    at Tabs (http://localhost:3000/node_modules/.vite/deps/@patternfly_react-core.js?v=714a31e7:22073:3)
    at HaTabs (http://localhost:3000/src/components/ha-tabs/HaTabs.tsx:19:26)
    at div
    at IncidentDetailPage (http://localhost:3000/src/pages/incidents/IncidentDetailPage.tsx:38:17)
    at AuthGuard (http://localhost:3000/src/router/AuthGuard.tsx:22:29)
    at RenderedRoute (http://localhost:3000/node_modules/.vite/deps/react-router-dom.js?v=714a31e7:3235:8)
    at Outlet (http://localhost:3000/node_modules/.vite/deps/react-router-dom.js?v=714a31e7:3585:25)
    at main
    at div
    at AppLayout (http://localhost:3000/src/router/AppLayout.tsx:25:24)
    at RenderedRoute (http://localhost:3000/node_modules/.vite/deps/react-router-dom.js?v=714a31e7:3235:8)
    at RenderErrorBoundary (http://localhost:3000/node_modules/.vite/deps/react-router-dom.js?v=714a31e7:3202:3)
    at DataRoutes (http://localhost:3000/node_modules/.vite/deps/react-router-dom.js?v=714a31e7:4278:8)
    at Router (http://localhost:3000/node_modules/.vite/deps/react-router-dom.js?v=714a31e7:3605:18)
    at RouterProvider (http://localhost:3000/node_modules/.vite/deps/react-router-dom.js?v=714a31e7:4111:8)
    at AppInner (http://localhost:3000/src/App.tsx:26:30)
    at QueryClientProvider (http://localhost:3000/node_modules/.vite/deps/@tanstack_react-query.js?v=714a31e7:2553:30)
    at App @ http://localhost:3000/@vite/client:524
[     478ms] [ERROR] Warning: React.jsx: type is invalid -- expected a string (for built-in components) or a class/function (for composite components) but got: %s.%s%s undefined  You likely forgot to export your component from the file it's defined in, or you might have mixed up default and named imports.

Check your code at IncidentTimelinePanel.tsx:125. 
    at IncidentTimelinePanel (http://localhost:3000/src/pages/incidents/components/IncidentTimelinePanel.tsx:53:41)
    at section
    at TabContentBase (http://localhost:3000/node_modules/.vite/deps/@patternfly_react-core.js?v=714a31e7:21905:8)
    at SSRSafeIds (http://localhost:3000/node_modules/.vite/deps/@patternfly_react-core.js?v=714a31e7:3589:21)
    at Tabs (http://localhost:3000/node_modules/.vite/deps/@patternfly_react-core.js?v=714a31e7:22073:3)
    at HaTabs (http://localhost:3000/src/components/ha-tabs/HaTabs.tsx:19:26)
    at div
    at IncidentDetailPage (http://localhost:3000/src/pages/incidents/IncidentDetailPage.tsx:38:17)
    at AuthGuard (http://localhost:3000/src/router/AuthGuard.tsx:22:29)
    at RenderedRoute (http://localhost:3000/node_modules/.vite/deps/react-router-dom.js?v=714a31e7:3235:8)
    at Outlet (http://localhost:3000/node_modules/.vite/deps/react-router-dom.js?v=714a31e7:3585:25)
    at main
    at div
    at AppLayout (http://localhost:3000/src/router/AppLayout.tsx:25:24)
    at RenderedRoute (http://localhost:3000/node_modules/.vite/deps/react-router-dom.js?v=714a31e7:3235:8)
    at RenderErrorBoundary (http://localhost:3000/node_modules/.vite/deps/react-router-dom.js?v=714a31e7:3202:3)
    at DataRoutes (http://localhost:3000/node_modules/.vite/deps/react-router-dom.js?v=714a31e7:4278:8)
    at Router (http://localhost:3000/node_modules/.vite/deps/react-router-dom.js?v=714a31e7:3605:18)
    at RouterProvider (http://localhost:3000/node_modules/.vite/deps/react-router-dom.js?v=714a31e7:4111:8)
    at AppInner (http://localhost:3000/src/App.tsx:26:30)
    at QueryClientProvider (http://localhost:3000/node_modules/.vite/deps/@tanstack_react-query.js?v=714a31e7:2553:30)
    at App @ http://localhost:3000/@vite/client:524
[     479ms] [ERROR] Warning: React.jsx: type is invalid -- expected a string (for built-in components) or a class/function (for composite components) but got: %s.%s%s undefined  You likely forgot to export your component from the file it's defined in, or you might have mixed up default and named imports.

Check your code at IncidentTimelinePanel.tsx:125. 
    at IncidentTimelinePanel (http://localhost:3000/src/pages/incidents/components/IncidentTimelinePanel.tsx:53:41)
    at section
    at TabContentBase (http://localhost:3000/node_modules/.vite/deps/@patternfly_react-core.js?v=714a31e7:21905:8)
    at SSRSafeIds (http://localhost:3000/node_modules/.vite/deps/@patternfly_react-core.js?v=714a31e7:3589:21)
    at Tabs (http://localhost:3000/node_modules/.vite/deps/@patternfly_react-core.js?v=714a31e7:22073:3)
    at HaTabs (http://localhost:3000/src/components/ha-tabs/HaTabs.tsx:19:26)
    at div
    at IncidentDetailPage (http://localhost:3000/src/pages/incidents/IncidentDetailPage.tsx:38:17)
    at AuthGuard (http://localhost:3000/src/router/AuthGuard.tsx:22:29)
    at RenderedRoute (http://localhost:3000/node_modules/.vite/deps/react-router-dom.js?v=714a31e7:3235:8)
    at Outlet (http://localhost:3000/node_modules/.vite/deps/react-router-dom.js?v=714a31e7:3585:25)
    at main
    at div
    at AppLayout (http://localhost:3000/src/router/AppLayout.tsx:25:24)
    at RenderedRoute (http://localhost:3000/node_modules/.vite/deps/react-router-dom.js?v=714a31e7:3235:8)
    at RenderErrorBoundary (http://localhost:3000/node_modules/.vite/deps/react-router-dom.js?v=714a31e7:3202:3)
    at DataRoutes (http://localhost:3000/node_modules/.vite/deps/react-router-dom.js?v=714a31e7:4278:8)
    at Router (http://localhost:3000/node_modules/.vite/deps/react-router-dom.js?v=714a31e7:3605:18)
    at RouterProvider (http://localhost:3000/node_modules/.vite/deps/react-router-dom.js?v=714a31e7:4111:8)
    at AppInner (http://localhost:3000/src/App.tsx:26:30)
    at QueryClientProvider (http://localhost:3000/node_modules/.vite/deps/@tanstack_react-query.js?v=714a31e7:2553:30)
    at App @ http://localhost:3000/@vite/client:524
[     479ms] [ERROR] Warning: React.jsx: type is invalid -- expected a string (for built-in components) or a class/function (for composite components) but got: %s.%s%s undefined  You likely forgot to export your component from the file it's defined in, or you might have mixed up default and named imports.

Check your code at IncidentTimelinePanel.tsx:125. 
    at IncidentTimelinePanel (http://localhost:3000/src/pages/incidents/components/IncidentTimelinePanel.tsx:53:41)
    at section
    at TabContentBase (http://localhost:3000/node_modules/.vite/deps/@patternfly_react-core.js?v=714a31e7:21905:8)
    at SSRSafeIds (http://localhost:3000/node_modules/.vite/deps/@patternfly_react-core.js?v=714a31e7:3589:21)
    at Tabs (http://localhost:3000/node_modules/.vite/deps/@patternfly_react-core.js?v=714a31e7:22073:3)
    at HaTabs (http://localhost:3000/src/components/ha-tabs/HaTabs.tsx:19:26)
    at div
    at IncidentDetailPage (http://localhost:3000/src/pages/incidents/IncidentDetailPage.tsx:38:17)
    at AuthGuard (http://localhost:3000/src/router/AuthGuard.tsx:22:29)
    at RenderedRoute (http://localhost:3000/node_modules/.vite/deps/react-router-dom.js?v=714a31e7:3235:8)
    at Outlet (http://localhost:3000/node_modules/.vite/deps/react-router-dom.js?v=714a31e7:3585:25)
    at main
    at div
    at AppLayout (http://localhost:3000/src/router/AppLayout.tsx:25:24)
    at RenderedRoute (http://localhost:3000/node_modules/.vite/deps/react-router-dom.js?v=714a31e7:3235:8)
    at RenderErrorBoundary (http://localhost:3000/node_modules/.vite/deps/react-router-dom.js?v=714a31e7:3202:3)
    at DataRoutes (http://localhost:3000/node_modules/.vite/deps/react-router-dom.js?v=714a31e7:4278:8)
    at Router (http://localhost:3000/node_modules/.vite/deps/react-router-dom.js?v=714a31e7:3605:18)
    at RouterProvider (http://localhost:3000/node_modules/.vite/deps/react-router-dom.js?v=714a31e7:4111:8)
    at AppInner (http://localhost:3000/src/App.tsx:26:30)
    at QueryClientProvider (http://localhost:3000/node_modules/.vite/deps/@tanstack_react-query.js?v=714a31e7:2553:30)
    at App @ http://localhost:3000/@vite/client:524
[     479ms] [ERROR] Warning: React.jsx: type is invalid -- expected a string (for built-in components) or a class/function (for composite components) but got: %s.%s%s undefined  You likely forgot to export your component from the file it's defined in, or you might have mixed up default and named imports.

Check your code at IncidentTimelinePanel.tsx:125. 
    at IncidentTimelinePanel (http://localhost:3000/src/pages/incidents/components/IncidentTimelinePanel.tsx:53:41)
    at section
    at TabContentBase (http://localhost:3000/node_modules/.vite/deps/@patternfly_react-core.js?v=714a31e7:21905:8)
    at SSRSafeIds (http://localhost:3000/node_modules/.vite/deps/@patternfly_react-core.js?v=714a31e7:3589:21)
    at Tabs (http://localhost:3000/node_modules/.vite/deps/@patternfly_react-core.js?v=714a31e7:22073:3)
    at HaTabs (http://localhost:3000/src/components/ha-tabs/HaTabs.tsx:19:26)
    at div
    at IncidentDetailPage (http://localhost:3000/src/pages/incidents/IncidentDetailPage.tsx:38:17)
    at AuthGuard (http://localhost:3000/src/router/AuthGuard.tsx:22:29)
    at RenderedRoute (http://localhost:3000/node_modules/.vite/deps/react-router-dom.js?v=714a31e7:3235:8)
    at Outlet (http://localhost:3000/node_modules/.vite/deps/react-router-dom.js?v=714a31e7:3585:25)
    at main
    at div
    at AppLayout (http://localhost:3000/src/router/AppLayout.tsx:25:24)
    at RenderedRoute (http://localhost:3000/node_modules/.vite/deps/react-router-dom.js?v=714a31e7:3235:8)
    at RenderErrorBoundary (http://localhost:3000/node_modules/.vite/deps/react-router-dom.js?v=714a31e7:3202:3)
    at DataRoutes (http://localhost:3000/node_modules/.vite/deps/react-router-dom.js?v=714a31e7:4278:8)
    at Router (http://localhost:3000/node_modules/.vite/deps/react-router-dom.js?v=714a31e7:3605:18)
    at RouterProvider (http://localhost:3000/node_modules/.vite/deps/react-router-dom.js?v=714a31e7:4111:8)
    at AppInner (http://localhost:3000/src/App.tsx:26:30)
    at QueryClientProvider (http://localhost:3000/node_modules/.vite/deps/@tanstack_react-query.js?v=714a31e7:2553:30)
    at App @ http://localhost:3000/@vite/client:524
[     479ms] [ERROR] Warning: React.jsx: type is invalid -- expected a string (for built-in components) or a class/function (for composite components) but got: %s.%s%s undefined  You likely forgot to export your component from the file it's defined in, or you might have mixed up default and named imports.

Check your code at IncidentTimelinePanel.tsx:125. 
    at IncidentTimelinePanel (http://localhost:3000/src/pages/incidents/components/IncidentTimelinePanel.tsx:53:41)
    at section
    at TabContentBase (http://localhost:3000/node_modules/.vite/deps/@patternfly_react-core.js?v=714a31e7:21905:8)
    at SSRSafeIds (http://localhost:3000/node_modules/.vite/deps/@patternfly_react-core.js?v=714a31e7:3589:21)
    at Tabs (http://localhost:3000/node_modules/.vite/deps/@patternfly_react-core.js?v=714a31e7:22073:3)
    at HaTabs (http://localhost:3000/src/components/ha-tabs/HaTabs.tsx:19:26)
    at div
    at IncidentDetailPage (http://localhost:3000/src/pages/incidents/IncidentDetailPage.tsx:38:17)
    at AuthGuard (http://localhost:3000/src/router/AuthGuard.tsx:22:29)
    at RenderedRoute (http://localhost:3000/node_modules/.vite/deps/react-router-dom.js?v=714a31e7:3235:8)
    at Outlet (http://localhost:3000/node_modules/.vite/deps/react-router-dom.js?v=714a31e7:3585:25)
    at main
    at div
    at AppLayout (http://localhost:3000/src/router/AppLayout.tsx:25:24)
    at RenderedRoute (http://localhost:3000/node_modules/.vite/deps/react-router-dom.js?v=714a31e7:3235:8)
    at RenderErrorBoundary (http://localhost:3000/node_modules/.vite/deps/react-router-dom.js?v=714a31e7:3202:3)
    at DataRoutes (http://localhost:3000/node_modules/.vite/deps/react-router-dom.js?v=714a31e7:4278:8)
    at Router (http://localhost:3000/node_modules/.vite/deps/react-router-dom.js?v=714a31e7:3605:18)
    at RouterProvider (http://localhost:3000/node_modules/.vite/deps/react-router-dom.js?v=714a31e7:4111:8)
    at AppInner (http://localhost:3000/src/App.tsx:26:30)
    at QueryClientProvider (http://localhost:3000/node_modules/.vite/deps/@tanstack_react-query.js?v=714a31e7:2553:30)
    at App @ http://localhost:3000/@vite/client:524
[     479ms] [ERROR] Warning: React.jsx: type is invalid -- expected a string (for built-in components) or a class/function (for composite components) but got: %s.%s%s undefined  You likely forgot to export your component from the file it's defined in, or you might have mixed up default and named imports.

Check your code at IncidentTimelinePanel.tsx:125. 
    at IncidentTimelinePanel (http://localhost:3000/src/pages/incidents/components/IncidentTimelinePanel.tsx:53:41)
    at section
    at TabContentBase (http://localhost:3000/node_modules/.vite/deps/@patternfly_react-core.js?v=714a31e7:21905:8)
    at SSRSafeIds (http://localhost:3000/node_modules/.vite/deps/@patternfly_react-core.js?v=714a31e7:3589:21)
    at Tabs (http://localhost:3000/node_modules/.vite/deps/@patternfly_react-core.js?v=714a31e7:22073:3)
    at HaTabs (http://localhost:3000/src/components/ha-tabs/HaTabs.tsx:19:26)
    at div
    at IncidentDetailPage (http://localhost:3000/src/pages/incidents/IncidentDetailPage.tsx:38:17)
    at AuthGuard (http://localhost:3000/src/router/AuthGuard.tsx:22:29)
    at RenderedRoute (http://localhost:3000/node_modules/.vite/deps/react-router-dom.js?v=714a31e7:3235:8)
    at Outlet (http://localhost:3000/node_modules/.vite/deps/react-router-dom.js?v=714a31e7:3585:25)
    at main
    at div
    at AppLayout (http://localhost:3000/src/router/AppLayout.tsx:25:24)
    at RenderedRoute (http://localhost:3000/node_modules/.vite/deps/react-router-dom.js?v=714a31e7:3235:8)
    at RenderErrorBoundary (http://localhost:3000/node_modules/.vite/deps/react-router-dom.js?v=714a31e7:3202:3)
    at DataRoutes (http://localhost:3000/node_modules/.vite/deps/react-router-dom.js?v=714a31e7:4278:8)
    at Router (http://localhost:3000/node_modules/.vite/deps/react-router-dom.js?v=714a31e7:3605:18)
    at RouterProvider (http://localhost:3000/node_modules/.vite/deps/react-router-dom.js?v=714a31e7:4111:8)
    at AppInner (http://localhost:3000/src/App.tsx:26:30)
    at QueryClientProvider (http://localhost:3000/node_modules/.vite/deps/@tanstack_react-query.js?v=714a31e7:2553:30)
    at App @ http://localhost:3000/@vite/client:524
[     479ms] [ERROR] Warning: React.jsx: type is invalid -- expected a string (for built-in components) or a class/function (for composite components) but got: %s.%s%s undefined  You likely forgot to export your component from the file it's defined in, or you might have mixed up default and named imports.

Check your code at IncidentTimelinePanel.tsx:125. 
    at IncidentTimelinePanel (http://localhost:3000/src/pages/incidents/components/IncidentTimelinePanel.tsx:53:41)
    at section
    at TabContentBase (http://localhost:3000/node_modules/.vite/deps/@patternfly_react-core.js?v=714a31e7:21905:8)
    at SSRSafeIds (http://localhost:3000/node_modules/.vite/deps/@patternfly_react-core.js?v=714a31e7:3589:21)
    at Tabs (http://localhost:3000/node_modules/.vite/deps/@patternfly_react-core.js?v=714a31e7:22073:3)
    at HaTabs (http://localhost:3000/src/components/ha-tabs/HaTabs.tsx:19:26)
    at div
    at IncidentDetailPage (http://localhost:3000/src/pages/incidents/IncidentDetailPage.tsx:38:17)
    at AuthGuard (http://localhost:3000/src/router/AuthGuard.tsx:22:29)
    at RenderedRoute (http://localhost:3000/node_modules/.vite/deps/react-router-dom.js?v=714a31e7:3235:8)
    at Outlet (http://localhost:3000/node_modules/.vite/deps/react-router-dom.js?v=714a31e7:3585:25)
    at main
    at div
    at AppLayout (http://localhost:3000/src/router/AppLayout.tsx:25:24)
    at RenderedRoute (http://localhost:3000/node_modules/.vite/deps/react-router-dom.js?v=714a31e7:3235:8)
    at RenderErrorBoundary (http://localhost:3000/node_modules/.vite/deps/react-router-dom.js?v=714a31e7:3202:3)
    at DataRoutes (http://localhost:3000/node_modules/.vite/deps/react-router-dom.js?v=714a31e7:4278:8)
    at Router (http://localhost:3000/node_modules/.vite/deps/react-router-dom.js?v=714a31e7:3605:18)
    at RouterProvider (http://localhost:3000/node_modules/.vite/deps/react-router-dom.js?v=714a31e7:4111:8)
    at AppInner (http://localhost:3000/src/App.tsx:26:30)
    at QueryClientProvider (http://localhost:3000/node_modules/.vite/deps/@tanstack_react-query.js?v=714a31e7:2553:30)
    at App @ http://localhost:3000/@vite/client:524
[     479ms] [ERROR] Warning: React.jsx: type is invalid -- expected a string (for built-in components) or a class/function (for composite components) but got: %s.%s%s undefined  You likely forgot to export your component from the file it's defined in, or you might have mixed up default and named imports.

Check your code at IncidentTimelinePanel.tsx:125. 
    at IncidentTimelinePanel (http://localhost:3000/src/pages/incidents/components/IncidentTimelinePanel.tsx:53:41)
    at section
    at TabContentBase (http://localhost:3000/node_modules/.vite/deps/@patternfly_react-core.js?v=714a31e7:21905:8)
    at SSRSafeIds (http://localhost:3000/node_modules/.vite/deps/@patternfly_react-core.js?v=714a31e7:3589:21)
    at Tabs (http://localhost:3000/node_modules/.vite/deps/@patternfly_react-core.js?v=714a31e7:22073:3)
    at HaTabs (http://localhost:3000/src/components/ha-tabs/HaTabs.tsx:19:26)
    at div
    at IncidentDetailPage (http://localhost:3000/src/pages/incidents/IncidentDetailPage.tsx:38:17)
    at AuthGuard (http://localhost:3000/src/router/AuthGuard.tsx:22:29)
    at RenderedRoute (http://localhost:3000/node_modules/.vite/deps/react-router-dom.js?v=714a31e7:3235:8)
    at Outlet (http://localhost:3000/node_modules/.vite/deps/react-router-dom.js?v=714a31e7:3585:25)
    at main
    at div
    at AppLayout (http://localhost:3000/src/router/AppLayout.tsx:25:24)
    at RenderedRoute (http://localhost:3000/node_modules/.vite/deps/react-router-dom.js?v=714a31e7:3235:8)
    at RenderErrorBoundary (http://localhost:3000/node_modules/.vite/deps/react-router-dom.js?v=714a31e7:3202:3)
    at DataRoutes (http://localhost:3000/node_modules/.vite/deps/react-router-dom.js?v=714a31e7:4278:8)
    at Router (http://localhost:3000/node_modules/.vite/deps/react-router-dom.js?v=714a31e7:3605:18)
    at RouterProvider (http://localhost:3000/node_modules/.vite/deps/react-router-dom.js?v=714a31e7:4111:8)
    at AppInner (http://localhost:3000/src/App.tsx:26:30)
    at QueryClientProvider (http://localhost:3000/node_modules/.vite/deps/@tanstack_react-query.js?v=714a31e7:2553:30)
    at App @ http://localhost:3000/@vite/client:524
[     479ms] [ERROR] Warning: React.jsx: type is invalid -- expected a string (for built-in components) or a class/function (for composite components) but got: %s.%s%s undefined  You likely forgot to export your component from the file it's defined in, or you might have mixed up default and named imports.

Check your code at IncidentTimelinePanel.tsx:125. 
    at IncidentTimelinePanel (http://localhost:3000/src/pages/incidents/components/IncidentTimelinePanel.tsx:53:41)
    at section
    at TabContentBase (http://localhost:3000/node_modules/.vite/deps/@patternfly_react-core.js?v=714a31e7:21905:8)
    at SSRSafeIds (http://localhost:3000/node_modules/.vite/deps/@patternfly_react-core.js?v=714a31e7:3589:21)
    at Tabs (http://localhost:3000/node_modules/.vite/deps/@patternfly_react-core.js?v=714a31e7:22073:3)
    at HaTabs (http://localhost:3000/src/components/ha-tabs/HaTabs.tsx:19:26)
    at div
    at IncidentDetailPage (http://localhost:3000/src/pages/incidents/IncidentDetailPage.tsx:38:17)
    at AuthGuard (http://localhost:3000/src/router/AuthGuard.tsx:22:29)
    at RenderedRoute (http://localhost:3000/node_modules/.vite/deps/react-router-dom.js?v=714a31e7:3235:8)
    at Outlet (http://localhost:3000/node_modules/.vite/deps/react-router-dom.js?v=714a31e7:3585:25)
    at main
    at div
    at AppLayout (http://localhost:3000/src/router/AppLayout.tsx:25:24)
    at RenderedRoute (http://localhost:3000/node_modules/.vite/deps/react-router-dom.js?v=714a31e7:3235:8)
    at RenderErrorBoundary (http://localhost:3000/node_modules/.vite/deps/react-router-dom.js?v=714a31e7:3202:3)
    at DataRoutes (http://localhost:3000/node_modules/.vite/deps/react-router-dom.js?v=714a31e7:4278:8)
    at Router (http://localhost:3000/node_modules/.vite/deps/react-router-dom.js?v=714a31e7:3605:18)
    at RouterProvider (http://localhost:3000/node_modules/.vite/deps/react-router-dom.js?v=714a31e7:4111:8)
    at AppInner (http://localhost:3000/src/App.tsx:26:30)
    at QueryClientProvider (http://localhost:3000/node_modules/.vite/deps/@tanstack_react-query.js?v=714a31e7:2553:30)
    at App @ http://localhost:3000/@vite/client:524
[     479ms] [ERROR] Warning: React.jsx: type is invalid -- expected a string (for built-in components) or a class/function (for composite components) but got: %s.%s%s undefined  You likely forgot to export your component from the file it's defined in, or you might have mixed up default and named imports.

Check your code at IncidentTimelinePanel.tsx:125. 
    at IncidentTimelinePanel (http://localhost:3000/src/pages/incidents/components/IncidentTimelinePanel.tsx:53:41)
    at section
    at TabContentBase (http://localhost:3000/node_modules/.vite/deps/@patternfly_react-core.js?v=714a31e7:21905:8)
    at SSRSafeIds (http://localhost:3000/node_modules/.vite/deps/@patternfly_react-core.js?v=714a31e7:3589:21)
    at Tabs (http://localhost:3000/node_modules/.vite/deps/@patternfly_react-core.js?v=714a31e7:22073:3)
    at HaTabs (http://localhost:3000/src/components/ha-tabs/HaTabs.tsx:19:26)
    at div
    at IncidentDetailPage (http://localhost:3000/src/pages/incidents/IncidentDetailPage.tsx:38:17)
    at AuthGuard (http://localhost:3000/src/router/AuthGuard.tsx:22:29)
    at RenderedRoute (http://localhost:3000/node_modules/.vite/deps/react-router-dom.js?v=714a31e7:3235:8)
    at Outlet (http://localhost:3000/node_modules/.vite/deps/react-router-dom.js?v=714a31e7:3585:25)
    at main
    at div
    at AppLayout (http://localhost:3000/src/router/AppLayout.tsx:25:24)
    at RenderedRoute (http://localhost:3000/node_modules/.vite/deps/react-router-dom.js?v=714a31e7:3235:8)
    at RenderErrorBoundary (http://localhost:3000/node_modules/.vite/deps/react-router-dom.js?v=714a31e7:3202:3)
    at DataRoutes (http://localhost:3000/node_modules/.vite/deps/react-router-dom.js?v=714a31e7:4278:8)
    at Router (http://localhost:3000/node_modules/.vite/deps/react-router-dom.js?v=714a31e7:3605:18)
    at RouterProvider (http://localhost:3000/node_modules/.vite/deps/react-router-dom.js?v=714a31e7:4111:8)
    at AppInner (http://localhost:3000/src/App.tsx:26:30)
    at QueryClientProvider (http://localhost:3000/node_modules/.vite/deps/@tanstack_react-query.js?v=714a31e7:2553:30)
    at App @ http://localhost:3000/@vite/client:524
[     479ms] [ERROR] Warning: React.jsx: type is invalid -- expected a string (for built-in components) or a class/function (for composite components) but got: %s.%s%s undefined  You likely forgot to export your component from the file it's defined in, or you might have mixed up default and named imports.

Check your code at IncidentTimelinePanel.tsx:125. 
    at IncidentTimelinePanel (http://localhost:3000/src/pages/incidents/components/IncidentTimelinePanel.tsx:53:41)
    at section
    at TabContentBase (http://localhost:3000/node_modules/.vite/deps/@patternfly_react-core.js?v=714a31e7:21905:8)
    at SSRSafeIds (http://localhost:3000/node_modules/.vite/deps/@patternfly_react-core.js?v=714a31e7:3589:21)
    at Tabs (http://localhost:3000/node_modules/.vite/deps/@patternfly_react-core.js?v=714a31e7:22073:3)
    at HaTabs (http://localhost:3000/src/components/ha-tabs/HaTabs.tsx:19:26)
    at div
    at IncidentDetailPage (http://localhost:3000/src/pages/incidents/IncidentDetailPage.tsx:38:17)
    at AuthGuard (http://localhost:3000/src/router/AuthGuard.tsx:22:29)
    at RenderedRoute (http://localhost:3000/node_modules/.vite/deps/react-router-dom.js?v=714a31e7:3235:8)
    at Outlet (http://localhost:3000/node_modules/.vite/deps/react-router-dom.js?v=714a31e7:3585:25)
    at main
    at div
    at AppLayout (http://localhost:3000/src/router/AppLayout.tsx:25:24)
    at RenderedRoute (http://localhost:3000/node_modules/.vite/deps/react-router-dom.js?v=714a31e7:3235:8)
    at RenderErrorBoundary (http://localhost:3000/node_modules/.vite/deps/react-router-dom.js?v=714a31e7:3202:3)
    at DataRoutes (http://localhost:3000/node_modules/.vite/deps/react-router-dom.js?v=714a31e7:4278:8)
    at Router (http://localhost:3000/node_modules/.vite/deps/react-router-dom.js?v=714a31e7:3605:18)
    at RouterProvider (http://localhost:3000/node_modules/.vite/deps/react-router-dom.js?v=714a31e7:4111:8)
    at AppInner (http://localhost:3000/src/App.tsx:26:30)
    at QueryClientProvider (http://localhost:3000/node_modules/.vite/deps/@tanstack_react-query.js?v=714a31e7:2553:30)
    at App @ http://localhost:3000/@vite/client:524
[     479ms] [ERROR] Warning: React.jsx: type is invalid -- expected a string (for built-in components) or a class/function (for composite components) but got: %s.%s%s undefined  You likely forgot to export your component from the file it's defined in, or you might have mixed up default and named imports.

Check your code at IncidentTimelinePanel.tsx:125. 
    at IncidentTimelinePanel (http://localhost:3000/src/pages/incidents/components/IncidentTimelinePanel.tsx:53:41)
    at section
    at TabContentBase (http://localhost:3000/node_modules/.vite/deps/@patternfly_react-core.js?v=714a31e7:21905:8)
    at SSRSafeIds (http://localhost:3000/node_modules/.vite/deps/@patternfly_react-core.js?v=714a31e7:3589:21)
    at Tabs (http://localhost:3000/node_modules/.vite/deps/@patternfly_react-core.js?v=714a31e7:22073:3)
    at HaTabs (http://localhost:3000/src/components/ha-tabs/HaTabs.tsx:19:26)
    at div
    at IncidentDetailPage (http://localhost:3000/src/pages/incidents/IncidentDetailPage.tsx:38:17)
    at AuthGuard (http://localhost:3000/src/router/AuthGuard.tsx:22:29)
    at RenderedRoute (http://localhost:3000/node_modules/.vite/deps/react-router-dom.js?v=714a31e7:3235:8)
    at Outlet (http://localhost:3000/node_modules/.vite/deps/react-router-dom.js?v=714a31e7:3585:25)
    at main
    at div
    at AppLayout (http://localhost:3000/src/router/AppLayout.tsx:25:24)
    at RenderedRoute (http://localhost:3000/node_modules/.vite/deps/react-router-dom.js?v=714a31e7:3235:8)
    at RenderErrorBoundary (http://localhost:3000/node_modules/.vite/deps/react-router-dom.js?v=714a31e7:3202:3)
    at DataRoutes (http://localhost:3000/node_modules/.vite/deps/react-router-dom.js?v=714a31e7:4278:8)
    at Router (http://localhost:3000/node_modules/.vite/deps/react-router-dom.js?v=714a31e7:3605:18)
    at RouterProvider (http://localhost:3000/node_modules/.vite/deps/react-router-dom.js?v=714a31e7:4111:8)
    at AppInner (http://localhost:3000/src/App.tsx:26:30)
    at QueryClientProvider (http://localhost:3000/node_modules/.vite/deps/@tanstack_react-query.js?v=714a31e7:2553:30)
    at App @ http://localhost:3000/@vite/client:524
[     479ms] [ERROR] Warning: React.jsx: type is invalid -- expected a string (for built-in components) or a class/function (for composite components) but got: %s.%s%s undefined  You likely forgot to export your component from the file it's defined in, or you might have mixed up default and named imports.

Check your code at IncidentTimelinePanel.tsx:125. 
    at IncidentTimelinePanel (http://localhost:3000/src/pages/incidents/components/IncidentTimelinePanel.tsx:53:41)
    at section
    at TabContentBase (http://localhost:3000/node_modules/.vite/deps/@patternfly_react-core.js?v=714a31e7:21905:8)
    at SSRSafeIds (http://localhost:3000/node_modules/.vite/deps/@patternfly_react-core.js?v=714a31e7:3589:21)
    at Tabs (http://localhost:3000/node_modules/.vite/deps/@patternfly_react-core.js?v=714a31e7:22073:3)
    at HaTabs (http://localhost:3000/src/components/ha-tabs/HaTabs.tsx:19:26)
    at div
    at IncidentDetailPage (http://localhost:3000/src/pages/incidents/IncidentDetailPage.tsx:38:17)
    at AuthGuard (http://localhost:3000/src/router/AuthGuard.tsx:22:29)
    at RenderedRoute (http://localhost:3000/node_modules/.vite/deps/react-router-dom.js?v=714a31e7:3235:8)
    at Outlet (http://localhost:3000/node_modules/.vite/deps/react-router-dom.js?v=714a31e7:3585:25)
    at main
    at div
    at AppLayout (http://localhost:3000/src/router/AppLayout.tsx:25:24)
    at RenderedRoute (http://localhost:3000/node_modules/.vite/deps/react-router-dom.js?v=714a31e7:3235:8)
    at RenderErrorBoundary (http://localhost:3000/node_modules/.vite/deps/react-router-dom.js?v=714a31e7:3202:3)
    at DataRoutes (http://localhost:3000/node_modules/.vite/deps/react-router-dom.js?v=714a31e7:4278:8)
    at Router (http://localhost:3000/node_modules/.vite/deps/react-router-dom.js?v=714a31e7:3605:18)
    at RouterProvider (http://localhost:3000/node_modules/.vite/deps/react-router-dom.js?v=714a31e7:4111:8)
    at AppInner (http://localhost:3000/src/App.tsx:26:30)
    at QueryClientProvider (http://localhost:3000/node_modules/.vite/deps/@tanstack_react-query.js?v=714a31e7:2553:30)
    at App @ http://localhost:3000/@vite/client:524
[     479ms] [ERROR] Warning: React.jsx: type is invalid -- expected a string (for built-in components) or a class/function (for composite components) but got: %s.%s%s undefined  You likely forgot to export your component from the file it's defined in, or you might have mixed up default and named imports.

Check your code at IncidentTimelinePanel.tsx:125. 
    at IncidentTimelinePanel (http://localhost:3000/src/pages/incidents/components/IncidentTimelinePanel.tsx:53:41)
    at section
    at TabContentBase (http://localhost:3000/node_modules/.vite/deps/@patternfly_react-core.js?v=714a31e7:21905:8)
    at SSRSafeIds (http://localhost:3000/node_modules/.vite/deps/@patternfly_react-core.js?v=714a31e7:3589:21)
    at Tabs (http://localhost:3000/node_modules/.vite/deps/@patternfly_react-core.js?v=714a31e7:22073:3)
    at HaTabs (http://localhost:3000/src/components/ha-tabs/HaTabs.tsx:19:26)
    at div
    at IncidentDetailPage (http://localhost:3000/src/pages/incidents/IncidentDetailPage.tsx:38:17)
    at AuthGuard (http://localhost:3000/src/router/AuthGuard.tsx:22:29)
    at RenderedRoute (http://localhost:3000/node_modules/.vite/deps/react-router-dom.js?v=714a31e7:3235:8)
    at Outlet (http://localhost:3000/node_modules/.vite/deps/react-router-dom.js?v=714a31e7:3585:25)
    at main
    at div
    at AppLayout (http://localhost:3000/src/router/AppLayout.tsx:25:24)
    at RenderedRoute (http://localhost:3000/node_modules/.vite/deps/react-router-dom.js?v=714a31e7:3235:8)
    at RenderErrorBoundary (http://localhost:3000/node_modules/.vite/deps/react-router-dom.js?v=714a31e7:3202:3)
    at DataRoutes (http://localhost:3000/node_modules/.vite/deps/react-router-dom.js?v=714a31e7:4278:8)
    at Router (http://localhost:3000/node_modules/.vite/deps/react-router-dom.js?v=714a31e7:3605:18)
    at RouterProvider (http://localhost:3000/node_modules/.vite/deps/react-router-dom.js?v=714a31e7:4111:8)
    at AppInner (http://localhost:3000/src/App.tsx:26:30)
    at QueryClientProvider (http://localhost:3000/node_modules/.vite/deps/@tanstack_react-query.js?v=714a31e7:2553:30)
    at App @ http://localhost:3000/@vite/client:524
[     479ms] [ERROR] Warning: React.jsx: type is invalid -- expected a string (for built-in components) or a class/function (for composite components) but got: %s.%s%s undefined  You likely forgot to export your component from the file it's defined in, or you might have mixed up default and named imports.

Check your code at IncidentTimelinePanel.tsx:125. 
    at IncidentTimelinePanel (http://localhost:3000/src/pages/incidents/components/IncidentTimelinePanel.tsx:53:41)
    at section
    at TabContentBase (http://localhost:3000/node_modules/.vite/deps/@patternfly_react-core.js?v=714a31e7:21905:8)
    at SSRSafeIds (http://localhost:3000/node_modules/.vite/deps/@patternfly_react-core.js?v=714a31e7:3589:21)
    at Tabs (http://localhost:3000/node_modules/.vite/deps/@patternfly_react-core.js?v=714a31e7:22073:3)
    at HaTabs (http://localhost:3000/src/components/ha-tabs/HaTabs.tsx:19:26)
    at div
    at IncidentDetailPage (http://localhost:3000/src/pages/incidents/IncidentDetailPage.tsx:38:17)
    at AuthGuard (http://localhost:3000/src/router/AuthGuard.tsx:22:29)
    at RenderedRoute (http://localhost:3000/node_modules/.vite/deps/react-router-dom.js?v=714a31e7:3235:8)
    at Outlet (http://localhost:3000/node_modules/.vite/deps/react-router-dom.js?v=714a31e7:3585:25)
    at main
    at div
    at AppLayout (http://localhost:3000/src/router/AppLayout.tsx:25:24)
    at RenderedRoute (http://localhost:3000/node_modules/.vite/deps/react-router-dom.js?v=714a31e7:3235:8)
    at RenderErrorBoundary (http://localhost:3000/node_modules/.vite/deps/react-router-dom.js?v=714a31e7:3202:3)
    at DataRoutes (http://localhost:3000/node_modules/.vite/deps/react-router-dom.js?v=714a31e7:4278:8)
    at Router (http://localhost:3000/node_modules/.vite/deps/react-router-dom.js?v=714a31e7:3605:18)
    at RouterProvider (http://localhost:3000/node_modules/.vite/deps/react-router-dom.js?v=714a31e7:4111:8)
    at AppInner (http://localhost:3000/src/App.tsx:26:30)
    at QueryClientProvider (http://localhost:3000/node_modules/.vite/deps/@tanstack_react-query.js?v=714a31e7:2553:30)
    at App @ http://localhost:3000/@vite/client:524
[     479ms] [ERROR] Warning: React.jsx: type is invalid -- expected a string (for built-in components) or a class/function (for composite components) but got: %s.%s%s undefined  You likely forgot to export your component from the file it's defined in, or you might have mixed up default and named imports.

Check your code at IncidentTimelinePanel.tsx:125. 
    at IncidentTimelinePanel (http://localhost:3000/src/pages/incidents/components/IncidentTimelinePanel.tsx:53:41)
    at section
    at TabContentBase (http://localhost:3000/node_modules/.vite/deps/@patternfly_react-core.js?v=714a31e7:21905:8)
    at SSRSafeIds (http://localhost:3000/node_modules/.vite/deps/@patternfly_react-core.js?v=714a31e7:3589:21)
    at Tabs (http://localhost:3000/node_modules/.vite/deps/@patternfly_react-core.js?v=714a31e7:22073:3)
    at HaTabs (http://localhost:3000/src/components/ha-tabs/HaTabs.tsx:19:26)
    at div
    at IncidentDetailPage (http://localhost:3000/src/pages/incidents/IncidentDetailPage.tsx:38:17)
    at AuthGuard (http://localhost:3000/src/router/AuthGuard.tsx:22:29)
    at RenderedRoute (http://localhost:3000/node_modules/.vite/deps/react-router-dom.js?v=714a31e7:3235:8)
    at Outlet (http://localhost:3000/node_modules/.vite/deps/react-router-dom.js?v=714a31e7:3585:25)
    at main
    at div
    at AppLayout (http://localhost:3000/src/router/AppLayout.tsx:25:24)
    at RenderedRoute (http://localhost:3000/node_modules/.vite/deps/react-router-dom.js?v=714a31e7:3235:8)
    at RenderErrorBoundary (http://localhost:3000/node_modules/.vite/deps/react-router-dom.js?v=714a31e7:3202:3)
    at DataRoutes (http://localhost:3000/node_modules/.vite/deps/react-router-dom.js?v=714a31e7:4278:8)
    at Router (http://localhost:3000/node_modules/.vite/deps/react-router-dom.js?v=714a31e7:3605:18)
    at RouterProvider (http://localhost:3000/node_modules/.vite/deps/react-router-dom.js?v=714a31e7:4111:8)
    at AppInner (http://localhost:3000/src/App.tsx:26:30)
    at QueryClientProvider (http://localhost:3000/node_modules/.vite/deps/@tanstack_react-query.js?v=714a31e7:2553:30)
    at App @ http://localhost:3000/@vite/client:524
[     480ms] [ERROR] Warning: React.jsx: type is invalid -- expected a string (for built-in components) or a class/function (for composite components) but got: %s.%s%s undefined  You likely forgot to export your component from the file it's defined in, or you might have mixed up default and named imports.

Check your code at IncidentTimelinePanel.tsx:125. 
    at IncidentTimelinePanel (http://localhost:3000/src/pages/incidents/components/IncidentTimelinePanel.tsx:53:41)
    at section
    at TabContentBase (http://localhost:3000/node_modules/.vite/deps/@patternfly_react-core.js?v=714a31e7:21905:8)
    at SSRSafeIds (http://localhost:3000/node_modules/.vite/deps/@patternfly_react-core.js?v=714a31e7:3589:21)
    at Tabs (http://localhost:3000/node_modules/.vite/deps/@patternfly_react-core.js?v=714a31e7:22073:3)
    at HaTabs (http://localhost:3000/src/components/ha-tabs/HaTabs.tsx:19:26)
    at div
    at IncidentDetailPage (http://localhost:3000/src/pages/incidents/IncidentDetailPage.tsx:38:17)
    at AuthGuard (http://localhost:3000/src/router/AuthGuard.tsx:22:29)
    at RenderedRoute (http://localhost:3000/node_modules/.vite/deps/react-router-dom.js?v=714a31e7:3235:8)
    at Outlet (http://localhost:3000/node_modules/.vite/deps/react-router-dom.js?v=714a31e7:3585:25)
    at main
    at div
    at AppLayout (http://localhost:3000/src/router/AppLayout.tsx:25:24)
    at RenderedRoute (http://localhost:3000/node_modules/.vite/deps/react-router-dom.js?v=714a31e7:3235:8)
    at RenderErrorBoundary (http://localhost:3000/node_modules/.vite/deps/react-router-dom.js?v=714a31e7:3202:3)
    at DataRoutes (http://localhost:3000/node_modules/.vite/deps/react-router-dom.js?v=714a31e7:4278:8)
    at Router (http://localhost:3000/node_modules/.vite/deps/react-router-dom.js?v=714a31e7:3605:18)
    at RouterProvider (http://localhost:3000/node_modules/.vite/deps/react-router-dom.js?v=714a31e7:4111:8)
    at AppInner (http://localhost:3000/src/App.tsx:26:30)
    at QueryClientProvider (http://localhost:3000/node_modules/.vite/deps/@tanstack_react-query.js?v=714a31e7:2553:30)
    at App @ http://localhost:3000/@vite/client:524
[     480ms] [ERROR] Warning: React.jsx: type is invalid -- expected a string (for built-in components) or a class/function (for composite components) but got: %s.%s%s undefined  You likely forgot to export your component from the file it's defined in, or you might have mixed up default and named imports.

Check your code at IncidentTimelinePanel.tsx:125. 
    at IncidentTimelinePanel (http://localhost:3000/src/pages/incidents/components/IncidentTimelinePanel.tsx:53:41)
    at section
    at TabContentBase (http://localhost:3000/node_modules/.vite/deps/@patternfly_react-core.js?v=714a31e7:21905:8)
    at SSRSafeIds (http://localhost:3000/node_modules/.vite/deps/@patternfly_react-core.js?v=714a31e7:3589:21)
    at Tabs (http://localhost:3000/node_modules/.vite/deps/@patternfly_react-core.js?v=714a31e7:22073:3)
    at HaTabs (http://localhost:3000/src/components/ha-tabs/HaTabs.tsx:19:26)
    at div
    at IncidentDetailPage (http://localhost:3000/src/pages/incidents/IncidentDetailPage.tsx:38:17)
    at AuthGuard (http://localhost:3000/src/router/AuthGuard.tsx:22:29)
    at RenderedRoute (http://localhost:3000/node_modules/.vite/deps/react-router-dom.js?v=714a31e7:3235:8)
    at Outlet (http://localhost:3000/node_modules/.vite/deps/react-router-dom.js?v=714a31e7:3585:25)
    at main
    at div
    at AppLayout (http://localhost:3000/src/router/AppLayout.tsx:25:24)
    at RenderedRoute (http://localhost:3000/node_modules/.vite/deps/react-router-dom.js?v=714a31e7:3235:8)
    at RenderErrorBoundary (http://localhost:3000/node_modules/.vite/deps/react-router-dom.js?v=714a31e7:3202:3)
    at DataRoutes (http://localhost:3000/node_modules/.vite/deps/react-router-dom.js?v=714a31e7:4278:8)
    at Router (http://localhost:3000/node_modules/.vite/deps/react-router-dom.js?v=714a31e7:3605:18)
    at RouterProvider (http://localhost:3000/node_modules/.vite/deps/react-router-dom.js?v=714a31e7:4111:8)
    at AppInner (http://localhost:3000/src/App.tsx:26:30)
    at QueryClientProvider (http://localhost:3000/node_modules/.vite/deps/@tanstack_react-query.js?v=714a31e7:2553:30)
    at App @ http://localhost:3000/@vite/client:524
[     480ms] [ERROR] Warning: React.jsx: type is invalid -- expected a string (for built-in components) or a class/function (for composite components) but got: %s.%s%s undefined  You likely forgot to export your component from the file it's defined in, or you might have mixed up default and named imports.

Check your code at IncidentTimelinePanel.tsx:125. 
    at IncidentTimelinePanel (http://localhost:3000/src/pages/incidents/components/IncidentTimelinePanel.tsx:53:41)
    at section
    at TabContentBase (http://localhost:3000/node_modules/.vite/deps/@patternfly_react-core.js?v=714a31e7:21905:8)
    at SSRSafeIds (http://localhost:3000/node_modules/.vite/deps/@patternfly_react-core.js?v=714a31e7:3589:21)
    at Tabs (http://localhost:3000/node_modules/.vite/deps/@patternfly_react-core.js?v=714a31e7:22073:3)
    at HaTabs (http://localhost:3000/src/components/ha-tabs/HaTabs.tsx:19:26)
    at div
    at IncidentDetailPage (http://localhost:3000/src/pages/incidents/IncidentDetailPage.tsx:38:17)
    at AuthGuard (http://localhost:3000/src/router/AuthGuard.tsx:22:29)
    at RenderedRoute (http://localhost:3000/node_modules/.vite/deps/react-router-dom.js?v=714a31e7:3235:8)
    at Outlet (http://localhost:3000/node_modules/.vite/deps/react-router-dom.js?v=714a31e7:3585:25)
    at main
    at div
    at AppLayout (http://localhost:3000/src/router/AppLayout.tsx:25:24)
    at RenderedRoute (http://localhost:3000/node_modules/.vite/deps/react-router-dom.js?v=714a31e7:3235:8)
    at RenderErrorBoundary (http://localhost:3000/node_modules/.vite/deps/react-router-dom.js?v=714a31e7:3202:3)
    at DataRoutes (http://localhost:3000/node_modules/.vite/deps/react-router-dom.js?v=714a31e7:4278:8)
    at Router (http://localhost:3000/node_modules/.vite/deps/react-router-dom.js?v=714a31e7:3605:18)
    at RouterProvider (http://localhost:3000/node_modules/.vite/deps/react-router-dom.js?v=714a31e7:4111:8)
    at AppInner (http://localhost:3000/src/App.tsx:26:30)
    at QueryClientProvider (http://localhost:3000/node_modules/.vite/deps/@tanstack_react-query.js?v=714a31e7:2553:30)
    at App @ http://localhost:3000/@vite/client:524
[     480ms] [ERROR] Warning: React.jsx: type is invalid -- expected a string (for built-in components) or a class/function (for composite components) but got: %s.%s%s undefined  You likely forgot to export your component from the file it's defined in, or you might have mixed up default and named imports.

Check your code at IncidentTimelinePanel.tsx:125. 
    at IncidentTimelinePanel (http://localhost:3000/src/pages/incidents/components/IncidentTimelinePanel.tsx:53:41)
    at section
    at TabContentBase (http://localhost:3000/node_modules/.vite/deps/@patternfly_react-core.js?v=714a31e7:21905:8)
    at SSRSafeIds (http://localhost:3000/node_modules/.vite/deps/@patternfly_react-core.js?v=714a31e7:3589:21)
    at Tabs (http://localhost:3000/node_modules/.vite/deps/@patternfly_react-core.js?v=714a31e7:22073:3)
    at HaTabs (http://localhost:3000/src/components/ha-tabs/HaTabs.tsx:19:26)
    at div
    at IncidentDetailPage (http://localhost:3000/src/pages/incidents/IncidentDetailPage.tsx:38:17)
    at AuthGuard (http://localhost:3000/src/router/AuthGuard.tsx:22:29)
    at RenderedRoute (http://localhost:3000/node_modules/.vite/deps/react-router-dom.js?v=714a31e7:3235:8)
    at Outlet (http://localhost:3000/node_modules/.vite/deps/react-router-dom.js?v=714a31e7:3585:25)
    at main
    at div
    at AppLayout (http://localhost:3000/src/router/AppLayout.tsx:25:24)
    at RenderedRoute (http://localhost:3000/node_modules/.vite/deps/react-router-dom.js?v=714a31e7:3235:8)
    at RenderErrorBoundary (http://localhost:3000/node_modules/.vite/deps/react-router-dom.js?v=714a31e7:3202:3)
    at DataRoutes (http://localhost:3000/node_modules/.vite/deps/react-router-dom.js?v=714a31e7:4278:8)
    at Router (http://localhost:3000/node_modules/.vite/deps/react-router-dom.js?v=714a31e7:3605:18)
    at RouterProvider (http://localhost:3000/node_modules/.vite/deps/react-router-dom.js?v=714a31e7:4111:8)
    at AppInner (http://localhost:3000/src/App.tsx:26:30)
    at QueryClientProvider (http://localhost:3000/node_modules/.vite/deps/@tanstack_react-query.js?v=714a31e7:2553:30)
    at App @ http://localhost:3000/@vite/client:524
[     480ms] [ERROR] Warning: React.jsx: type is invalid -- expected a string (for built-in components) or a class/function (for composite components) but got: %s.%s%s undefined  You likely forgot to export your component from the file it's defined in, or you might have mixed up default and named imports.

Check your code at IncidentTimelinePanel.tsx:125. 
    at IncidentTimelinePanel (http://localhost:3000/src/pages/incidents/components/IncidentTimelinePanel.tsx:53:41)
    at section
    at TabContentBase (http://localhost:3000/node_modules/.vite/deps/@patternfly_react-core.js?v=714a31e7:21905:8)
    at SSRSafeIds (http://localhost:3000/node_modules/.vite/deps/@patternfly_react-core.js?v=714a31e7:3589:21)
    at Tabs (http://localhost:3000/node_modules/.vite/deps/@patternfly_react-core.js?v=714a31e7:22073:3)
    at HaTabs (http://localhost:3000/src/components/ha-tabs/HaTabs.tsx:19:26)
    at div
    at IncidentDetailPage (http://localhost:3000/src/pages/incidents/IncidentDetailPage.tsx:38:17)
    at AuthGuard (http://localhost:3000/src/router/AuthGuard.tsx:22:29)
    at RenderedRoute (http://localhost:3000/node_modules/.vite/deps/react-router-dom.js?v=714a31e7:3235:8)
    at Outlet (http://localhost:3000/node_modules/.vite/deps/react-router-dom.js?v=714a31e7:3585:25)
    at main
    at div
    at AppLayout (http://localhost:3000/src/router/AppLayout.tsx:25:24)
    at RenderedRoute (http://localhost:3000/node_modules/.vite/deps/react-router-dom.js?v=714a31e7:3235:8)
    at RenderErrorBoundary (http://localhost:3000/node_modules/.vite/deps/react-router-dom.js?v=714a31e7:3202:3)
    at DataRoutes (http://localhost:3000/node_modules/.vite/deps/react-router-dom.js?v=714a31e7:4278:8)
    at Router (http://localhost:3000/node_modules/.vite/deps/react-router-dom.js?v=714a31e7:3605:18)
    at RouterProvider (http://localhost:3000/node_modules/.vite/deps/react-router-dom.js?v=714a31e7:4111:8)
    at AppInner (http://localhost:3000/src/App.tsx:26:30)
    at QueryClientProvider (http://localhost:3000/node_modules/.vite/deps/@tanstack_react-query.js?v=714a31e7:2553:30)
    at App @ http://localhost:3000/@vite/client:524
[     480ms] [ERROR] Warning: React.jsx: type is invalid -- expected a string (for built-in components) or a class/function (for composite components) but got: %s.%s%s undefined  You likely forgot to export your component from the file it's defined in, or you might have mixed up default and named imports.

Check your code at IncidentTimelinePanel.tsx:125. 
    at IncidentTimelinePanel (http://localhost:3000/src/pages/incidents/components/IncidentTimelinePanel.tsx:53:41)
    at section
    at TabContentBase (http://localhost:3000/node_modules/.vite/deps/@patternfly_react-core.js?v=714a31e7:21905:8)
    at SSRSafeIds (http://localhost:3000/node_modules/.vite/deps/@patternfly_react-core.js?v=714a31e7:3589:21)
    at Tabs (http://localhost:3000/node_modules/.vite/deps/@patternfly_react-core.js?v=714a31e7:22073:3)
    at HaTabs (http://localhost:3000/src/components/ha-tabs/HaTabs.tsx:19:26)
    at div
    at IncidentDetailPage (http://localhost:3000/src/pages/incidents/IncidentDetailPage.tsx:38:17)
    at AuthGuard (http://localhost:3000/src/router/AuthGuard.tsx:22:29)
    at RenderedRoute (http://localhost:3000/node_modules/.vite/deps/react-router-dom.js?v=714a31e7:3235:8)
    at Outlet (http://localhost:3000/node_modules/.vite/deps/react-router-dom.js?v=714a31e7:3585:25)
    at main
    at div
    at AppLayout (http://localhost:3000/src/router/AppLayout.tsx:25:24)
    at RenderedRoute (http://localhost:3000/node_modules/.vite/deps/react-router-dom.js?v=714a31e7:3235:8)
    at RenderErrorBoundary (http://localhost:3000/node_modules/.vite/deps/react-router-dom.js?v=714a31e7:3202:3)
    at DataRoutes (http://localhost:3000/node_modules/.vite/deps/react-router-dom.js?v=714a31e7:4278:8)
    at Router (http://localhost:3000/node_modules/.vite/deps/react-router-dom.js?v=714a31e7:3605:18)
    at RouterProvider (http://localhost:3000/node_modules/.vite/deps/react-router-dom.js?v=714a31e7:4111:8)
    at AppInner (http://localhost:3000/src/App.tsx:26:30)
    at QueryClientProvider (http://localhost:3000/node_modules/.vite/deps/@tanstack_react-query.js?v=714a31e7:2553:30)
    at App @ http://localhost:3000/@vite/client:524
[     480ms] [ERROR] Warning: React.jsx: type is invalid -- expected a string (for built-in components) or a class/function (for composite components) but got: %s.%s%s undefined  You likely forgot to export your component from the file it's defined in, or you might have mixed up default and named imports.

Check your code at IncidentTimelinePanel.tsx:125. 
    at IncidentTimelinePanel (http://localhost:3000/src/pages/incidents/components/IncidentTimelinePanel.tsx:53:41)
    at section
    at TabContentBase (http://localhost:3000/node_modules/.vite/deps/@patternfly_react-core.js?v=714a31e7:21905:8)
    at SSRSafeIds (http://localhost:3000/node_modules/.vite/deps/@patternfly_react-core.js?v=714a31e7:3589:21)
    at Tabs (http://localhost:3000/node_modules/.vite/deps/@patternfly_react-core.js?v=714a31e7:22073:3)
    at HaTabs (http://localhost:3000/src/components/ha-tabs/HaTabs.tsx:19:26)
    at div
    at IncidentDetailPage (http://localhost:3000/src/pages/incidents/IncidentDetailPage.tsx:38:17)
    at AuthGuard (http://localhost:3000/src/router/AuthGuard.tsx:22:29)
    at RenderedRoute (http://localhost:3000/node_modules/.vite/deps/react-router-dom.js?v=714a31e7:3235:8)
    at Outlet (http://localhost:3000/node_modules/.vite/deps/react-router-dom.js?v=714a31e7:3585:25)
    at main
    at div
    at AppLayout (http://localhost:3000/src/router/AppLayout.tsx:25:24)
    at RenderedRoute (http://localhost:3000/node_modules/.vite/deps/react-router-dom.js?v=714a31e7:3235:8)
    at RenderErrorBoundary (http://localhost:3000/node_modules/.vite/deps/react-router-dom.js?v=714a31e7:3202:3)
    at DataRoutes (http://localhost:3000/node_modules/.vite/deps/react-router-dom.js?v=714a31e7:4278:8)
    at Router (http://localhost:3000/node_modules/.vite/deps/react-router-dom.js?v=714a31e7:3605:18)
    at RouterProvider (http://localhost:3000/node_modules/.vite/deps/react-router-dom.js?v=714a31e7:4111:8)
    at AppInner (http://localhost:3000/src/App.tsx:26:30)
    at QueryClientProvider (http://localhost:3000/node_modules/.vite/deps/@tanstack_react-query.js?v=714a31e7:2553:30)
    at App @ http://localhost:3000/@vite/client:524
[     480ms] [ERROR] Warning: React.jsx: type is invalid -- expected a string (for built-in components) or a class/function (for composite components) but got: %s.%s%s undefined  You likely forgot to export your component from the file it's defined in, or you might have mixed up default and named imports.

Check your code at IncidentTimelinePanel.tsx:125. 
    at IncidentTimelinePanel (http://localhost:3000/src/pages/incidents/components/IncidentTimelinePanel.tsx:53:41)
    at section
    at TabContentBase (http://localhost:3000/node_modules/.vite/deps/@patternfly_react-core.js?v=714a31e7:21905:8)
    at SSRSafeIds (http://localhost:3000/node_modules/.vite/deps/@patternfly_react-core.js?v=714a31e7:3589:21)
    at Tabs (http://localhost:3000/node_modules/.vite/deps/@patternfly_react-core.js?v=714a31e7:22073:3)
    at HaTabs (http://localhost:3000/src/components/ha-tabs/HaTabs.tsx:19:26)
    at div
    at IncidentDetailPage (http://localhost:3000/src/pages/incidents/IncidentDetailPage.tsx:38:17)
    at AuthGuard (http://localhost:3000/src/router/AuthGuard.tsx:22:29)
    at RenderedRoute (http://localhost:3000/node_modules/.vite/deps/react-router-dom.js?v=714a31e7:3235:8)
    at Outlet (http://localhost:3000/node_modules/.vite/deps/react-router-dom.js?v=714a31e7:3585:25)
    at main
    at div
    at AppLayout (http://localhost:3000/src/router/AppLayout.tsx:25:24)
    at RenderedRoute (http://localhost:3000/node_modules/.vite/deps/react-router-dom.js?v=714a31e7:3235:8)
    at RenderErrorBoundary (http://localhost:3000/node_modules/.vite/deps/react-router-dom.js?v=714a31e7:3202:3)
    at DataRoutes (http://localhost:3000/node_modules/.vite/deps/react-router-dom.js?v=714a31e7:4278:8)
    at Router (http://localhost:3000/node_modules/.vite/deps/react-router-dom.js?v=714a31e7:3605:18)
    at RouterProvider (http://localhost:3000/node_modules/.vite/deps/react-router-dom.js?v=714a31e7:4111:8)
    at AppInner (http://localhost:3000/src/App.tsx:26:30)
    at QueryClientProvider (http://localhost:3000/node_modules/.vite/deps/@tanstack_react-query.js?v=714a31e7:2553:30)
    at App @ http://localhost:3000/@vite/client:524
[     480ms] [ERROR] Warning: React.jsx: type is invalid -- expected a string (for built-in components) or a class/function (for composite components) but got: %s.%s%s undefined  You likely forgot to export your component from the file it's defined in, or you might have mixed up default and named imports.

Check your code at IncidentTimelinePanel.tsx:125. 
    at IncidentTimelinePanel (http://localhost:3000/src/pages/incidents/components/IncidentTimelinePanel.tsx:53:41)
    at section
    at TabContentBase (http://localhost:3000/node_modules/.vite/deps/@patternfly_react-core.js?v=714a31e7:21905:8)
    at SSRSafeIds (http://localhost:3000/node_modules/.vite/deps/@patternfly_react-core.js?v=714a31e7:3589:21)
    at Tabs (http://localhost:3000/node_modules/.vite/deps/@patternfly_react-core.js?v=714a31e7:22073:3)
    at HaTabs (http://localhost:3000/src/components/ha-tabs/HaTabs.tsx:19:26)
    at div
    at IncidentDetailPage (http://localhost:3000/src/pages/incidents/IncidentDetailPage.tsx:38:17)
    at AuthGuard (http://localhost:3000/src/router/AuthGuard.tsx:22:29)
    at RenderedRoute (http://localhost:3000/node_modules/.vite/deps/react-router-dom.js?v=714a31e7:3235:8)
    at Outlet (http://localhost:3000/node_modules/.vite/deps/react-router-dom.js?v=714a31e7:3585:25)
    at main
    at div
    at AppLayout (http://localhost:3000/src/router/AppLayout.tsx:25:24)
    at RenderedRoute (http://localhost:3000/node_modules/.vite/deps/react-router-dom.js?v=714a31e7:3235:8)
    at RenderErrorBoundary (http://localhost:3000/node_modules/.vite/deps/react-router-dom.js?v=714a31e7:3202:3)
    at DataRoutes (http://localhost:3000/node_modules/.vite/deps/react-router-dom.js?v=714a31e7:4278:8)
    at Router (http://localhost:3000/node_modules/.vite/deps/react-router-dom.js?v=714a31e7:3605:18)
    at RouterProvider (http://localhost:3000/node_modules/.vite/deps/react-router-dom.js?v=714a31e7:4111:8)
    at AppInner (http://localhost:3000/src/App.tsx:26:30)
    at QueryClientProvider (http://localhost:3000/node_modules/.vite/deps/@tanstack_react-query.js?v=714a31e7:2553:30)
    at App @ http://localhost:3000/@vite/client:524
[     480ms] [ERROR] Warning: React.jsx: type is invalid -- expected a string (for built-in components) or a class/function (for composite components) but got: %s.%s%s undefined  You likely forgot to export your component from the file it's defined in, or you might have mixed up default and named imports.

Check your code at IncidentTimelinePanel.tsx:125. 
    at IncidentTimelinePanel (http://localhost:3000/src/pages/incidents/components/IncidentTimelinePanel.tsx:53:41)
    at section
    at TabContentBase (http://localhost:3000/node_modules/.vite/deps/@patternfly_react-core.js?v=714a31e7:21905:8)
    at SSRSafeIds (http://localhost:3000/node_modules/.vite/deps/@patternfly_react-core.js?v=714a31e7:3589:21)
    at Tabs (http://localhost:3000/node_modules/.vite/deps/@patternfly_react-core.js?v=714a31e7:22073:3)
    at HaTabs (http://localhost:3000/src/components/ha-tabs/HaTabs.tsx:19:26)
    at div
    at IncidentDetailPage (http://localhost:3000/src/pages/incidents/IncidentDetailPage.tsx:38:17)
    at AuthGuard (http://localhost:3000/src/router/AuthGuard.tsx:22:29)
    at RenderedRoute (http://localhost:3000/node_modules/.vite/deps/react-router-dom.js?v=714a31e7:3235:8)
    at Outlet (http://localhost:3000/node_modules/.vite/deps/react-router-dom.js?v=714a31e7:3585:25)
    at main
    at div
    at AppLayout (http://localhost:3000/src/router/AppLayout.tsx:25:24)
    at RenderedRoute (http://localhost:3000/node_modules/.vite/deps/react-router-dom.js?v=714a31e7:3235:8)
    at RenderErrorBoundary (http://localhost:3000/node_modules/.vite/deps/react-router-dom.js?v=714a31e7:3202:3)
    at DataRoutes (http://localhost:3000/node_modules/.vite/deps/react-router-dom.js?v=714a31e7:4278:8)
    at Router (http://localhost:3000/node_modules/.vite/deps/react-router-dom.js?v=714a31e7:3605:18)
    at RouterProvider (http://localhost:3000/node_modules/.vite/deps/react-router-dom.js?v=714a31e7:4111:8)
    at AppInner (http://localhost:3000/src/App.tsx:26:30)
    at QueryClientProvider (http://localhost:3000/node_modules/.vite/deps/@tanstack_react-query.js?v=714a31e7:2553:30)
    at App @ http://localhost:3000/@vite/client:524
[     480ms] [ERROR] Warning: React.jsx: type is invalid -- expected a string (for built-in components) or a class/function (for composite components) but got: %s.%s%s undefined  You likely forgot to export your component from the file it's defined in, or you might have mixed up default and named imports.

Check your code at IncidentTimelinePanel.tsx:125. 
    at IncidentTimelinePanel (http://localhost:3000/src/pages/incidents/components/IncidentTimelinePanel.tsx:53:41)
    at section
    at TabContentBase (http://localhost:3000/node_modules/.vite/deps/@patternfly_react-core.js?v=714a31e7:21905:8)
    at SSRSafeIds (http://localhost:3000/node_modules/.vite/deps/@patternfly_react-core.js?v=714a31e7:3589:21)
    at Tabs (http://localhost:3000/node_modules/.vite/deps/@patternfly_react-core.js?v=714a31e7:22073:3)
    at HaTabs (http://localhost:3000/src/components/ha-tabs/HaTabs.tsx:19:26)
    at div
    at IncidentDetailPage (http://localhost:3000/src/pages/incidents/IncidentDetailPage.tsx:38:17)
    at AuthGuard (http://localhost:3000/src/router/AuthGuard.tsx:22:29)
    at RenderedRoute (http://localhost:3000/node_modules/.vite/deps/react-router-dom.js?v=714a31e7:3235:8)
    at Outlet (http://localhost:3000/node_modules/.vite/deps/react-router-dom.js?v=714a31e7:3585:25)
    at main
    at div
    at AppLayout (http://localhost:3000/src/router/AppLayout.tsx:25:24)
    at RenderedRoute (http://localhost:3000/node_modules/.vite/deps/react-router-dom.js?v=714a31e7:3235:8)
    at RenderErrorBoundary (http://localhost:3000/node_modules/.vite/deps/react-router-dom.js?v=714a31e7:3202:3)
    at DataRoutes (http://localhost:3000/node_modules/.vite/deps/react-router-dom.js?v=714a31e7:4278:8)
    at Router (http://localhost:3000/node_modules/.vite/deps/react-router-dom.js?v=714a31e7:3605:18)
    at RouterProvider (http://localhost:3000/node_modules/.vite/deps/react-router-dom.js?v=714a31e7:4111:8)
    at AppInner (http://localhost:3000/src/App.tsx:26:30)
    at QueryClientProvider (http://localhost:3000/node_modules/.vite/deps/@tanstack_react-query.js?v=714a31e7:2553:30)
    at App @ http://localhost:3000/@vite/client:524
[     480ms] [ERROR] Warning: React.jsx: type is invalid -- expected a string (for built-in components) or a class/function (for composite components) but got: %s.%s%s undefined  You likely forgot to export your component from the file it's defined in, or you might have mixed up default and named imports.

Check your code at IncidentTimelinePanel.tsx:125. 
    at IncidentTimelinePanel (http://localhost:3000/src/pages/incidents/components/IncidentTimelinePanel.tsx:53:41)
    at section
    at TabContentBase (http://localhost:3000/node_modules/.vite/deps/@patternfly_react-core.js?v=714a31e7:21905:8)
    at SSRSafeIds (http://localhost:3000/node_modules/.vite/deps/@patternfly_react-core.js?v=714a31e7:3589:21)
    at Tabs (http://localhost:3000/node_modules/.vite/deps/@patternfly_react-core.js?v=714a31e7:22073:3)
    at HaTabs (http://localhost:3000/src/components/ha-tabs/HaTabs.tsx:19:26)
    at div
    at IncidentDetailPage (http://localhost:3000/src/pages/incidents/IncidentDetailPage.tsx:38:17)
    at AuthGuard (http://localhost:3000/src/router/AuthGuard.tsx:22:29)
    at RenderedRoute (http://localhost:3000/node_modules/.vite/deps/react-router-dom.js?v=714a31e7:3235:8)
    at Outlet (http://localhost:3000/node_modules/.vite/deps/react-router-dom.js?v=714a31e7:3585:25)
    at main
    at div
    at AppLayout (http://localhost:3000/src/router/AppLayout.tsx:25:24)
    at RenderedRoute (http://localhost:3000/node_modules/.vite/deps/react-router-dom.js?v=714a31e7:3235:8)
    at RenderErrorBoundary (http://localhost:3000/node_modules/.vite/deps/react-router-dom.js?v=714a31e7:3202:3)
    at DataRoutes (http://localhost:3000/node_modules/.vite/deps/react-router-dom.js?v=714a31e7:4278:8)
    at Router (http://localhost:3000/node_modules/.vite/deps/react-router-dom.js?v=714a31e7:3605:18)
    at RouterProvider (http://localhost:3000/node_modules/.vite/deps/react-router-dom.js?v=714a31e7:4111:8)
    at AppInner (http://localhost:3000/src/App.tsx:26:30)
    at QueryClientProvider (http://localhost:3000/node_modules/.vite/deps/@tanstack_react-query.js?v=714a31e7:2553:30)
    at App @ http://localhost:3000/@vite/client:524
[     482ms] Error: Element type is invalid: expected a string (for built-in components) or a class/function (for composite components) but got: undefined. You likely forgot to export your component from the file it's defined in, or you might have mixed up default and named imports.

Check the render method of `IncidentTimelinePanel`.
    at createFiberFromTypeAndProps (http://localhost:3000/node_modules/.vite/deps/react-dom-DZQ9hRBr.js?v=714a31e7:16466:12)
    at createFiberFromElement (http://localhost:3000/node_modules/.vite/deps/react-dom-DZQ9hRBr.js?v=714a31e7:16481:16)
    at reconcileSingleElement (http://localhost:3000/node_modules/.vite/deps/react-dom-DZQ9hRBr.js?v=714a31e7:8849:22)
    at reconcileChildFibers (http://localhost:3000/node_modules/.vite/deps/react-dom-DZQ9hRBr.js?v=714a31e7:8879:56)
    at reconcileChildren (http://localhost:3000/node_modules/.vite/deps/react-dom-DZQ9hRBr.js?v=714a31e7:11924:49)
    at updateHostComponent (http://localhost:3000/node_modules/.vite/deps/react-dom-DZQ9hRBr.js?v=714a31e7:12287:4)
    at beginWork (http://localhost:3000/node_modules/.vite/deps/react-dom-DZQ9hRBr.js?v=714a31e7:13102:32)
    at HTMLUnknownElement.callCallback (http://localhost:3000/node_modules/.vite/deps/react-dom-DZQ9hRBr.js?v=714a31e7:3142:11)
    at Object.invokeGuardedCallbackDev (http://localhost:3000/node_modules/.vite/deps/react-dom-DZQ9hRBr.js?v=714a31e7:3162:14)
    at invokeGuardedCallback (http://localhost:3000/node_modules/.vite/deps/react-dom-DZQ9hRBr.js?v=714a31e7:3201:32)
[     482ms] Error: Element type is invalid: expected a string (for built-in components) or a class/function (for composite components) but got: undefined. You likely forgot to export your component from the file it's defined in, or you might have mixed up default and named imports.

Check the render method of `IncidentTimelinePanel`.
    at createFiberFromTypeAndProps (http://localhost:3000/node_modules/.vite/deps/react-dom-DZQ9hRBr.js?v=714a31e7:16466:12)
    at createFiberFromElement (http://localhost:3000/node_modules/.vite/deps/react-dom-DZQ9hRBr.js?v=714a31e7:16481:16)
    at reconcileSingleElement (http://localhost:3000/node_modules/.vite/deps/react-dom-DZQ9hRBr.js?v=714a31e7:8849:22)
    at reconcileChildFibers (http://localhost:3000/node_modules/.vite/deps/react-dom-DZQ9hRBr.js?v=714a31e7:8879:56)
    at reconcileChildren (http://localhost:3000/node_modules/.vite/deps/react-dom-DZQ9hRBr.js?v=714a31e7:11924:49)
    at updateHostComponent (http://localhost:3000/node_modules/.vite/deps/react-dom-DZQ9hRBr.js?v=714a31e7:12287:4)
    at beginWork (http://localhost:3000/node_modules/.vite/deps/react-dom-DZQ9hRBr.js?v=714a31e7:13102:32)
    at HTMLUnknownElement.callCallback (http://localhost:3000/node_modules/.vite/deps/react-dom-DZQ9hRBr.js?v=714a31e7:3142:11)
    at Object.invokeGuardedCallbackDev (http://localhost:3000/node_modules/.vite/deps/react-dom-DZQ9hRBr.js?v=714a31e7:3162:14)
    at invokeGuardedCallback (http://localhost:3000/node_modules/.vite/deps/react-dom-DZQ9hRBr.js?v=714a31e7:3201:32)
[     482ms] Error: Element type is invalid: expected a string (for built-in components) or a class/function (for composite components) but got: undefined. You likely forgot to export your component from the file it's defined in, or you might have mixed up default and named imports.

Check the render method of `IncidentTimelinePanel`.
    at createFiberFromTypeAndProps (http://localhost:3000/node_modules/.vite/deps/react-dom-DZQ9hRBr.js?v=714a31e7:16466:12)
    at createFiberFromElement (http://localhost:3000/node_modules/.vite/deps/react-dom-DZQ9hRBr.js?v=714a31e7:16481:16)
    at reconcileSingleElement (http://localhost:3000/node_modules/.vite/deps/react-dom-DZQ9hRBr.js?v=714a31e7:8849:22)
    at reconcileChildFibers (http://localhost:3000/node_modules/.vite/deps/react-dom-DZQ9hRBr.js?v=714a31e7:8879:56)
    at reconcileChildren (http://localhost:3000/node_modules/.vite/deps/react-dom-DZQ9hRBr.js?v=714a31e7:11924:49)
    at updateHostComponent (http://localhost:3000/node_modules/.vite/deps/react-dom-DZQ9hRBr.js?v=714a31e7:12287:4)
    at beginWork (http://localhost:3000/node_modules/.vite/deps/react-dom-DZQ9hRBr.js?v=714a31e7:13102:32)
    at HTMLUnknownElement.callCallback (http://localhost:3000/node_modules/.vite/deps/react-dom-DZQ9hRBr.js?v=714a31e7:3142:11)
    at Object.invokeGuardedCallbackDev (http://localhost:3000/node_modules/.vite/deps/react-dom-DZQ9hRBr.js?v=714a31e7:3162:14)
    at invokeGuardedCallback (http://localhost:3000/node_modules/.vite/deps/react-dom-DZQ9hRBr.js?v=714a31e7:3201:32)
[     483ms] Error: Element type is invalid: expected a string (for built-in components) or a class/function (for composite components) but got: undefined. You likely forgot to export your component from the file it's defined in, or you might have mixed up default and named imports.

Check the render method of `IncidentTimelinePanel`.
    at createFiberFromTypeAndProps (http://localhost:3000/node_modules/.vite/deps/react-dom-DZQ9hRBr.js?v=714a31e7:16466:12)
    at createFiberFromElement (http://localhost:3000/node_modules/.vite/deps/react-dom-DZQ9hRBr.js?v=714a31e7:16481:16)
    at reconcileSingleElement (http://localhost:3000/node_modules/.vite/deps/react-dom-DZQ9hRBr.js?v=714a31e7:8849:22)
    at reconcileChildFibers (http://localhost:3000/node_modules/.vite/deps/react-dom-DZQ9hRBr.js?v=714a31e7:8879:56)
    at reconcileChildren (http://localhost:3000/node_modules/.vite/deps/react-dom-DZQ9hRBr.js?v=714a31e7:11924:49)
    at updateHostComponent (http://localhost:3000/node_modules/.vite/deps/react-dom-DZQ9hRBr.js?v=714a31e7:12287:4)
    at beginWork (http://localhost:3000/node_modules/.vite/deps/react-dom-DZQ9hRBr.js?v=714a31e7:13102:32)
    at HTMLUnknownElement.callCallback (http://localhost:3000/node_modules/.vite/deps/react-dom-DZQ9hRBr.js?v=714a31e7:3142:11)
    at Object.invokeGuardedCallbackDev (http://localhost:3000/node_modules/.vite/deps/react-dom-DZQ9hRBr.js?v=714a31e7:3162:14)
    at invokeGuardedCallback (http://localhost:3000/node_modules/.vite/deps/react-dom-DZQ9hRBr.js?v=714a31e7:3201:32)
[     483ms] Error: Element type is invalid: expected a string (for built-in components) or a class/function (for composite components) but got: undefined. You likely forgot to export your component from the file it's defined in, or you might have mixed up default and named imports.

Check the render method of `IncidentTimelinePanel`.
    at createFiberFromTypeAndProps (http://localhost:3000/node_modules/.vite/deps/react-dom-DZQ9hRBr.js?v=714a31e7:16466:12)
    at createFiberFromElement (http://localhost:3000/node_modules/.vite/deps/react-dom-DZQ9hRBr.js?v=714a31e7:16481:16)
    at reconcileSingleElement (http://localhost:3000/node_modules/.vite/deps/react-dom-DZQ9hRBr.js?v=714a31e7:8849:22)
    at reconcileChildFibers (http://localhost:3000/node_modules/.vite/deps/react-dom-DZQ9hRBr.js?v=714a31e7:8879:56)
    at reconcileChildren (http://localhost:3000/node_modules/.vite/deps/react-dom-DZQ9hRBr.js?v=714a31e7:11924:49)
    at updateHostComponent (http://localhost:3000/node_modules/.vite/deps/react-dom-DZQ9hRBr.js?v=714a31e7:12287:4)
    at beginWork (http://localhost:3000/node_modules/.vite/deps/react-dom-DZQ9hRBr.js?v=714a31e7:13102:32)
    at HTMLUnknownElement.callCallback (http://localhost:3000/node_modules/.vite/deps/react-dom-DZQ9hRBr.js?v=714a31e7:3142:11)
    at Object.invokeGuardedCallbackDev (http://localhost:3000/node_modules/.vite/deps/react-dom-DZQ9hRBr.js?v=714a31e7:3162:14)
    at invokeGuardedCallback (http://localhost:3000/node_modules/.vite/deps/react-dom-DZQ9hRBr.js?v=714a31e7:3201:32)
[     483ms] Error: Element type is invalid: expected a string (for built-in components) or a class/function (for composite components) but got: undefined. You likely forgot to export your component from the file it's defined in, or you might have mixed up default and named imports.

Check the render method of `IncidentTimelinePanel`.
    at createFiberFromTypeAndProps (http://localhost:3000/node_modules/.vite/deps/react-dom-DZQ9hRBr.js?v=714a31e7:16466:12)
    at createFiberFromElement (http://localhost:3000/node_modules/.vite/deps/react-dom-DZQ9hRBr.js?v=714a31e7:16481:16)
    at reconcileSingleElement (http://localhost:3000/node_modules/.vite/deps/react-dom-DZQ9hRBr.js?v=714a31e7:8849:22)
    at reconcileChildFibers (http://localhost:3000/node_modules/.vite/deps/react-dom-DZQ9hRBr.js?v=714a31e7:8879:56)
    at reconcileChildren (http://localhost:3000/node_modules/.vite/deps/react-dom-DZQ9hRBr.js?v=714a31e7:11924:49)
    at updateHostComponent (http://localhost:3000/node_modules/.vite/deps/react-dom-DZQ9hRBr.js?v=714a31e7:12287:4)
    at beginWork (http://localhost:3000/node_modules/.vite/deps/react-dom-DZQ9hRBr.js?v=714a31e7:13102:32)
    at HTMLUnknownElement.callCallback (http://localhost:3000/node_modules/.vite/deps/react-dom-DZQ9hRBr.js?v=714a31e7:3142:11)
    at Object.invokeGuardedCallbackDev (http://localhost:3000/node_modules/.vite/deps/react-dom-DZQ9hRBr.js?v=714a31e7:3162:14)
    at invokeGuardedCallback (http://localhost:3000/node_modules/.vite/deps/react-dom-DZQ9hRBr.js?v=714a31e7:3201:32)
[     483ms] Error: Element type is invalid: expected a string (for built-in components) or a class/function (for composite components) but got: undefined. You likely forgot to export your component from the file it's defined in, or you might have mixed up default and named imports.

Check the render method of `IncidentTimelinePanel`.
    at createFiberFromTypeAndProps (http://localhost:3000/node_modules/.vite/deps/react-dom-DZQ9hRBr.js?v=714a31e7:16466:12)
    at createFiberFromElement (http://localhost:3000/node_modules/.vite/deps/react-dom-DZQ9hRBr.js?v=714a31e7:16481:16)
    at reconcileSingleElement (http://localhost:3000/node_modules/.vite/deps/react-dom-DZQ9hRBr.js?v=714a31e7:8849:22)
    at reconcileChildFibers (http://localhost:3000/node_modules/.vite/deps/react-dom-DZQ9hRBr.js?v=714a31e7:8879:56)
    at reconcileChildren (http://localhost:3000/node_modules/.vite/deps/react-dom-DZQ9hRBr.js?v=714a31e7:11924:49)
    at updateHostComponent (http://localhost:3000/node_modules/.vite/deps/react-dom-DZQ9hRBr.js?v=714a31e7:12287:4)
    at beginWork (http://localhost:3000/node_modules/.vite/deps/react-dom-DZQ9hRBr.js?v=714a31e7:13102:32)
    at HTMLUnknownElement.callCallback (http://localhost:3000/node_modules/.vite/deps/react-dom-DZQ9hRBr.js?v=714a31e7:3142:11)
    at Object.invokeGuardedCallbackDev (http://localhost:3000/node_modules/.vite/deps/react-dom-DZQ9hRBr.js?v=714a31e7:3162:14)
    at invokeGuardedCallback (http://localhost:3000/node_modules/.vite/deps/react-dom-DZQ9hRBr.js?v=714a31e7:3201:32)
[     483ms] Error: Element type is invalid: expected a string (for built-in components) or a class/function (for composite components) but got: undefined. You likely forgot to export your component from the file it's defined in, or you might have mixed up default and named imports.

Check the render method of `IncidentTimelinePanel`.
    at createFiberFromTypeAndProps (http://localhost:3000/node_modules/.vite/deps/react-dom-DZQ9hRBr.js?v=714a31e7:16466:12)
    at createFiberFromElement (http://localhost:3000/node_modules/.vite/deps/react-dom-DZQ9hRBr.js?v=714a31e7:16481:16)
    at reconcileSingleElement (http://localhost:3000/node_modules/.vite/deps/react-dom-DZQ9hRBr.js?v=714a31e7:8849:22)
    at reconcileChildFibers (http://localhost:3000/node_modules/.vite/deps/react-dom-DZQ9hRBr.js?v=714a31e7:8879:56)
    at reconcileChildren (http://localhost:3000/node_modules/.vite/deps/react-dom-DZQ9hRBr.js?v=714a31e7:11924:49)
    at updateHostComponent (http://localhost:3000/node_modules/.vite/deps/react-dom-DZQ9hRBr.js?v=714a31e7:12287:4)
    at beginWork (http://localhost:3000/node_modules/.vite/deps/react-dom-DZQ9hRBr.js?v=714a31e7:13102:32)
    at HTMLUnknownElement.callCallback (http://localhost:3000/node_modules/.vite/deps/react-dom-DZQ9hRBr.js?v=714a31e7:3142:11)
    at Object.invokeGuardedCallbackDev (http://localhost:3000/node_modules/.vite/deps/react-dom-DZQ9hRBr.js?v=714a31e7:3162:14)
    at invokeGuardedCallback (http://localhost:3000/node_modules/.vite/deps/react-dom-DZQ9hRBr.js?v=714a31e7:3201:32)
[     484ms] Error: Element type is invalid: expected a string (for built-in components) or a class/function (for composite components) but got: undefined. You likely forgot to export your component from the file it's defined in, or you might have mixed up default and named imports.

Check the render method of `IncidentTimelinePanel`.
    at createFiberFromTypeAndProps (http://localhost:3000/node_modules/.vite/deps/react-dom-DZQ9hRBr.js?v=714a31e7:16466:12)
    at createFiberFromElement (http://localhost:3000/node_modules/.vite/deps/react-dom-DZQ9hRBr.js?v=714a31e7:16481:16)
    at reconcileSingleElement (http://localhost:3000/node_modules/.vite/deps/react-dom-DZQ9hRBr.js?v=714a31e7:8849:22)
    at reconcileChildFibers (http://localhost:3000/node_modules/.vite/deps/react-dom-DZQ9hRBr.js?v=714a31e7:8879:56)
    at reconcileChildren (http://localhost:3000/node_modules/.vite/deps/react-dom-DZQ9hRBr.js?v=714a31e7:11924:49)
    at updateHostComponent (http://localhost:3000/node_modules/.vite/deps/react-dom-DZQ9hRBr.js?v=714a31e7:12287:4)
    at beginWork (http://localhost:3000/node_modules/.vite/deps/react-dom-DZQ9hRBr.js?v=714a31e7:13102:32)
    at HTMLUnknownElement.callCallback (http://localhost:3000/node_modules/.vite/deps/react-dom-DZQ9hRBr.js?v=714a31e7:3142:11)
    at Object.invokeGuardedCallbackDev (http://localhost:3000/node_modules/.vite/deps/react-dom-DZQ9hRBr.js?v=714a31e7:3162:14)
    at invokeGuardedCallback (http://localhost:3000/node_modules/.vite/deps/react-dom-DZQ9hRBr.js?v=714a31e7:3201:32)
[     484ms] Error: Element type is invalid: expected a string (for built-in components) or a class/function (for composite components) but got: undefined. You likely forgot to export your component from the file it's defined in, or you might have mixed up default and named imports.

Check the render method of `IncidentTimelinePanel`.
    at createFiberFromTypeAndProps (http://localhost:3000/node_modules/.vite/deps/react-dom-DZQ9hRBr.js?v=714a31e7:16466:12)
    at createFiberFromElement (http://localhost:3000/node_modules/.vite/deps/react-dom-DZQ9hRBr.js?v=714a31e7:16481:16)
    at reconcileSingleElement (http://localhost:3000/node_modules/.vite/deps/react-dom-DZQ9hRBr.js?v=714a31e7:8849:22)
    at reconcileChildFibers (http://localhost:3000/node_modules/.vite/deps/react-dom-DZQ9hRBr.js?v=714a31e7:8879:56)
    at reconcileChildren (http://localhost:3000/node_modules/.vite/deps/react-dom-DZQ9hRBr.js?v=714a31e7:11924:49)
    at updateHostComponent (http://localhost:3000/node_modules/.vite/deps/react-dom-DZQ9hRBr.js?v=714a31e7:12287:4)
    at beginWork (http://localhost:3000/node_modules/.vite/deps/react-dom-DZQ9hRBr.js?v=714a31e7:13102:32)
    at HTMLUnknownElement.callCallback (http://localhost:3000/node_modules/.vite/deps/react-dom-DZQ9hRBr.js?v=714a31e7:3142:11)
    at Object.invokeGuardedCallbackDev (http://localhost:3000/node_modules/.vite/deps/react-dom-DZQ9hRBr.js?v=714a31e7:3162:14)
    at invokeGuardedCallback (http://localhost:3000/node_modules/.vite/deps/react-dom-DZQ9hRBr.js?v=714a31e7:3201:32)
[     484ms] Error: Element type is invalid: expected a string (for built-in components) or a class/function (for composite components) but got: undefined. You likely forgot to export your component from the file it's defined in, or you might have mixed up default and named imports.

Check the render method of `IncidentTimelinePanel`.
    at createFiberFromTypeAndProps (http://localhost:3000/node_modules/.vite/deps/react-dom-DZQ9hRBr.js?v=714a31e7:16466:12)
    at createFiberFromElement (http://localhost:3000/node_modules/.vite/deps/react-dom-DZQ9hRBr.js?v=714a31e7:16481:16)
    at reconcileSingleElement (http://localhost:3000/node_modules/.vite/deps/react-dom-DZQ9hRBr.js?v=714a31e7:8849:22)
    at reconcileChildFibers (http://localhost:3000/node_modules/.vite/deps/react-dom-DZQ9hRBr.js?v=714a31e7:8879:56)
    at reconcileChildren (http://localhost:3000/node_modules/.vite/deps/react-dom-DZQ9hRBr.js?v=714a31e7:11924:49)
    at updateHostComponent (http://localhost:3000/node_modules/.vite/deps/react-dom-DZQ9hRBr.js?v=714a31e7:12287:4)
    at beginWork (http://localhost:3000/node_modules/.vite/deps/react-dom-DZQ9hRBr.js?v=714a31e7:13102:32)
    at HTMLUnknownElement.callCallback (http://localhost:3000/node_modules/.vite/deps/react-dom-DZQ9hRBr.js?v=714a31e7:3142:11)
    at Object.invokeGuardedCallbackDev (http://localhost:3000/node_modules/.vite/deps/react-dom-DZQ9hRBr.js?v=714a31e7:3162:14)
    at invokeGuardedCallback (http://localhost:3000/node_modules/.vite/deps/react-dom-DZQ9hRBr.js?v=714a31e7:3201:32)
[     484ms] Error: Element type is invalid: expected a string (for built-in components) or a class/function (for composite components) but got: undefined. You likely forgot to export your component from the file it's defined in, or you might have mixed up default and named imports.

Check the render method of `IncidentTimelinePanel`.
    at createFiberFromTypeAndProps (http://localhost:3000/node_modules/.vite/deps/react-dom-DZQ9hRBr.js?v=714a31e7:16466:12)
    at createFiberFromElement (http://localhost:3000/node_modules/.vite/deps/react-dom-DZQ9hRBr.js?v=714a31e7:16481:16)
    at reconcileSingleElement (http://localhost:3000/node_modules/.vite/deps/react-dom-DZQ9hRBr.js?v=714a31e7:8849:22)
    at reconcileChildFibers (http://localhost:3000/node_modules/.vite/deps/react-dom-DZQ9hRBr.js?v=714a31e7:8879:56)
    at reconcileChildren (http://localhost:3000/node_modules/.vite/deps/react-dom-DZQ9hRBr.js?v=714a31e7:11924:49)
    at updateHostComponent (http://localhost:3000/node_modules/.vite/deps/react-dom-DZQ9hRBr.js?v=714a31e7:12287:4)
    at beginWork (http://localhost:3000/node_modules/.vite/deps/react-dom-DZQ9hRBr.js?v=714a31e7:13102:32)
    at HTMLUnknownElement.callCallback (http://localhost:3000/node_modules/.vite/deps/react-dom-DZQ9hRBr.js?v=714a31e7:3142:11)
    at Object.invokeGuardedCallbackDev (http://localhost:3000/node_modules/.vite/deps/react-dom-DZQ9hRBr.js?v=714a31e7:3162:14)
    at invokeGuardedCallback (http://localhost:3000/node_modules/.vite/deps/react-dom-DZQ9hRBr.js?v=714a31e7:3201:32)
[     484ms] Error: Element type is invalid: expected a string (for built-in components) or a class/function (for composite components) but got: undefined. You likely forgot to export your component from the file it's defined in, or you might have mixed up default and named imports.

Check the render method of `IncidentTimelinePanel`.
    at createFiberFromTypeAndProps (http://localhost:3000/node_modules/.vite/deps/react-dom-DZQ9hRBr.js?v=714a31e7:16466:12)
    at createFiberFromElement (http://localhost:3000/node_modules/.vite/deps/react-dom-DZQ9hRBr.js?v=714a31e7:16481:16)
    at reconcileSingleElement (http://localhost:3000/node_modules/.vite/deps/react-dom-DZQ9hRBr.js?v=714a31e7:8849:22)
    at reconcileChildFibers (http://localhost:3000/node_modules/.vite/deps/react-dom-DZQ9hRBr.js?v=714a31e7:8879:56)
    at reconcileChildren (http://localhost:3000/node_modules/.vite/deps/react-dom-DZQ9hRBr.js?v=714a31e7:11924:49)
    at updateHostComponent (http://localhost:3000/node_modules/.vite/deps/react-dom-DZQ9hRBr.js?v=714a31e7:12287:4)
    at beginWork (http://localhost:3000/node_modules/.vite/deps/react-dom-DZQ9hRBr.js?v=714a31e7:13102:32)
    at HTMLUnknownElement.callCallback (http://localhost:3000/node_modules/.vite/deps/react-dom-DZQ9hRBr.js?v=714a31e7:3142:11)
    at Object.invokeGuardedCallbackDev (http://localhost:3000/node_modules/.vite/deps/react-dom-DZQ9hRBr.js?v=714a31e7:3162:14)
    at invokeGuardedCallback (http://localhost:3000/node_modules/.vite/deps/react-dom-DZQ9hRBr.js?v=714a31e7:3201:32)
[     484ms] Error: Element type is invalid: expected a string (for built-in components) or a class/function (for composite components) but got: undefined. You likely forgot to export your component from the file it's defined in, or you might have mixed up default and named imports.

Check the render method of `IncidentTimelinePanel`.
    at createFiberFromTypeAndProps (http://localhost:3000/node_modules/.vite/deps/react-dom-DZQ9hRBr.js?v=714a31e7:16466:12)
    at createFiberFromElement (http://localhost:3000/node_modules/.vite/deps/react-dom-DZQ9hRBr.js?v=714a31e7:16481:16)
    at reconcileSingleElement (http://localhost:3000/node_modules/.vite/deps/react-dom-DZQ9hRBr.js?v=714a31e7:8849:22)
    at reconcileChildFibers (http://localhost:3000/node_modules/.vite/deps/react-dom-DZQ9hRBr.js?v=714a31e7:8879:56)
    at reconcileChildren (http://localhost:3000/node_modules/.vite/deps/react-dom-DZQ9hRBr.js?v=714a31e7:11924:49)
    at updateHostComponent (http://localhost:3000/node_modules/.vite/deps/react-dom-DZQ9hRBr.js?v=714a31e7:12287:4)
    at beginWork (http://localhost:3000/node_modules/.vite/deps/react-dom-DZQ9hRBr.js?v=714a31e7:13102:32)
    at HTMLUnknownElement.callCallback (http://localhost:3000/node_modules/.vite/deps/react-dom-DZQ9hRBr.js?v=714a31e7:3142:11)
    at Object.invokeGuardedCallbackDev (http://localhost:3000/node_modules/.vite/deps/react-dom-DZQ9hRBr.js?v=714a31e7:3162:14)
    at invokeGuardedCallback (http://localhost:3000/node_modules/.vite/deps/react-dom-DZQ9hRBr.js?v=714a31e7:3201:32)
[     484ms] Error: Element type is invalid: expected a string (for built-in components) or a class/function (for composite components) but got: undefined. You likely forgot to export your component from the file it's defined in, or you might have mixed up default and named imports.

Check the render method of `IncidentTimelinePanel`.
    at createFiberFromTypeAndProps (http://localhost:3000/node_modules/.vite/deps/react-dom-DZQ9hRBr.js?v=714a31e7:16466:12)
    at createFiberFromElement (http://localhost:3000/node_modules/.vite/deps/react-dom-DZQ9hRBr.js?v=714a31e7:16481:16)
    at reconcileSingleElement (http://localhost:3000/node_modules/.vite/deps/react-dom-DZQ9hRBr.js?v=714a31e7:8849:22)
    at reconcileChildFibers (http://localhost:3000/node_modules/.vite/deps/react-dom-DZQ9hRBr.js?v=714a31e7:8879:56)
    at reconcileChildren (http://localhost:3000/node_modules/.vite/deps/react-dom-DZQ9hRBr.js?v=714a31e7:11924:49)
    at updateHostComponent (http://localhost:3000/node_modules/.vite/deps/react-dom-DZQ9hRBr.js?v=714a31e7:12287:4)
    at beginWork (http://localhost:3000/node_modules/.vite/deps/react-dom-DZQ9hRBr.js?v=714a31e7:13102:32)
    at HTMLUnknownElement.callCallback (http://localhost:3000/node_modules/.vite/deps/react-dom-DZQ9hRBr.js?v=714a31e7:3142:11)
    at Object.invokeGuardedCallbackDev (http://localhost:3000/node_modules/.vite/deps/react-dom-DZQ9hRBr.js?v=714a31e7:3162:14)
    at invokeGuardedCallback (http://localhost:3000/node_modules/.vite/deps/react-dom-DZQ9hRBr.js?v=714a31e7:3201:32)
[     485ms] [ERROR] Error handled by React Router default ErrorBoundary: Error: Element type is invalid: expected a string (for built-in components) or a class/function (for composite components) but got: undefined. You likely forgot to export your component from the file it's defined in, or you might have mixed up default and named imports.

Check the render method of `IncidentTimelinePanel`.
    at createFiberFromTypeAndProps (http://localhost:3000/node_modules/.vite/deps/react-dom-DZQ9hRBr.js?v=714a31e7:16466:12)
    at createFiberFromElement (http://localhost:3000/node_modules/.vite/deps/react-dom-DZQ9hRBr.js?v=714a31e7:16481:16)
    at reconcileSingleElement (http://localhost:3000/node_modules/.vite/deps/react-dom-DZQ9hRBr.js?v=714a31e7:8849:22)
    at reconcileChildFibers (http://localhost:3000/node_modules/.vite/deps/react-dom-DZQ9hRBr.js?v=714a31e7:8879:56)
    at reconcileChildren (http://localhost:3000/node_modules/.vite/deps/react-dom-DZQ9hRBr.js?v=714a31e7:11924:49)
    at updateHostComponent (http://localhost:3000/node_modules/.vite/deps/react-dom-DZQ9hRBr.js?v=714a31e7:12287:4)
    at beginWork (http://localhost:3000/node_modules/.vite/deps/react-dom-DZQ9hRBr.js?v=714a31e7:13102:32)
    at beginWork$1 (http://localhost:3000/node_modules/.vite/deps/react-dom-DZQ9hRBr.js?v=714a31e7:15982:12)
    at performUnitOfWork (http://localhost:3000/node_modules/.vite/deps/react-dom-DZQ9hRBr.js?v=714a31e7:15568:12)
    at workLoopSync (http://localhost:3000/node_modules/.vite/deps/react-dom-DZQ9hRBr.js?v=714a31e7:15517:36) @ http://localhost:3000/@vite/client:524
[     486ms] [ERROR] Error handled by React Router default ErrorBoundary: Error: Element type is invalid: expected a string (for built-in components) or a class/function (for composite components) but got: undefined. You likely forgot to export your component from the file it's defined in, or you might have mixed up default and named imports.

Check the render method of `IncidentTimelinePanel`.
    at createFiberFromTypeAndProps (http://localhost:3000/node_modules/.vite/deps/react-dom-DZQ9hRBr.js?v=714a31e7:16466:12)
    at createFiberFromElement (http://localhost:3000/node_modules/.vite/deps/react-dom-DZQ9hRBr.js?v=714a31e7:16481:16)
    at reconcileSingleElement (http://localhost:3000/node_modules/.vite/deps/react-dom-DZQ9hRBr.js?v=714a31e7:8849:22)
    at reconcileChildFibers (http://localhost:3000/node_modules/.vite/deps/react-dom-DZQ9hRBr.js?v=714a31e7:8879:56)
    at reconcileChildren (http://localhost:3000/node_modules/.vite/deps/react-dom-DZQ9hRBr.js?v=714a31e7:11924:49)
    at updateHostComponent (http://localhost:3000/node_modules/.vite/deps/react-dom-DZQ9hRBr.js?v=714a31e7:12287:4)
    at beginWork (http://localhost:3000/node_modules/.vite/deps/react-dom-DZQ9hRBr.js?v=714a31e7:13102:32)
    at beginWork$1 (http://localhost:3000/node_modules/.vite/deps/react-dom-DZQ9hRBr.js?v=714a31e7:15982:12)
    at performUnitOfWork (http://localhost:3000/node_modules/.vite/deps/react-dom-DZQ9hRBr.js?v=714a31e7:15568:12)
    at workLoopSync (http://localhost:3000/node_modules/.vite/deps/react-dom-DZQ9hRBr.js?v=714a31e7:15517:36) @ http://localhost:3000/@vite/client:524
[     487ms] [ERROR] Warning: React.jsx: type is invalid -- expected a string (for built-in components) or a class/function (for composite components) but got: %s.%s%s undefined  You likely forgot to export your component from the file it's defined in, or you might have mixed up default and named imports.

Check your code at IncidentTimelinePanel.tsx:125. 
    at IncidentTimelinePanel (http://localhost:3000/src/pages/incidents/components/IncidentTimelinePanel.tsx:53:41)
    at section
    at TabContentBase (http://localhost:3000/node_modules/.vite/deps/@patternfly_react-core.js?v=714a31e7:21905:8)
    at SSRSafeIds (http://localhost:3000/node_modules/.vite/deps/@patternfly_react-core.js?v=714a31e7:3589:21)
    at Tabs (http://localhost:3000/node_modules/.vite/deps/@patternfly_react-core.js?v=714a31e7:22073:3)
    at HaTabs (http://localhost:3000/src/components/ha-tabs/HaTabs.tsx:19:26)
    at div
    at IncidentDetailPage (http://localhost:3000/src/pages/incidents/IncidentDetailPage.tsx:38:17)
    at AuthGuard (http://localhost:3000/src/router/AuthGuard.tsx:22:29)
    at RenderedRoute (http://localhost:3000/node_modules/.vite/deps/react-router-dom.js?v=714a31e7:3235:8)
    at Outlet (http://localhost:3000/node_modules/.vite/deps/react-router-dom.js?v=714a31e7:3585:25)
    at main
    at div
    at AppLayout (http://localhost:3000/src/router/AppLayout.tsx:25:24)
    at RenderedRoute (http://localhost:3000/node_modules/.vite/deps/react-router-dom.js?v=714a31e7:3235:8)
    at RenderErrorBoundary (http://localhost:3000/node_modules/.vite/deps/react-router-dom.js?v=714a31e7:3202:3)
    at DataRoutes (http://localhost:3000/node_modules/.vite/deps/react-router-dom.js?v=714a31e7:4278:8)
    at Router (http://localhost:3000/node_modules/.vite/deps/react-router-dom.js?v=714a31e7:3605:18)
    at RouterProvider (http://localhost:3000/node_modules/.vite/deps/react-router-dom.js?v=714a31e7:4111:8)
    at AppInner (http://localhost:3000/src/App.tsx:26:30)
    at QueryClientProvider (http://localhost:3000/node_modules/.vite/deps/@tanstack_react-query.js?v=714a31e7:2553:30)
    at App @ http://localhost:3000/@vite/client:524
[     487ms] [ERROR] Warning: React.jsx: type is invalid -- expected a string (for built-in components) or a class/function (for composite components) but got: %s.%s%s undefined  You likely forgot to export your component from the file it's defined in, or you might have mixed up default and named imports.

Check your code at IncidentTimelinePanel.tsx:125. 
    at IncidentTimelinePanel (http://localhost:3000/src/pages/incidents/components/IncidentTimelinePanel.tsx:53:41)
    at section
    at TabContentBase (http://localhost:3000/node_modules/.vite/deps/@patternfly_react-core.js?v=714a31e7:21905:8)
    at SSRSafeIds (http://localhost:3000/node_modules/.vite/deps/@patternfly_react-core.js?v=714a31e7:3589:21)
    at Tabs (http://localhost:3000/node_modules/.vite/deps/@patternfly_react-core.js?v=714a31e7:22073:3)
    at HaTabs (http://localhost:3000/src/components/ha-tabs/HaTabs.tsx:19:26)
    at div
    at IncidentDetailPage (http://localhost:3000/src/pages/incidents/IncidentDetailPage.tsx:38:17)
    at AuthGuard (http://localhost:3000/src/router/AuthGuard.tsx:22:29)
    at RenderedRoute (http://localhost:3000/node_modules/.vite/deps/react-router-dom.js?v=714a31e7:3235:8)
    at Outlet (http://localhost:3000/node_modules/.vite/deps/react-router-dom.js?v=714a31e7:3585:25)
    at main
    at div
    at AppLayout (http://localhost:3000/src/router/AppLayout.tsx:25:24)
    at RenderedRoute (http://localhost:3000/node_modules/.vite/deps/react-router-dom.js?v=714a31e7:3235:8)
    at RenderErrorBoundary (http://localhost:3000/node_modules/.vite/deps/react-router-dom.js?v=714a31e7:3202:3)
    at DataRoutes (http://localhost:3000/node_modules/.vite/deps/react-router-dom.js?v=714a31e7:4278:8)
    at Router (http://localhost:3000/node_modules/.vite/deps/react-router-dom.js?v=714a31e7:3605:18)
    at RouterProvider (http://localhost:3000/node_modules/.vite/deps/react-router-dom.js?v=714a31e7:4111:8)
    at AppInner (http://localhost:3000/src/App.tsx:26:30)
    at QueryClientProvider (http://localhost:3000/node_modules/.vite/deps/@tanstack_react-query.js?v=714a31e7:2553:30)
    at App @ http://localhost:3000/@vite/client:524
[     487ms] [ERROR] Warning: React.jsx: type is invalid -- expected a string (for built-in components) or a class/function (for composite components) but got: %s.%s%s undefined  You likely forgot to export your component from the file it's defined in, or you might have mixed up default and named imports.

Check your code at IncidentTimelinePanel.tsx:125. 
    at IncidentTimelinePanel (http://localhost:3000/src/pages/incidents/components/IncidentTimelinePanel.tsx:53:41)
    at section
    at TabContentBase (http://localhost:3000/node_modules/.vite/deps/@patternfly_react-core.js?v=714a31e7:21905:8)
    at SSRSafeIds (http://localhost:3000/node_modules/.vite/deps/@patternfly_react-core.js?v=714a31e7:3589:21)
    at Tabs (http://localhost:3000/node_modules/.vite/deps/@patternfly_react-core.js?v=714a31e7:22073:3)
    at HaTabs (http://localhost:3000/src/components/ha-tabs/HaTabs.tsx:19:26)
    at div
    at IncidentDetailPage (http://localhost:3000/src/pages/incidents/IncidentDetailPage.tsx:38:17)
    at AuthGuard (http://localhost:3000/src/router/AuthGuard.tsx:22:29)
    at RenderedRoute (http://localhost:3000/node_modules/.vite/deps/react-router-dom.js?v=714a31e7:3235:8)
    at Outlet (http://localhost:3000/node_modules/.vite/deps/react-router-dom.js?v=714a31e7:3585:25)
    at main
    at div
    at AppLayout (http://localhost:3000/src/router/AppLayout.tsx:25:24)
    at RenderedRoute (http://localhost:3000/node_modules/.vite/deps/react-router-dom.js?v=714a31e7:3235:8)
    at RenderErrorBoundary (http://localhost:3000/node_modules/.vite/deps/react-router-dom.js?v=714a31e7:3202:3)
    at DataRoutes (http://localhost:3000/node_modules/.vite/deps/react-router-dom.js?v=714a31e7:4278:8)
    at Router (http://localhost:3000/node_modules/.vite/deps/react-router-dom.js?v=714a31e7:3605:18)
    at RouterProvider (http://localhost:3000/node_modules/.vite/deps/react-router-dom.js?v=714a31e7:4111:8)
    at AppInner (http://localhost:3000/src/App.tsx:26:30)
    at QueryClientProvider (http://localhost:3000/node_modules/.vite/deps/@tanstack_react-query.js?v=714a31e7:2553:30)
    at App @ http://localhost:3000/@vite/client:524
[     487ms] [ERROR] Warning: React.jsx: type is invalid -- expected a string (for built-in components) or a class/function (for composite components) but got: %s.%s%s undefined  You likely forgot to export your component from the file it's defined in, or you might have mixed up default and named imports.

Check your code at IncidentTimelinePanel.tsx:125. 
    at IncidentTimelinePanel (http://localhost:3000/src/pages/incidents/components/IncidentTimelinePanel.tsx:53:41)
    at section
    at TabContentBase (http://localhost:3000/node_modules/.vite/deps/@patternfly_react-core.js?v=714a31e7:21905:8)
    at SSRSafeIds (http://localhost:3000/node_modules/.vite/deps/@patternfly_react-core.js?v=714a31e7:3589:21)
    at Tabs (http://localhost:3000/node_modules/.vite/deps/@patternfly_react-core.js?v=714a31e7:22073:3)
    at HaTabs (http://localhost:3000/src/components/ha-tabs/HaTabs.tsx:19:26)
    at div
    at IncidentDetailPage (http://localhost:3000/src/pages/incidents/IncidentDetailPage.tsx:38:17)
    at AuthGuard (http://localhost:3000/src/router/AuthGuard.tsx:22:29)
    at RenderedRoute (http://localhost:3000/node_modules/.vite/deps/react-router-dom.js?v=714a31e7:3235:8)
    at Outlet (http://localhost:3000/node_modules/.vite/deps/react-router-dom.js?v=714a31e7:3585:25)
    at main
    at div
    at AppLayout (http://localhost:3000/src/router/AppLayout.tsx:25:24)
    at RenderedRoute (http://localhost:3000/node_modules/.vite/deps/react-router-dom.js?v=714a31e7:3235:8)
    at RenderErrorBoundary (http://localhost:3000/node_modules/.vite/deps/react-router-dom.js?v=714a31e7:3202:3)
    at DataRoutes (http://localhost:3000/node_modules/.vite/deps/react-router-dom.js?v=714a31e7:4278:8)
    at Router (http://localhost:3000/node_modules/.vite/deps/react-router-dom.js?v=714a31e7:3605:18)
    at RouterProvider (http://localhost:3000/node_modules/.vite/deps/react-router-dom.js?v=714a31e7:4111:8)
    at AppInner (http://localhost:3000/src/App.tsx:26:30)
    at QueryClientProvider (http://localhost:3000/node_modules/.vite/deps/@tanstack_react-query.js?v=714a31e7:2553:30)
    at App @ http://localhost:3000/@vite/client:524
[     487ms] [ERROR] Warning: React.jsx: type is invalid -- expected a string (for built-in components) or a class/function (for composite components) but got: %s.%s%s undefined  You likely forgot to export your component from the file it's defined in, or you might have mixed up default and named imports.

Check your code at IncidentTimelinePanel.tsx:125. 
    at IncidentTimelinePanel (http://localhost:3000/src/pages/incidents/components/IncidentTimelinePanel.tsx:53:41)
    at section
    at TabContentBase (http://localhost:3000/node_modules/.vite/deps/@patternfly_react-core.js?v=714a31e7:21905:8)
    at SSRSafeIds (http://localhost:3000/node_modules/.vite/deps/@patternfly_react-core.js?v=714a31e7:3589:21)
    at Tabs (http://localhost:3000/node_modules/.vite/deps/@patternfly_react-core.js?v=714a31e7:22073:3)
    at HaTabs (http://localhost:3000/src/components/ha-tabs/HaTabs.tsx:19:26)
    at div
    at IncidentDetailPage (http://localhost:3000/src/pages/incidents/IncidentDetailPage.tsx:38:17)
    at AuthGuard (http://localhost:3000/src/router/AuthGuard.tsx:22:29)
    at RenderedRoute (http://localhost:3000/node_modules/.vite/deps/react-router-dom.js?v=714a31e7:3235:8)
    at Outlet (http://localhost:3000/node_modules/.vite/deps/react-router-dom.js?v=714a31e7:3585:25)
    at main
    at div
    at AppLayout (http://localhost:3000/src/router/AppLayout.tsx:25:24)
    at RenderedRoute (http://localhost:3000/node_modules/.vite/deps/react-router-dom.js?v=714a31e7:3235:8)
    at RenderErrorBoundary (http://localhost:3000/node_modules/.vite/deps/react-router-dom.js?v=714a31e7:3202:3)
    at DataRoutes (http://localhost:3000/node_modules/.vite/deps/react-router-dom.js?v=714a31e7:4278:8)
    at Router (http://localhost:3000/node_modules/.vite/deps/react-router-dom.js?v=714a31e7:3605:18)
    at RouterProvider (http://localhost:3000/node_modules/.vite/deps/react-router-dom.js?v=714a31e7:4111:8)
    at AppInner (http://localhost:3000/src/App.tsx:26:30)
    at QueryClientProvider (http://localhost:3000/node_modules/.vite/deps/@tanstack_react-query.js?v=714a31e7:2553:30)
    at App @ http://localhost:3000/@vite/client:524
[     487ms] [ERROR] Warning: React.jsx: type is invalid -- expected a string (for built-in components) or a class/function (for composite components) but got: %s.%s%s undefined  You likely forgot to export your component from the file it's defined in, or you might have mixed up default and named imports.

Check your code at IncidentTimelinePanel.tsx:125. 
    at IncidentTimelinePanel (http://localhost:3000/src/pages/incidents/components/IncidentTimelinePanel.tsx:53:41)
    at section
    at TabContentBase (http://localhost:3000/node_modules/.vite/deps/@patternfly_react-core.js?v=714a31e7:21905:8)
    at SSRSafeIds (http://localhost:3000/node_modules/.vite/deps/@patternfly_react-core.js?v=714a31e7:3589:21)
    at Tabs (http://localhost:3000/node_modules/.vite/deps/@patternfly_react-core.js?v=714a31e7:22073:3)
    at HaTabs (http://localhost:3000/src/components/ha-tabs/HaTabs.tsx:19:26)
    at div
    at IncidentDetailPage (http://localhost:3000/src/pages/incidents/IncidentDetailPage.tsx:38:17)
    at AuthGuard (http://localhost:3000/src/router/AuthGuard.tsx:22:29)
    at RenderedRoute (http://localhost:3000/node_modules/.vite/deps/react-router-dom.js?v=714a31e7:3235:8)
    at Outlet (http://localhost:3000/node_modules/.vite/deps/react-router-dom.js?v=714a31e7:3585:25)
    at main
    at div
    at AppLayout (http://localhost:3000/src/router/AppLayout.tsx:25:24)
    at RenderedRoute (http://localhost:3000/node_modules/.vite/deps/react-router-dom.js?v=714a31e7:3235:8)
    at RenderErrorBoundary (http://localhost:3000/node_modules/.vite/deps/react-router-dom.js?v=714a31e7:3202:3)
    at DataRoutes (http://localhost:3000/node_modules/.vite/deps/react-router-dom.js?v=714a31e7:4278:8)
    at Router (http://localhost:3000/node_modules/.vite/deps/react-router-dom.js?v=714a31e7:3605:18)
    at RouterProvider (http://localhost:3000/node_modules/.vite/deps/react-router-dom.js?v=714a31e7:4111:8)
    at AppInner (http://localhost:3000/src/App.tsx:26:30)
    at QueryClientProvider (http://localhost:3000/node_modules/.vite/deps/@tanstack_react-query.js?v=714a31e7:2553:30)
    at App @ http://localhost:3000/@vite/client:524
[     487ms] [ERROR] Warning: React.jsx: type is invalid -- expected a string (for built-in components) or a class/function (for composite components) but got: %s.%s%s undefined  You likely forgot to export your component from the file it's defined in, or you might have mixed up default and named imports.

Check your code at IncidentTimelinePanel.tsx:125. 
    at IncidentTimelinePanel (http://localhost:3000/src/pages/incidents/components/IncidentTimelinePanel.tsx:53:41)
    at section
    at TabContentBase (http://localhost:3000/node_modules/.vite/deps/@patternfly_react-core.js?v=714a31e7:21905:8)
    at SSRSafeIds (http://localhost:3000/node_modules/.vite/deps/@patternfly_react-core.js?v=714a31e7:3589:21)
    at Tabs (http://localhost:3000/node_modules/.vite/deps/@patternfly_react-core.js?v=714a31e7:22073:3)
    at HaTabs (http://localhost:3000/src/components/ha-tabs/HaTabs.tsx:19:26)
    at div
    at IncidentDetailPage (http://localhost:3000/src/pages/incidents/IncidentDetailPage.tsx:38:17)
    at AuthGuard (http://localhost:3000/src/router/AuthGuard.tsx:22:29)
    at RenderedRoute (http://localhost:3000/node_modules/.vite/deps/react-router-dom.js?v=714a31e7:3235:8)
    at Outlet (http://localhost:3000/node_modules/.vite/deps/react-router-dom.js?v=714a31e7:3585:25)
    at main
    at div
    at AppLayout (http://localhost:3000/src/router/AppLayout.tsx:25:24)
    at RenderedRoute (http://localhost:3000/node_modules/.vite/deps/react-router-dom.js?v=714a31e7:3235:8)
    at RenderErrorBoundary (http://localhost:3000/node_modules/.vite/deps/react-router-dom.js?v=714a31e7:3202:3)
    at DataRoutes (http://localhost:3000/node_modules/.vite/deps/react-router-dom.js?v=714a31e7:4278:8)
    at Router (http://localhost:3000/node_modules/.vite/deps/react-router-dom.js?v=714a31e7:3605:18)
    at RouterProvider (http://localhost:3000/node_modules/.vite/deps/react-router-dom.js?v=714a31e7:4111:8)
    at AppInner (http://localhost:3000/src/App.tsx:26:30)
    at QueryClientProvider (http://localhost:3000/node_modules/.vite/deps/@tanstack_react-query.js?v=714a31e7:2553:30)
    at App @ http://localhost:3000/@vite/client:524
[     487ms] [ERROR] Warning: React.jsx: type is invalid -- expected a string (for built-in components) or a class/function (for composite components) but got: %s.%s%s undefined  You likely forgot to export your component from the file it's defined in, or you might have mixed up default and named imports.

Check your code at IncidentTimelinePanel.tsx:125. 
    at IncidentTimelinePanel (http://localhost:3000/src/pages/incidents/components/IncidentTimelinePanel.tsx:53:41)
    at section
    at TabContentBase (http://localhost:3000/node_modules/.vite/deps/@patternfly_react-core.js?v=714a31e7:21905:8)
    at SSRSafeIds (http://localhost:3000/node_modules/.vite/deps/@patternfly_react-core.js?v=714a31e7:3589:21)
    at Tabs (http://localhost:3000/node_modules/.vite/deps/@patternfly_react-core.js?v=714a31e7:22073:3)
    at HaTabs (http://localhost:3000/src/components/ha-tabs/HaTabs.tsx:19:26)
    at div
    at IncidentDetailPage (http://localhost:3000/src/pages/incidents/IncidentDetailPage.tsx:38:17)
    at AuthGuard (http://localhost:3000/src/router/AuthGuard.tsx:22:29)
    at RenderedRoute (http://localhost:3000/node_modules/.vite/deps/react-router-dom.js?v=714a31e7:3235:8)
    at Outlet (http://localhost:3000/node_modules/.vite/deps/react-router-dom.js?v=714a31e7:3585:25)
    at main
    at div
    at AppLayout (http://localhost:3000/src/router/AppLayout.tsx:25:24)
    at RenderedRoute (http://localhost:3000/node_modules/.vite/deps/react-router-dom.js?v=714a31e7:3235:8)
    at RenderErrorBoundary (http://localhost:3000/node_modules/.vite/deps/react-router-dom.js?v=714a31e7:3202:3)
    at DataRoutes (http://localhost:3000/node_modules/.vite/deps/react-router-dom.js?v=714a31e7:4278:8)
    at Router (http://localhost:3000/node_modules/.vite/deps/react-router-dom.js?v=714a31e7:3605:18)
    at RouterProvider (http://localhost:3000/node_modules/.vite/deps/react-router-dom.js?v=714a31e7:4111:8)
    at AppInner (http://localhost:3000/src/App.tsx:26:30)
    at QueryClientProvider (http://localhost:3000/node_modules/.vite/deps/@tanstack_react-query.js?v=714a31e7:2553:30)
    at App @ http://localhost:3000/@vite/client:524
[     488ms] [ERROR] Warning: React.jsx: type is invalid -- expected a string (for built-in components) or a class/function (for composite components) but got: %s.%s%s undefined  You likely forgot to export your component from the file it's defined in, or you might have mixed up default and named imports.

Check your code at IncidentTimelinePanel.tsx:125. 
    at IncidentTimelinePanel (http://localhost:3000/src/pages/incidents/components/IncidentTimelinePanel.tsx:53:41)
    at section
    at TabContentBase (http://localhost:3000/node_modules/.vite/deps/@patternfly_react-core.js?v=714a31e7:21905:8)
    at SSRSafeIds (http://localhost:3000/node_modules/.vite/deps/@patternfly_react-core.js?v=714a31e7:3589:21)
    at Tabs (http://localhost:3000/node_modules/.vite/deps/@patternfly_react-core.js?v=714a31e7:22073:3)
    at HaTabs (http://localhost:3000/src/components/ha-tabs/HaTabs.tsx:19:26)
    at div
    at IncidentDetailPage (http://localhost:3000/src/pages/incidents/IncidentDetailPage.tsx:38:17)
    at AuthGuard (http://localhost:3000/src/router/AuthGuard.tsx:22:29)
    at RenderedRoute (http://localhost:3000/node_modules/.vite/deps/react-router-dom.js?v=714a31e7:3235:8)
    at Outlet (http://localhost:3000/node_modules/.vite/deps/react-router-dom.js?v=714a31e7:3585:25)
    at main
    at div
    at AppLayout (http://localhost:3000/src/router/AppLayout.tsx:25:24)
    at RenderedRoute (http://localhost:3000/node_modules/.vite/deps/react-router-dom.js?v=714a31e7:3235:8)
    at RenderErrorBoundary (http://localhost:3000/node_modules/.vite/deps/react-router-dom.js?v=714a31e7:3202:3)
    at DataRoutes (http://localhost:3000/node_modules/.vite/deps/react-router-dom.js?v=714a31e7:4278:8)
    at Router (http://localhost:3000/node_modules/.vite/deps/react-router-dom.js?v=714a31e7:3605:18)
    at RouterProvider (http://localhost:3000/node_modules/.vite/deps/react-router-dom.js?v=714a31e7:4111:8)
    at AppInner (http://localhost:3000/src/App.tsx:26:30)
    at QueryClientProvider (http://localhost:3000/node_modules/.vite/deps/@tanstack_react-query.js?v=714a31e7:2553:30)
    at App @ http://localhost:3000/@vite/client:524
[     488ms] [ERROR] Warning: React.jsx: type is invalid -- expected a string (for built-in components) or a class/function (for composite components) but got: %s.%s%s undefined  You likely forgot to export your component from the file it's defined in, or you might have mixed up default and named imports.

Check your code at IncidentTimelinePanel.tsx:125. 
    at IncidentTimelinePanel (http://localhost:3000/src/pages/incidents/components/IncidentTimelinePanel.tsx:53:41)
    at section
    at TabContentBase (http://localhost:3000/node_modules/.vite/deps/@patternfly_react-core.js?v=714a31e7:21905:8)
    at SSRSafeIds (http://localhost:3000/node_modules/.vite/deps/@patternfly_react-core.js?v=714a31e7:3589:21)
    at Tabs (http://localhost:3000/node_modules/.vite/deps/@patternfly_react-core.js?v=714a31e7:22073:3)
    at HaTabs (http://localhost:3000/src/components/ha-tabs/HaTabs.tsx:19:26)
    at div
    at IncidentDetailPage (http://localhost:3000/src/pages/incidents/IncidentDetailPage.tsx:38:17)
    at AuthGuard (http://localhost:3000/src/router/AuthGuard.tsx:22:29)
    at RenderedRoute (http://localhost:3000/node_modules/.vite/deps/react-router-dom.js?v=714a31e7:3235:8)
    at Outlet (http://localhost:3000/node_modules/.vite/deps/react-router-dom.js?v=714a31e7:3585:25)
    at main
    at div
    at AppLayout (http://localhost:3000/src/router/AppLayout.tsx:25:24)
    at RenderedRoute (http://localhost:3000/node_modules/.vite/deps/react-router-dom.js?v=714a31e7:3235:8)
    at RenderErrorBoundary (http://localhost:3000/node_modules/.vite/deps/react-router-dom.js?v=714a31e7:3202:3)
    at DataRoutes (http://localhost:3000/node_modules/.vite/deps/react-router-dom.js?v=714a31e7:4278:8)
    at Router (http://localhost:3000/node_modules/.vite/deps/react-router-dom.js?v=714a31e7:3605:18)
    at RouterProvider (http://localhost:3000/node_modules/.vite/deps/react-router-dom.js?v=714a31e7:4111:8)
    at AppInner (http://localhost:3000/src/App.tsx:26:30)
    at QueryClientProvider (http://localhost:3000/node_modules/.vite/deps/@tanstack_react-query.js?v=714a31e7:2553:30)
    at App @ http://localhost:3000/@vite/client:524
[     488ms] [ERROR] Warning: React.jsx: type is invalid -- expected a string (for built-in components) or a class/function (for composite components) but got: %s.%s%s undefined  You likely forgot to export your component from the file it's defined in, or you might have mixed up default and named imports.

Check your code at IncidentTimelinePanel.tsx:125. 
    at IncidentTimelinePanel (http://localhost:3000/src/pages/incidents/components/IncidentTimelinePanel.tsx:53:41)
    at section
    at TabContentBase (http://localhost:3000/node_modules/.vite/deps/@patternfly_react-core.js?v=714a31e7:21905:8)
    at SSRSafeIds (http://localhost:3000/node_modules/.vite/deps/@patternfly_react-core.js?v=714a31e7:3589:21)
    at Tabs (http://localhost:3000/node_modules/.vite/deps/@patternfly_react-core.js?v=714a31e7:22073:3)
    at HaTabs (http://localhost:3000/src/components/ha-tabs/HaTabs.tsx:19:26)
    at div
    at IncidentDetailPage (http://localhost:3000/src/pages/incidents/IncidentDetailPage.tsx:38:17)
    at AuthGuard (http://localhost:3000/src/router/AuthGuard.tsx:22:29)
    at RenderedRoute (http://localhost:3000/node_modules/.vite/deps/react-router-dom.js?v=714a31e7:3235:8)
    at Outlet (http://localhost:3000/node_modules/.vite/deps/react-router-dom.js?v=714a31e7:3585:25)
    at main
    at div
    at AppLayout (http://localhost:3000/src/router/AppLayout.tsx:25:24)
    at RenderedRoute (http://localhost:3000/node_modules/.vite/deps/react-router-dom.js?v=714a31e7:3235:8)
    at RenderErrorBoundary (http://localhost:3000/node_modules/.vite/deps/react-router-dom.js?v=714a31e7:3202:3)
    at DataRoutes (http://localhost:3000/node_modules/.vite/deps/react-router-dom.js?v=714a31e7:4278:8)
    at Router (http://localhost:3000/node_modules/.vite/deps/react-router-dom.js?v=714a31e7:3605:18)
    at RouterProvider (http://localhost:3000/node_modules/.vite/deps/react-router-dom.js?v=714a31e7:4111:8)
    at AppInner (http://localhost:3000/src/App.tsx:26:30)
    at QueryClientProvider (http://localhost:3000/node_modules/.vite/deps/@tanstack_react-query.js?v=714a31e7:2553:30)
    at App @ http://localhost:3000/@vite/client:524
[     488ms] [ERROR] Warning: React.jsx: type is invalid -- expected a string (for built-in components) or a class/function (for composite components) but got: %s.%s%s undefined  You likely forgot to export your component from the file it's defined in, or you might have mixed up default and named imports.

Check your code at IncidentTimelinePanel.tsx:125. 
    at IncidentTimelinePanel (http://localhost:3000/src/pages/incidents/components/IncidentTimelinePanel.tsx:53:41)
    at section
    at TabContentBase (http://localhost:3000/node_modules/.vite/deps/@patternfly_react-core.js?v=714a31e7:21905:8)
    at SSRSafeIds (http://localhost:3000/node_modules/.vite/deps/@patternfly_react-core.js?v=714a31e7:3589:21)
    at Tabs (http://localhost:3000/node_modules/.vite/deps/@patternfly_react-core.js?v=714a31e7:22073:3)
    at HaTabs (http://localhost:3000/src/components/ha-tabs/HaTabs.tsx:19:26)
    at div
    at IncidentDetailPage (http://localhost:3000/src/pages/incidents/IncidentDetailPage.tsx:38:17)
    at AuthGuard (http://localhost:3000/src/router/AuthGuard.tsx:22:29)
    at RenderedRoute (http://localhost:3000/node_modules/.vite/deps/react-router-dom.js?v=714a31e7:3235:8)
    at Outlet (http://localhost:3000/node_modules/.vite/deps/react-router-dom.js?v=714a31e7:3585:25)
    at main
    at div
    at AppLayout (http://localhost:3000/src/router/AppLayout.tsx:25:24)
    at RenderedRoute (http://localhost:3000/node_modules/.vite/deps/react-router-dom.js?v=714a31e7:3235:8)
    at RenderErrorBoundary (http://localhost:3000/node_modules/.vite/deps/react-router-dom.js?v=714a31e7:3202:3)
    at DataRoutes (http://localhost:3000/node_modules/.vite/deps/react-router-dom.js?v=714a31e7:4278:8)
    at Router (http://localhost:3000/node_modules/.vite/deps/react-router-dom.js?v=714a31e7:3605:18)
    at RouterProvider (http://localhost:3000/node_modules/.vite/deps/react-router-dom.js?v=714a31e7:4111:8)
    at AppInner (http://localhost:3000/src/App.tsx:26:30)
    at QueryClientProvider (http://localhost:3000/node_modules/.vite/deps/@tanstack_react-query.js?v=714a31e7:2553:30)
    at App @ http://localhost:3000/@vite/client:524
[     488ms] [ERROR] Warning: React.jsx: type is invalid -- expected a string (for built-in components) or a class/function (for composite components) but got: %s.%s%s undefined  You likely forgot to export your component from the file it's defined in, or you might have mixed up default and named imports.

Check your code at IncidentTimelinePanel.tsx:125. 
    at IncidentTimelinePanel (http://localhost:3000/src/pages/incidents/components/IncidentTimelinePanel.tsx:53:41)
    at section
    at TabContentBase (http://localhost:3000/node_modules/.vite/deps/@patternfly_react-core.js?v=714a31e7:21905:8)
    at SSRSafeIds (http://localhost:3000/node_modules/.vite/deps/@patternfly_react-core.js?v=714a31e7:3589:21)
    at Tabs (http://localhost:3000/node_modules/.vite/deps/@patternfly_react-core.js?v=714a31e7:22073:3)
    at HaTabs (http://localhost:3000/src/components/ha-tabs/HaTabs.tsx:19:26)
    at div
    at IncidentDetailPage (http://localhost:3000/src/pages/incidents/IncidentDetailPage.tsx:38:17)
    at AuthGuard (http://localhost:3000/src/router/AuthGuard.tsx:22:29)
    at RenderedRoute (http://localhost:3000/node_modules/.vite/deps/react-router-dom.js?v=714a31e7:3235:8)
    at Outlet (http://localhost:3000/node_modules/.vite/deps/react-router-dom.js?v=714a31e7:3585:25)
    at main
    at div
    at AppLayout (http://localhost:3000/src/router/AppLayout.tsx:25:24)
    at RenderedRoute (http://localhost:3000/node_modules/.vite/deps/react-router-dom.js?v=714a31e7:3235:8)
    at RenderErrorBoundary (http://localhost:3000/node_modules/.vite/deps/react-router-dom.js?v=714a31e7:3202:3)
    at DataRoutes (http://localhost:3000/node_modules/.vite/deps/react-router-dom.js?v=714a31e7:4278:8)
    at Router (http://localhost:3000/node_modules/.vite/deps/react-router-dom.js?v=714a31e7:3605:18)
    at RouterProvider (http://localhost:3000/node_modules/.vite/deps/react-router-dom.js?v=714a31e7:4111:8)
    at AppInner (http://localhost:3000/src/App.tsx:26:30)
    at QueryClientProvider (http://localhost:3000/node_modules/.vite/deps/@tanstack_react-query.js?v=714a31e7:2553:30)
    at App @ http://localhost:3000/@vite/client:524
[     488ms] [ERROR] Warning: React.jsx: type is invalid -- expected a string (for built-in components) or a class/function (for composite components) but got: %s.%s%s undefined  You likely forgot to export your component from the file it's defined in, or you might have mixed up default and named imports.

Check your code at IncidentTimelinePanel.tsx:125. 
    at IncidentTimelinePanel (http://localhost:3000/src/pages/incidents/components/IncidentTimelinePanel.tsx:53:41)
    at section
    at TabContentBase (http://localhost:3000/node_modules/.vite/deps/@patternfly_react-core.js?v=714a31e7:21905:8)
    at SSRSafeIds (http://localhost:3000/node_modules/.vite/deps/@patternfly_react-core.js?v=714a31e7:3589:21)
    at Tabs (http://localhost:3000/node_modules/.vite/deps/@patternfly_react-core.js?v=714a31e7:22073:3)
    at HaTabs (http://localhost:3000/src/components/ha-tabs/HaTabs.tsx:19:26)
    at div
    at IncidentDetailPage (http://localhost:3000/src/pages/incidents/IncidentDetailPage.tsx:38:17)
    at AuthGuard (http://localhost:3000/src/router/AuthGuard.tsx:22:29)
    at RenderedRoute (http://localhost:3000/node_modules/.vite/deps/react-router-dom.js?v=714a31e7:3235:8)
    at Outlet (http://localhost:3000/node_modules/.vite/deps/react-router-dom.js?v=714a31e7:3585:25)
    at main
    at div
    at AppLayout (http://localhost:3000/src/router/AppLayout.tsx:25:24)
    at RenderedRoute (http://localhost:3000/node_modules/.vite/deps/react-router-dom.js?v=714a31e7:3235:8)
    at RenderErrorBoundary (http://localhost:3000/node_modules/.vite/deps/react-router-dom.js?v=714a31e7:3202:3)
    at DataRoutes (http://localhost:3000/node_modules/.vite/deps/react-router-dom.js?v=714a31e7:4278:8)
    at Router (http://localhost:3000/node_modules/.vite/deps/react-router-dom.js?v=714a31e7:3605:18)
    at RouterProvider (http://localhost:3000/node_modules/.vite/deps/react-router-dom.js?v=714a31e7:4111:8)
    at AppInner (http://localhost:3000/src/App.tsx:26:30)
    at QueryClientProvider (http://localhost:3000/node_modules/.vite/deps/@tanstack_react-query.js?v=714a31e7:2553:30)
    at App @ http://localhost:3000/@vite/client:524
[     488ms] [ERROR] Warning: React.jsx: type is invalid -- expected a string (for built-in components) or a class/function (for composite components) but got: %s.%s%s undefined  You likely forgot to export your component from the file it's defined in, or you might have mixed up default and named imports.

Check your code at IncidentTimelinePanel.tsx:125. 
    at IncidentTimelinePanel (http://localhost:3000/src/pages/incidents/components/IncidentTimelinePanel.tsx:53:41)
    at section
    at TabContentBase (http://localhost:3000/node_modules/.vite/deps/@patternfly_react-core.js?v=714a31e7:21905:8)
    at SSRSafeIds (http://localhost:3000/node_modules/.vite/deps/@patternfly_react-core.js?v=714a31e7:3589:21)
    at Tabs (http://localhost:3000/node_modules/.vite/deps/@patternfly_react-core.js?v=714a31e7:22073:3)
    at HaTabs (http://localhost:3000/src/components/ha-tabs/HaTabs.tsx:19:26)
    at div
    at IncidentDetailPage (http://localhost:3000/src/pages/incidents/IncidentDetailPage.tsx:38:17)
    at AuthGuard (http://localhost:3000/src/router/AuthGuard.tsx:22:29)
    at RenderedRoute (http://localhost:3000/node_modules/.vite/deps/react-router-dom.js?v=714a31e7:3235:8)
    at Outlet (http://localhost:3000/node_modules/.vite/deps/react-router-dom.js?v=714a31e7:3585:25)
    at main
    at div
    at AppLayout (http://localhost:3000/src/router/AppLayout.tsx:25:24)
    at RenderedRoute (http://localhost:3000/node_modules/.vite/deps/react-router-dom.js?v=714a31e7:3235:8)
    at RenderErrorBoundary (http://localhost:3000/node_modules/.vite/deps/react-router-dom.js?v=714a31e7:3202:3)
    at DataRoutes (http://localhost:3000/node_modules/.vite/deps/react-router-dom.js?v=714a31e7:4278:8)
    at Router (http://localhost:3000/node_modules/.vite/deps/react-router-dom.js?v=714a31e7:3605:18)
    at RouterProvider (http://localhost:3000/node_modules/.vite/deps/react-router-dom.js?v=714a31e7:4111:8)
    at AppInner (http://localhost:3000/src/App.tsx:26:30)
    at QueryClientProvider (http://localhost:3000/node_modules/.vite/deps/@tanstack_react-query.js?v=714a31e7:2553:30)
    at App @ http://localhost:3000/@vite/client:524
[     488ms] [ERROR] Warning: React.jsx: type is invalid -- expected a string (for built-in components) or a class/function (for composite components) but got: %s.%s%s undefined  You likely forgot to export your component from the file it's defined in, or you might have mixed up default and named imports.

Check your code at IncidentTimelinePanel.tsx:125. 
    at IncidentTimelinePanel (http://localhost:3000/src/pages/incidents/components/IncidentTimelinePanel.tsx:53:41)
    at section
    at TabContentBase (http://localhost:3000/node_modules/.vite/deps/@patternfly_react-core.js?v=714a31e7:21905:8)
    at SSRSafeIds (http://localhost:3000/node_modules/.vite/deps/@patternfly_react-core.js?v=714a31e7:3589:21)
    at Tabs (http://localhost:3000/node_modules/.vite/deps/@patternfly_react-core.js?v=714a31e7:22073:3)
    at HaTabs (http://localhost:3000/src/components/ha-tabs/HaTabs.tsx:19:26)
    at div
    at IncidentDetailPage (http://localhost:3000/src/pages/incidents/IncidentDetailPage.tsx:38:17)
    at AuthGuard (http://localhost:3000/src/router/AuthGuard.tsx:22:29)
    at RenderedRoute (http://localhost:3000/node_modules/.vite/deps/react-router-dom.js?v=714a31e7:3235:8)
    at Outlet (http://localhost:3000/node_modules/.vite/deps/react-router-dom.js?v=714a31e7:3585:25)
    at main
    at div
    at AppLayout (http://localhost:3000/src/router/AppLayout.tsx:25:24)
    at RenderedRoute (http://localhost:3000/node_modules/.vite/deps/react-router-dom.js?v=714a31e7:3235:8)
    at RenderErrorBoundary (http://localhost:3000/node_modules/.vite/deps/react-router-dom.js?v=714a31e7:3202:3)
    at DataRoutes (http://localhost:3000/node_modules/.vite/deps/react-router-dom.js?v=714a31e7:4278:8)
    at Router (http://localhost:3000/node_modules/.vite/deps/react-router-dom.js?v=714a31e7:3605:18)
    at RouterProvider (http://localhost:3000/node_modules/.vite/deps/react-router-dom.js?v=714a31e7:4111:8)
    at AppInner (http://localhost:3000/src/App.tsx:26:30)
    at QueryClientProvider (http://localhost:3000/node_modules/.vite/deps/@tanstack_react-query.js?v=714a31e7:2553:30)
    at App @ http://localhost:3000/@vite/client:524
[     488ms] [ERROR] Warning: React.jsx: type is invalid -- expected a string (for built-in components) or a class/function (for composite components) but got: %s.%s%s undefined  You likely forgot to export your component from the file it's defined in, or you might have mixed up default and named imports.

Check your code at IncidentTimelinePanel.tsx:125. 
    at IncidentTimelinePanel (http://localhost:3000/src/pages/incidents/components/IncidentTimelinePanel.tsx:53:41)
    at section
    at TabContentBase (http://localhost:3000/node_modules/.vite/deps/@patternfly_react-core.js?v=714a31e7:21905:8)
    at SSRSafeIds (http://localhost:3000/node_modules/.vite/deps/@patternfly_react-core.js?v=714a31e7:3589:21)
    at Tabs (http://localhost:3000/node_modules/.vite/deps/@patternfly_react-core.js?v=714a31e7:22073:3)
    at HaTabs (http://localhost:3000/src/components/ha-tabs/HaTabs.tsx:19:26)
    at div
    at IncidentDetailPage (http://localhost:3000/src/pages/incidents/IncidentDetailPage.tsx:38:17)
    at AuthGuard (http://localhost:3000/src/router/AuthGuard.tsx:22:29)
    at RenderedRoute (http://localhost:3000/node_modules/.vite/deps/react-router-dom.js?v=714a31e7:3235:8)
    at Outlet (http://localhost:3000/node_modules/.vite/deps/react-router-dom.js?v=714a31e7:3585:25)
    at main
    at div
    at AppLayout (http://localhost:3000/src/router/AppLayout.tsx:25:24)
    at RenderedRoute (http://localhost:3000/node_modules/.vite/deps/react-router-dom.js?v=714a31e7:3235:8)
    at RenderErrorBoundary (http://localhost:3000/node_modules/.vite/deps/react-router-dom.js?v=714a31e7:3202:3)
    at DataRoutes (http://localhost:3000/node_modules/.vite/deps/react-router-dom.js?v=714a31e7:4278:8)
    at Router (http://localhost:3000/node_modules/.vite/deps/react-router-dom.js?v=714a31e7:3605:18)
    at RouterProvider (http://localhost:3000/node_modules/.vite/deps/react-router-dom.js?v=714a31e7:4111:8)
    at AppInner (http://localhost:3000/src/App.tsx:26:30)
    at QueryClientProvider (http://localhost:3000/node_modules/.vite/deps/@tanstack_react-query.js?v=714a31e7:2553:30)
    at App @ http://localhost:3000/@vite/client:524
[     488ms] [ERROR] Warning: React.jsx: type is invalid -- expected a string (for built-in components) or a class/function (for composite components) but got: %s.%s%s undefined  You likely forgot to export your component from the file it's defined in, or you might have mixed up default and named imports.

Check your code at IncidentTimelinePanel.tsx:125. 
    at IncidentTimelinePanel (http://localhost:3000/src/pages/incidents/components/IncidentTimelinePanel.tsx:53:41)
    at section
    at TabContentBase (http://localhost:3000/node_modules/.vite/deps/@patternfly_react-core.js?v=714a31e7:21905:8)
    at SSRSafeIds (http://localhost:3000/node_modules/.vite/deps/@patternfly_react-core.js?v=714a31e7:3589:21)
    at Tabs (http://localhost:3000/node_modules/.vite/deps/@patternfly_react-core.js?v=714a31e7:22073:3)
    at HaTabs (http://localhost:3000/src/components/ha-tabs/HaTabs.tsx:19:26)
    at div
    at IncidentDetailPage (http://localhost:3000/src/pages/incidents/IncidentDetailPage.tsx:38:17)
    at AuthGuard (http://localhost:3000/src/router/AuthGuard.tsx:22:29)
    at RenderedRoute (http://localhost:3000/node_modules/.vite/deps/react-router-dom.js?v=714a31e7:3235:8)
    at Outlet (http://localhost:3000/node_modules/.vite/deps/react-router-dom.js?v=714a31e7:3585:25)
    at main
    at div
    at AppLayout (http://localhost:3000/src/router/AppLayout.tsx:25:24)
    at RenderedRoute (http://localhost:3000/node_modules/.vite/deps/react-router-dom.js?v=714a31e7:3235:8)
    at RenderErrorBoundary (http://localhost:3000/node_modules/.vite/deps/react-router-dom.js?v=714a31e7:3202:3)
    at DataRoutes (http://localhost:3000/node_modules/.vite/deps/react-router-dom.js?v=714a31e7:4278:8)
    at Router (http://localhost:3000/node_modules/.vite/deps/react-router-dom.js?v=714a31e7:3605:18)
    at RouterProvider (http://localhost:3000/node_modules/.vite/deps/react-router-dom.js?v=714a31e7:4111:8)
    at AppInner (http://localhost:3000/src/App.tsx:26:30)
    at QueryClientProvider (http://localhost:3000/node_modules/.vite/deps/@tanstack_react-query.js?v=714a31e7:2553:30)
    at App @ http://localhost:3000/@vite/client:524
[     488ms] [ERROR] Warning: React.jsx: type is invalid -- expected a string (for built-in components) or a class/function (for composite components) but got: %s.%s%s undefined  You likely forgot to export your component from the file it's defined in, or you might have mixed up default and named imports.

Check your code at IncidentTimelinePanel.tsx:125. 
    at IncidentTimelinePanel (http://localhost:3000/src/pages/incidents/components/IncidentTimelinePanel.tsx:53:41)
    at section
    at TabContentBase (http://localhost:3000/node_modules/.vite/deps/@patternfly_react-core.js?v=714a31e7:21905:8)
    at SSRSafeIds (http://localhost:3000/node_modules/.vite/deps/@patternfly_react-core.js?v=714a31e7:3589:21)
    at Tabs (http://localhost:3000/node_modules/.vite/deps/@patternfly_react-core.js?v=714a31e7:22073:3)
    at HaTabs (http://localhost:3000/src/components/ha-tabs/HaTabs.tsx:19:26)
    at div
    at IncidentDetailPage (http://localhost:3000/src/pages/incidents/IncidentDetailPage.tsx:38:17)
    at AuthGuard (http://localhost:3000/src/router/AuthGuard.tsx:22:29)
    at RenderedRoute (http://localhost:3000/node_modules/.vite/deps/react-router-dom.js?v=714a31e7:3235:8)
    at Outlet (http://localhost:3000/node_modules/.vite/deps/react-router-dom.js?v=714a31e7:3585:25)
    at main
    at div
    at AppLayout (http://localhost:3000/src/router/AppLayout.tsx:25:24)
    at RenderedRoute (http://localhost:3000/node_modules/.vite/deps/react-router-dom.js?v=714a31e7:3235:8)
    at RenderErrorBoundary (http://localhost:3000/node_modules/.vite/deps/react-router-dom.js?v=714a31e7:3202:3)
    at DataRoutes (http://localhost:3000/node_modules/.vite/deps/react-router-dom.js?v=714a31e7:4278:8)
    at Router (http://localhost:3000/node_modules/.vite/deps/react-router-dom.js?v=714a31e7:3605:18)
    at RouterProvider (http://localhost:3000/node_modules/.vite/deps/react-router-dom.js?v=714a31e7:4111:8)
    at AppInner (http://localhost:3000/src/App.tsx:26:30)
    at QueryClientProvider (http://localhost:3000/node_modules/.vite/deps/@tanstack_react-query.js?v=714a31e7:2553:30)
    at App @ http://localhost:3000/@vite/client:524
[     488ms] [ERROR] Warning: React.jsx: type is invalid -- expected a string (for built-in components) or a class/function (for composite components) but got: %s.%s%s undefined  You likely forgot to export your component from the file it's defined in, or you might have mixed up default and named imports.

Check your code at IncidentTimelinePanel.tsx:125. 
    at IncidentTimelinePanel (http://localhost:3000/src/pages/incidents/components/IncidentTimelinePanel.tsx:53:41)
    at section
    at TabContentBase (http://localhost:3000/node_modules/.vite/deps/@patternfly_react-core.js?v=714a31e7:21905:8)
    at SSRSafeIds (http://localhost:3000/node_modules/.vite/deps/@patternfly_react-core.js?v=714a31e7:3589:21)
    at Tabs (http://localhost:3000/node_modules/.vite/deps/@patternfly_react-core.js?v=714a31e7:22073:3)
    at HaTabs (http://localhost:3000/src/components/ha-tabs/HaTabs.tsx:19:26)
    at div
    at IncidentDetailPage (http://localhost:3000/src/pages/incidents/IncidentDetailPage.tsx:38:17)
    at AuthGuard (http://localhost:3000/src/router/AuthGuard.tsx:22:29)
    at RenderedRoute (http://localhost:3000/node_modules/.vite/deps/react-router-dom.js?v=714a31e7:3235:8)
    at Outlet (http://localhost:3000/node_modules/.vite/deps/react-router-dom.js?v=714a31e7:3585:25)
    at main
    at div
    at AppLayout (http://localhost:3000/src/router/AppLayout.tsx:25:24)
    at RenderedRoute (http://localhost:3000/node_modules/.vite/deps/react-router-dom.js?v=714a31e7:3235:8)
    at RenderErrorBoundary (http://localhost:3000/node_modules/.vite/deps/react-router-dom.js?v=714a31e7:3202:3)
    at DataRoutes (http://localhost:3000/node_modules/.vite/deps/react-router-dom.js?v=714a31e7:4278:8)
    at Router (http://localhost:3000/node_modules/.vite/deps/react-router-dom.js?v=714a31e7:3605:18)
    at RouterProvider (http://localhost:3000/node_modules/.vite/deps/react-router-dom.js?v=714a31e7:4111:8)
    at AppInner (http://localhost:3000/src/App.tsx:26:30)
    at QueryClientProvider (http://localhost:3000/node_modules/.vite/deps/@tanstack_react-query.js?v=714a31e7:2553:30)
    at App @ http://localhost:3000/@vite/client:524
[     489ms] [ERROR] Warning: React.jsx: type is invalid -- expected a string (for built-in components) or a class/function (for composite components) but got: %s.%s%s undefined  You likely forgot to export your component from the file it's defined in, or you might have mixed up default and named imports.

Check your code at IncidentTimelinePanel.tsx:125. 
    at IncidentTimelinePanel (http://localhost:3000/src/pages/incidents/components/IncidentTimelinePanel.tsx:53:41)
    at section
    at TabContentBase (http://localhost:3000/node_modules/.vite/deps/@patternfly_react-core.js?v=714a31e7:21905:8)
    at SSRSafeIds (http://localhost:3000/node_modules/.vite/deps/@patternfly_react-core.js?v=714a31e7:3589:21)
    at Tabs (http://localhost:3000/node_modules/.vite/deps/@patternfly_react-core.js?v=714a31e7:22073:3)
    at HaTabs (http://localhost:3000/src/components/ha-tabs/HaTabs.tsx:19:26)
    at div
    at IncidentDetailPage (http://localhost:3000/src/pages/incidents/IncidentDetailPage.tsx:38:17)
    at AuthGuard (http://localhost:3000/src/router/AuthGuard.tsx:22:29)
    at RenderedRoute (http://localhost:3000/node_modules/.vite/deps/react-router-dom.js?v=714a31e7:3235:8)
    at Outlet (http://localhost:3000/node_modules/.vite/deps/react-router-dom.js?v=714a31e7:3585:25)
    at main
    at div
    at AppLayout (http://localhost:3000/src/router/AppLayout.tsx:25:24)
    at RenderedRoute (http://localhost:3000/node_modules/.vite/deps/react-router-dom.js?v=714a31e7:3235:8)
    at RenderErrorBoundary (http://localhost:3000/node_modules/.vite/deps/react-router-dom.js?v=714a31e7:3202:3)
    at DataRoutes (http://localhost:3000/node_modules/.vite/deps/react-router-dom.js?v=714a31e7:4278:8)
    at Router (http://localhost:3000/node_modules/.vite/deps/react-router-dom.js?v=714a31e7:3605:18)
    at RouterProvider (http://localhost:3000/node_modules/.vite/deps/react-router-dom.js?v=714a31e7:4111:8)
    at AppInner (http://localhost:3000/src/App.tsx:26:30)
    at QueryClientProvider (http://localhost:3000/node_modules/.vite/deps/@tanstack_react-query.js?v=714a31e7:2553:30)
    at App @ http://localhost:3000/@vite/client:524
[     489ms] [ERROR] Warning: React.jsx: type is invalid -- expected a string (for built-in components) or a class/function (for composite components) but got: %s.%s%s undefined  You likely forgot to export your component from the file it's defined in, or you might have mixed up default and named imports.

Check your code at IncidentTimelinePanel.tsx:125. 
    at IncidentTimelinePanel (http://localhost:3000/src/pages/incidents/components/IncidentTimelinePanel.tsx:53:41)
    at section
    at TabContentBase (http://localhost:3000/node_modules/.vite/deps/@patternfly_react-core.js?v=714a31e7:21905:8)
    at SSRSafeIds (http://localhost:3000/node_modules/.vite/deps/@patternfly_react-core.js?v=714a31e7:3589:21)
    at Tabs (http://localhost:3000/node_modules/.vite/deps/@patternfly_react-core.js?v=714a31e7:22073:3)
    at HaTabs (http://localhost:3000/src/components/ha-tabs/HaTabs.tsx:19:26)
    at div
    at IncidentDetailPage (http://localhost:3000/src/pages/incidents/IncidentDetailPage.tsx:38:17)
    at AuthGuard (http://localhost:3000/src/router/AuthGuard.tsx:22:29)
    at RenderedRoute (http://localhost:3000/node_modules/.vite/deps/react-router-dom.js?v=714a31e7:3235:8)
    at Outlet (http://localhost:3000/node_modules/.vite/deps/react-router-dom.js?v=714a31e7:3585:25)
    at main
    at div
    at AppLayout (http://localhost:3000/src/router/AppLayout.tsx:25:24)
    at RenderedRoute (http://localhost:3000/node_modules/.vite/deps/react-router-dom.js?v=714a31e7:3235:8)
    at RenderErrorBoundary (http://localhost:3000/node_modules/.vite/deps/react-router-dom.js?v=714a31e7:3202:3)
    at DataRoutes (http://localhost:3000/node_modules/.vite/deps/react-router-dom.js?v=714a31e7:4278:8)
    at Router (http://localhost:3000/node_modules/.vite/deps/react-router-dom.js?v=714a31e7:3605:18)
    at RouterProvider (http://localhost:3000/node_modules/.vite/deps/react-router-dom.js?v=714a31e7:4111:8)
    at AppInner (http://localhost:3000/src/App.tsx:26:30)
    at QueryClientProvider (http://localhost:3000/node_modules/.vite/deps/@tanstack_react-query.js?v=714a31e7:2553:30)
    at App @ http://localhost:3000/@vite/client:524
[     489ms] [ERROR] Warning: React.jsx: type is invalid -- expected a string (for built-in components) or a class/function (for composite components) but got: %s.%s%s undefined  You likely forgot to export your component from the file it's defined in, or you might have mixed up default and named imports.

Check your code at IncidentTimelinePanel.tsx:125. 
    at IncidentTimelinePanel (http://localhost:3000/src/pages/incidents/components/IncidentTimelinePanel.tsx:53:41)
    at section
    at TabContentBase (http://localhost:3000/node_modules/.vite/deps/@patternfly_react-core.js?v=714a31e7:21905:8)
    at SSRSafeIds (http://localhost:3000/node_modules/.vite/deps/@patternfly_react-core.js?v=714a31e7:3589:21)
    at Tabs (http://localhost:3000/node_modules/.vite/deps/@patternfly_react-core.js?v=714a31e7:22073:3)
    at HaTabs (http://localhost:3000/src/components/ha-tabs/HaTabs.tsx:19:26)
    at div
    at IncidentDetailPage (http://localhost:3000/src/pages/incidents/IncidentDetailPage.tsx:38:17)
    at AuthGuard (http://localhost:3000/src/router/AuthGuard.tsx:22:29)
    at RenderedRoute (http://localhost:3000/node_modules/.vite/deps/react-router-dom.js?v=714a31e7:3235:8)
    at Outlet (http://localhost:3000/node_modules/.vite/deps/react-router-dom.js?v=714a31e7:3585:25)
    at main
    at div
    at AppLayout (http://localhost:3000/src/router/AppLayout.tsx:25:24)
    at RenderedRoute (http://localhost:3000/node_modules/.vite/deps/react-router-dom.js?v=714a31e7:3235:8)
    at RenderErrorBoundary (http://localhost:3000/node_modules/.vite/deps/react-router-dom.js?v=714a31e7:3202:3)
    at DataRoutes (http://localhost:3000/node_modules/.vite/deps/react-router-dom.js?v=714a31e7:4278:8)
    at Router (http://localhost:3000/node_modules/.vite/deps/react-router-dom.js?v=714a31e7:3605:18)
    at RouterProvider (http://localhost:3000/node_modules/.vite/deps/react-router-dom.js?v=714a31e7:4111:8)
    at AppInner (http://localhost:3000/src/App.tsx:26:30)
    at QueryClientProvider (http://localhost:3000/node_modules/.vite/deps/@tanstack_react-query.js?v=714a31e7:2553:30)
    at App @ http://localhost:3000/@vite/client:524
[     489ms] [ERROR] Warning: React.jsx: type is invalid -- expected a string (for built-in components) or a class/function (for composite components) but got: %s.%s%s undefined  You likely forgot to export your component from the file it's defined in, or you might have mixed up default and named imports.

Check your code at IncidentTimelinePanel.tsx:125. 
    at IncidentTimelinePanel (http://localhost:3000/src/pages/incidents/components/IncidentTimelinePanel.tsx:53:41)
    at section
    at TabContentBase (http://localhost:3000/node_modules/.vite/deps/@patternfly_react-core.js?v=714a31e7:21905:8)
    at SSRSafeIds (http://localhost:3000/node_modules/.vite/deps/@patternfly_react-core.js?v=714a31e7:3589:21)
    at Tabs (http://localhost:3000/node_modules/.vite/deps/@patternfly_react-core.js?v=714a31e7:22073:3)
    at HaTabs (http://localhost:3000/src/components/ha-tabs/HaTabs.tsx:19:26)
    at div
    at IncidentDetailPage (http://localhost:3000/src/pages/incidents/IncidentDetailPage.tsx:38:17)
    at AuthGuard (http://localhost:3000/src/router/AuthGuard.tsx:22:29)
    at RenderedRoute (http://localhost:3000/node_modules/.vite/deps/react-router-dom.js?v=714a31e7:3235:8)
    at Outlet (http://localhost:3000/node_modules/.vite/deps/react-router-dom.js?v=714a31e7:3585:25)
    at main
    at div
    at AppLayout (http://localhost:3000/src/router/AppLayout.tsx:25:24)
    at RenderedRoute (http://localhost:3000/node_modules/.vite/deps/react-router-dom.js?v=714a31e7:3235:8)
    at RenderErrorBoundary (http://localhost:3000/node_modules/.vite/deps/react-router-dom.js?v=714a31e7:3202:3)
    at DataRoutes (http://localhost:3000/node_modules/.vite/deps/react-router-dom.js?v=714a31e7:4278:8)
    at Router (http://localhost:3000/node_modules/.vite/deps/react-router-dom.js?v=714a31e7:3605:18)
    at RouterProvider (http://localhost:3000/node_modules/.vite/deps/react-router-dom.js?v=714a31e7:4111:8)
    at AppInner (http://localhost:3000/src/App.tsx:26:30)
    at QueryClientProvider (http://localhost:3000/node_modules/.vite/deps/@tanstack_react-query.js?v=714a31e7:2553:30)
    at App @ http://localhost:3000/@vite/client:524
[     489ms] [ERROR] Warning: React.jsx: type is invalid -- expected a string (for built-in components) or a class/function (for composite components) but got: %s.%s%s undefined  You likely forgot to export your component from the file it's defined in, or you might have mixed up default and named imports.

Check your code at IncidentTimelinePanel.tsx:125. 
    at IncidentTimelinePanel (http://localhost:3000/src/pages/incidents/components/IncidentTimelinePanel.tsx:53:41)
    at section
    at TabContentBase (http://localhost:3000/node_modules/.vite/deps/@patternfly_react-core.js?v=714a31e7:21905:8)
    at SSRSafeIds (http://localhost:3000/node_modules/.vite/deps/@patternfly_react-core.js?v=714a31e7:3589:21)
    at Tabs (http://localhost:3000/node_modules/.vite/deps/@patternfly_react-core.js?v=714a31e7:22073:3)
    at HaTabs (http://localhost:3000/src/components/ha-tabs/HaTabs.tsx:19:26)
    at div
    at IncidentDetailPage (http://localhost:3000/src/pages/incidents/IncidentDetailPage.tsx:38:17)
    at AuthGuard (http://localhost:3000/src/router/AuthGuard.tsx:22:29)
    at RenderedRoute (http://localhost:3000/node_modules/.vite/deps/react-router-dom.js?v=714a31e7:3235:8)
    at Outlet (http://localhost:3000/node_modules/.vite/deps/react-router-dom.js?v=714a31e7:3585:25)
    at main
    at div
    at AppLayout (http://localhost:3000/src/router/AppLayout.tsx:25:24)
    at RenderedRoute (http://localhost:3000/node_modules/.vite/deps/react-router-dom.js?v=714a31e7:3235:8)
    at RenderErrorBoundary (http://localhost:3000/node_modules/.vite/deps/react-router-dom.js?v=714a31e7:3202:3)
    at DataRoutes (http://localhost:3000/node_modules/.vite/deps/react-router-dom.js?v=714a31e7:4278:8)
    at Router (http://localhost:3000/node_modules/.vite/deps/react-router-dom.js?v=714a31e7:3605:18)
    at RouterProvider (http://localhost:3000/node_modules/.vite/deps/react-router-dom.js?v=714a31e7:4111:8)
    at AppInner (http://localhost:3000/src/App.tsx:26:30)
    at QueryClientProvider (http://localhost:3000/node_modules/.vite/deps/@tanstack_react-query.js?v=714a31e7:2553:30)
    at App @ http://localhost:3000/@vite/client:524
[     489ms] [ERROR] Warning: React.jsx: type is invalid -- expected a string (for built-in components) or a class/function (for composite components) but got: %s.%s%s undefined  You likely forgot to export your component from the file it's defined in, or you might have mixed up default and named imports.

Check your code at IncidentTimelinePanel.tsx:125. 
    at IncidentTimelinePanel (http://localhost:3000/src/pages/incidents/components/IncidentTimelinePanel.tsx:53:41)
    at section
    at TabContentBase (http://localhost:3000/node_modules/.vite/deps/@patternfly_react-core.js?v=714a31e7:21905:8)
    at SSRSafeIds (http://localhost:3000/node_modules/.vite/deps/@patternfly_react-core.js?v=714a31e7:3589:21)
    at Tabs (http://localhost:3000/node_modules/.vite/deps/@patternfly_react-core.js?v=714a31e7:22073:3)
    at HaTabs (http://localhost:3000/src/components/ha-tabs/HaTabs.tsx:19:26)
    at div
    at IncidentDetailPage (http://localhost:3000/src/pages/incidents/IncidentDetailPage.tsx:38:17)
    at AuthGuard (http://localhost:3000/src/router/AuthGuard.tsx:22:29)
    at RenderedRoute (http://localhost:3000/node_modules/.vite/deps/react-router-dom.js?v=714a31e7:3235:8)
    at Outlet (http://localhost:3000/node_modules/.vite/deps/react-router-dom.js?v=714a31e7:3585:25)
    at main
    at div
    at AppLayout (http://localhost:3000/src/router/AppLayout.tsx:25:24)
    at RenderedRoute (http://localhost:3000/node_modules/.vite/deps/react-router-dom.js?v=714a31e7:3235:8)
    at RenderErrorBoundary (http://localhost:3000/node_modules/.vite/deps/react-router-dom.js?v=714a31e7:3202:3)
    at DataRoutes (http://localhost:3000/node_modules/.vite/deps/react-router-dom.js?v=714a31e7:4278:8)
    at Router (http://localhost:3000/node_modules/.vite/deps/react-router-dom.js?v=714a31e7:3605:18)
    at RouterProvider (http://localhost:3000/node_modules/.vite/deps/react-router-dom.js?v=714a31e7:4111:8)
    at AppInner (http://localhost:3000/src/App.tsx:26:30)
    at QueryClientProvider (http://localhost:3000/node_modules/.vite/deps/@tanstack_react-query.js?v=714a31e7:2553:30)
    at App @ http://localhost:3000/@vite/client:524
[     489ms] [ERROR] Warning: React.jsx: type is invalid -- expected a string (for built-in components) or a class/function (for composite components) but got: %s.%s%s undefined  You likely forgot to export your component from the file it's defined in, or you might have mixed up default and named imports.

Check your code at IncidentTimelinePanel.tsx:125. 
    at IncidentTimelinePanel (http://localhost:3000/src/pages/incidents/components/IncidentTimelinePanel.tsx:53:41)
    at section
    at TabContentBase (http://localhost:3000/node_modules/.vite/deps/@patternfly_react-core.js?v=714a31e7:21905:8)
    at SSRSafeIds (http://localhost:3000/node_modules/.vite/deps/@patternfly_react-core.js?v=714a31e7:3589:21)
    at Tabs (http://localhost:3000/node_modules/.vite/deps/@patternfly_react-core.js?v=714a31e7:22073:3)
    at HaTabs (http://localhost:3000/src/components/ha-tabs/HaTabs.tsx:19:26)
    at div
    at IncidentDetailPage (http://localhost:3000/src/pages/incidents/IncidentDetailPage.tsx:38:17)
    at AuthGuard (http://localhost:3000/src/router/AuthGuard.tsx:22:29)
    at RenderedRoute (http://localhost:3000/node_modules/.vite/deps/react-router-dom.js?v=714a31e7:3235:8)
    at Outlet (http://localhost:3000/node_modules/.vite/deps/react-router-dom.js?v=714a31e7:3585:25)
    at main
    at div
    at AppLayout (http://localhost:3000/src/router/AppLayout.tsx:25:24)
    at RenderedRoute (http://localhost:3000/node_modules/.vite/deps/react-router-dom.js?v=714a31e7:3235:8)
    at RenderErrorBoundary (http://localhost:3000/node_modules/.vite/deps/react-router-dom.js?v=714a31e7:3202:3)
    at DataRoutes (http://localhost:3000/node_modules/.vite/deps/react-router-dom.js?v=714a31e7:4278:8)
    at Router (http://localhost:3000/node_modules/.vite/deps/react-router-dom.js?v=714a31e7:3605:18)
    at RouterProvider (http://localhost:3000/node_modules/.vite/deps/react-router-dom.js?v=714a31e7:4111:8)
    at AppInner (http://localhost:3000/src/App.tsx:26:30)
    at QueryClientProvider (http://localhost:3000/node_modules/.vite/deps/@tanstack_react-query.js?v=714a31e7:2553:30)
    at App @ http://localhost:3000/@vite/client:524
[     489ms] [ERROR] Warning: React.jsx: type is invalid -- expected a string (for built-in components) or a class/function (for composite components) but got: %s.%s%s undefined  You likely forgot to export your component from the file it's defined in, or you might have mixed up default and named imports.

Check your code at IncidentTimelinePanel.tsx:125. 
    at IncidentTimelinePanel (http://localhost:3000/src/pages/incidents/components/IncidentTimelinePanel.tsx:53:41)
    at section
    at TabContentBase (http://localhost:3000/node_modules/.vite/deps/@patternfly_react-core.js?v=714a31e7:21905:8)
    at SSRSafeIds (http://localhost:3000/node_modules/.vite/deps/@patternfly_react-core.js?v=714a31e7:3589:21)
    at Tabs (http://localhost:3000/node_modules/.vite/deps/@patternfly_react-core.js?v=714a31e7:22073:3)
    at HaTabs (http://localhost:3000/src/components/ha-tabs/HaTabs.tsx:19:26)
    at div
    at IncidentDetailPage (http://localhost:3000/src/pages/incidents/IncidentDetailPage.tsx:38:17)
    at AuthGuard (http://localhost:3000/src/router/AuthGuard.tsx:22:29)
    at RenderedRoute (http://localhost:3000/node_modules/.vite/deps/react-router-dom.js?v=714a31e7:3235:8)
    at Outlet (http://localhost:3000/node_modules/.vite/deps/react-router-dom.js?v=714a31e7:3585:25)
    at main
    at div
    at AppLayout (http://localhost:3000/src/router/AppLayout.tsx:25:24)
    at RenderedRoute (http://localhost:3000/node_modules/.vite/deps/react-router-dom.js?v=714a31e7:3235:8)
    at RenderErrorBoundary (http://localhost:3000/node_modules/.vite/deps/react-router-dom.js?v=714a31e7:3202:3)
    at DataRoutes (http://localhost:3000/node_modules/.vite/deps/react-router-dom.js?v=714a31e7:4278:8)
    at Router (http://localhost:3000/node_modules/.vite/deps/react-router-dom.js?v=714a31e7:3605:18)
    at RouterProvider (http://localhost:3000/node_modules/.vite/deps/react-router-dom.js?v=714a31e7:4111:8)
    at AppInner (http://localhost:3000/src/App.tsx:26:30)
    at QueryClientProvider (http://localhost:3000/node_modules/.vite/deps/@tanstack_react-query.js?v=714a31e7:2553:30)
    at App @ http://localhost:3000/@vite/client:524
[     489ms] [ERROR] Warning: React.jsx: type is invalid -- expected a string (for built-in components) or a class/function (for composite components) but got: %s.%s%s undefined  You likely forgot to export your component from the file it's defined in, or you might have mixed up default and named imports.

Check your code at IncidentTimelinePanel.tsx:125. 
    at IncidentTimelinePanel (http://localhost:3000/src/pages/incidents/components/IncidentTimelinePanel.tsx:53:41)
    at section
    at TabContentBase (http://localhost:3000/node_modules/.vite/deps/@patternfly_react-core.js?v=714a31e7:21905:8)
    at SSRSafeIds (http://localhost:3000/node_modules/.vite/deps/@patternfly_react-core.js?v=714a31e7:3589:21)
    at Tabs (http://localhost:3000/node_modules/.vite/deps/@patternfly_react-core.js?v=714a31e7:22073:3)
    at HaTabs (http://localhost:3000/src/components/ha-tabs/HaTabs.tsx:19:26)
    at div
    at IncidentDetailPage (http://localhost:3000/src/pages/incidents/IncidentDetailPage.tsx:38:17)
    at AuthGuard (http://localhost:3000/src/router/AuthGuard.tsx:22:29)
    at RenderedRoute (http://localhost:3000/node_modules/.vite/deps/react-router-dom.js?v=714a31e7:3235:8)
    at Outlet (http://localhost:3000/node_modules/.vite/deps/react-router-dom.js?v=714a31e7:3585:25)
    at main
    at div
    at AppLayout (http://localhost:3000/src/router/AppLayout.tsx:25:24)
    at RenderedRoute (http://localhost:3000/node_modules/.vite/deps/react-router-dom.js?v=714a31e7:3235:8)
    at RenderErrorBoundary (http://localhost:3000/node_modules/.vite/deps/react-router-dom.js?v=714a31e7:3202:3)
    at DataRoutes (http://localhost:3000/node_modules/.vite/deps/react-router-dom.js?v=714a31e7:4278:8)
    at Router (http://localhost:3000/node_modules/.vite/deps/react-router-dom.js?v=714a31e7:3605:18)
    at RouterProvider (http://localhost:3000/node_modules/.vite/deps/react-router-dom.js?v=714a31e7:4111:8)
    at AppInner (http://localhost:3000/src/App.tsx:26:30)
    at QueryClientProvider (http://localhost:3000/node_modules/.vite/deps/@tanstack_react-query.js?v=714a31e7:2553:30)
    at App @ http://localhost:3000/@vite/client:524
[     489ms] [ERROR] Warning: React.jsx: type is invalid -- expected a string (for built-in components) or a class/function (for composite components) but got: %s.%s%s undefined  You likely forgot to export your component from the file it's defined in, or you might have mixed up default and named imports.

Check your code at IncidentTimelinePanel.tsx:125. 
    at IncidentTimelinePanel (http://localhost:3000/src/pages/incidents/components/IncidentTimelinePanel.tsx:53:41)
    at section
    at TabContentBase (http://localhost:3000/node_modules/.vite/deps/@patternfly_react-core.js?v=714a31e7:21905:8)
    at SSRSafeIds (http://localhost:3000/node_modules/.vite/deps/@patternfly_react-core.js?v=714a31e7:3589:21)
    at Tabs (http://localhost:3000/node_modules/.vite/deps/@patternfly_react-core.js?v=714a31e7:22073:3)
    at HaTabs (http://localhost:3000/src/components/ha-tabs/HaTabs.tsx:19:26)
    at div
    at IncidentDetailPage (http://localhost:3000/src/pages/incidents/IncidentDetailPage.tsx:38:17)
    at AuthGuard (http://localhost:3000/src/router/AuthGuard.tsx:22:29)
    at RenderedRoute (http://localhost:3000/node_modules/.vite/deps/react-router-dom.js?v=714a31e7:3235:8)
    at Outlet (http://localhost:3000/node_modules/.vite/deps/react-router-dom.js?v=714a31e7:3585:25)
    at main
    at div
    at AppLayout (http://localhost:3000/src/router/AppLayout.tsx:25:24)
    at RenderedRoute (http://localhost:3000/node_modules/.vite/deps/react-router-dom.js?v=714a31e7:3235:8)
    at RenderErrorBoundary (http://localhost:3000/node_modules/.vite/deps/react-router-dom.js?v=714a31e7:3202:3)
    at DataRoutes (http://localhost:3000/node_modules/.vite/deps/react-router-dom.js?v=714a31e7:4278:8)
    at Router (http://localhost:3000/node_modules/.vite/deps/react-router-dom.js?v=714a31e7:3605:18)
    at RouterProvider (http://localhost:3000/node_modules/.vite/deps/react-router-dom.js?v=714a31e7:4111:8)
    at AppInner (http://localhost:3000/src/App.tsx:26:30)
    at QueryClientProvider (http://localhost:3000/node_modules/.vite/deps/@tanstack_react-query.js?v=714a31e7:2553:30)
    at App @ http://localhost:3000/@vite/client:524
[     490ms] Error: Element type is invalid: expected a string (for built-in components) or a class/function (for composite components) but got: undefined. You likely forgot to export your component from the file it's defined in, or you might have mixed up default and named imports.

Check the render method of `IncidentTimelinePanel`.
    at createFiberFromTypeAndProps (http://localhost:3000/node_modules/.vite/deps/react-dom-DZQ9hRBr.js?v=714a31e7:16466:12)
    at createFiberFromElement (http://localhost:3000/node_modules/.vite/deps/react-dom-DZQ9hRBr.js?v=714a31e7:16481:16)
    at reconcileSingleElement (http://localhost:3000/node_modules/.vite/deps/react-dom-DZQ9hRBr.js?v=714a31e7:8849:22)
    at reconcileChildFibers (http://localhost:3000/node_modules/.vite/deps/react-dom-DZQ9hRBr.js?v=714a31e7:8879:56)
    at reconcileChildren (http://localhost:3000/node_modules/.vite/deps/react-dom-DZQ9hRBr.js?v=714a31e7:11924:49)
    at updateHostComponent (http://localhost:3000/node_modules/.vite/deps/react-dom-DZQ9hRBr.js?v=714a31e7:12287:4)
    at beginWork (http://localhost:3000/node_modules/.vite/deps/react-dom-DZQ9hRBr.js?v=714a31e7:13102:32)
    at HTMLUnknownElement.callCallback (http://localhost:3000/node_modules/.vite/deps/react-dom-DZQ9hRBr.js?v=714a31e7:3142:11)
    at Object.invokeGuardedCallbackDev (http://localhost:3000/node_modules/.vite/deps/react-dom-DZQ9hRBr.js?v=714a31e7:3162:14)
    at invokeGuardedCallback (http://localhost:3000/node_modules/.vite/deps/react-dom-DZQ9hRBr.js?v=714a31e7:3201:32)
[     490ms] Error: Element type is invalid: expected a string (for built-in components) or a class/function (for composite components) but got: undefined. You likely forgot to export your component from the file it's defined in, or you might have mixed up default and named imports.

Check the render method of `IncidentTimelinePanel`.
    at createFiberFromTypeAndProps (http://localhost:3000/node_modules/.vite/deps/react-dom-DZQ9hRBr.js?v=714a31e7:16466:12)
    at createFiberFromElement (http://localhost:3000/node_modules/.vite/deps/react-dom-DZQ9hRBr.js?v=714a31e7:16481:16)
    at reconcileSingleElement (http://localhost:3000/node_modules/.vite/deps/react-dom-DZQ9hRBr.js?v=714a31e7:8849:22)
    at reconcileChildFibers (http://localhost:3000/node_modules/.vite/deps/react-dom-DZQ9hRBr.js?v=714a31e7:8879:56)
    at reconcileChildren (http://localhost:3000/node_modules/.vite/deps/react-dom-DZQ9hRBr.js?v=714a31e7:11924:49)
    at updateHostComponent (http://localhost:3000/node_modules/.vite/deps/react-dom-DZQ9hRBr.js?v=714a31e7:12287:4)
    at beginWork (http://localhost:3000/node_modules/.vite/deps/react-dom-DZQ9hRBr.js?v=714a31e7:13102:32)
    at HTMLUnknownElement.callCallback (http://localhost:3000/node_modules/.vite/deps/react-dom-DZQ9hRBr.js?v=714a31e7:3142:11)
    at Object.invokeGuardedCallbackDev (http://localhost:3000/node_modules/.vite/deps/react-dom-DZQ9hRBr.js?v=714a31e7:3162:14)
    at invokeGuardedCallback (http://localhost:3000/node_modules/.vite/deps/react-dom-DZQ9hRBr.js?v=714a31e7:3201:32)
[     490ms] Error: Element type is invalid: expected a string (for built-in components) or a class/function (for composite components) but got: undefined. You likely forgot to export your component from the file it's defined in, or you might have mixed up default and named imports.

Check the render method of `IncidentTimelinePanel`.
    at createFiberFromTypeAndProps (http://localhost:3000/node_modules/.vite/deps/react-dom-DZQ9hRBr.js?v=714a31e7:16466:12)
    at createFiberFromElement (http://localhost:3000/node_modules/.vite/deps/react-dom-DZQ9hRBr.js?v=714a31e7:16481:16)
    at reconcileSingleElement (http://localhost:3000/node_modules/.vite/deps/react-dom-DZQ9hRBr.js?v=714a31e7:8849:22)
    at reconcileChildFibers (http://localhost:3000/node_modules/.vite/deps/react-dom-DZQ9hRBr.js?v=714a31e7:8879:56)
    at reconcileChildren (http://localhost:3000/node_modules/.vite/deps/react-dom-DZQ9hRBr.js?v=714a31e7:11924:49)
    at updateHostComponent (http://localhost:3000/node_modules/.vite/deps/react-dom-DZQ9hRBr.js?v=714a31e7:12287:4)
    at beginWork (http://localhost:3000/node_modules/.vite/deps/react-dom-DZQ9hRBr.js?v=714a31e7:13102:32)
    at HTMLUnknownElement.callCallback (http://localhost:3000/node_modules/.vite/deps/react-dom-DZQ9hRBr.js?v=714a31e7:3142:11)
    at Object.invokeGuardedCallbackDev (http://localhost:3000/node_modules/.vite/deps/react-dom-DZQ9hRBr.js?v=714a31e7:3162:14)
    at invokeGuardedCallback (http://localhost:3000/node_modules/.vite/deps/react-dom-DZQ9hRBr.js?v=714a31e7:3201:32)
[     490ms] Error: Element type is invalid: expected a string (for built-in components) or a class/function (for composite components) but got: undefined. You likely forgot to export your component from the file it's defined in, or you might have mixed up default and named imports.

Check the render method of `IncidentTimelinePanel`.
    at createFiberFromTypeAndProps (http://localhost:3000/node_modules/.vite/deps/react-dom-DZQ9hRBr.js?v=714a31e7:16466:12)
    at createFiberFromElement (http://localhost:3000/node_modules/.vite/deps/react-dom-DZQ9hRBr.js?v=714a31e7:16481:16)
    at reconcileSingleElement (http://localhost:3000/node_modules/.vite/deps/react-dom-DZQ9hRBr.js?v=714a31e7:8849:22)
    at reconcileChildFibers (http://localhost:3000/node_modules/.vite/deps/react-dom-DZQ9hRBr.js?v=714a31e7:8879:56)
    at reconcileChildren (http://localhost:3000/node_modules/.vite/deps/react-dom-DZQ9hRBr.js?v=714a31e7:11924:49)
    at updateHostComponent (http://localhost:3000/node_modules/.vite/deps/react-dom-DZQ9hRBr.js?v=714a31e7:12287:4)
    at beginWork (http://localhost:3000/node_modules/.vite/deps/react-dom-DZQ9hRBr.js?v=714a31e7:13102:32)
    at HTMLUnknownElement.callCallback (http://localhost:3000/node_modules/.vite/deps/react-dom-DZQ9hRBr.js?v=714a31e7:3142:11)
    at Object.invokeGuardedCallbackDev (http://localhost:3000/node_modules/.vite/deps/react-dom-DZQ9hRBr.js?v=714a31e7:3162:14)
    at invokeGuardedCallback (http://localhost:3000/node_modules/.vite/deps/react-dom-DZQ9hRBr.js?v=714a31e7:3201:32)
[     490ms] Error: Element type is invalid: expected a string (for built-in components) or a class/function (for composite components) but got: undefined. You likely forgot to export your component from the file it's defined in, or you might have mixed up default and named imports.

Check the render method of `IncidentTimelinePanel`.
    at createFiberFromTypeAndProps (http://localhost:3000/node_modules/.vite/deps/react-dom-DZQ9hRBr.js?v=714a31e7:16466:12)
    at createFiberFromElement (http://localhost:3000/node_modules/.vite/deps/react-dom-DZQ9hRBr.js?v=714a31e7:16481:16)
    at reconcileSingleElement (http://localhost:3000/node_modules/.vite/deps/react-dom-DZQ9hRBr.js?v=714a31e7:8849:22)
    at reconcileChildFibers (http://localhost:3000/node_modules/.vite/deps/react-dom-DZQ9hRBr.js?v=714a31e7:8879:56)
    at reconcileChildren (http://localhost:3000/node_modules/.vite/deps/react-dom-DZQ9hRBr.js?v=714a31e7:11924:49)
    at updateHostComponent (http://localhost:3000/node_modules/.vite/deps/react-dom-DZQ9hRBr.js?v=714a31e7:12287:4)
    at beginWork (http://localhost:3000/node_modules/.vite/deps/react-dom-DZQ9hRBr.js?v=714a31e7:13102:32)
    at HTMLUnknownElement.callCallback (http://localhost:3000/node_modules/.vite/deps/react-dom-DZQ9hRBr.js?v=714a31e7:3142:11)
    at Object.invokeGuardedCallbackDev (http://localhost:3000/node_modules/.vite/deps/react-dom-DZQ9hRBr.js?v=714a31e7:3162:14)
    at invokeGuardedCallback (http://localhost:3000/node_modules/.vite/deps/react-dom-DZQ9hRBr.js?v=714a31e7:3201:32)
[     490ms] Error: Element type is invalid: expected a string (for built-in components) or a class/function (for composite components) but got: undefined. You likely forgot to export your component from the file it's defined in, or you might have mixed up default and named imports.

Check the render method of `IncidentTimelinePanel`.
    at createFiberFromTypeAndProps (http://localhost:3000/node_modules/.vite/deps/react-dom-DZQ9hRBr.js?v=714a31e7:16466:12)
    at createFiberFromElement (http://localhost:3000/node_modules/.vite/deps/react-dom-DZQ9hRBr.js?v=714a31e7:16481:16)
    at reconcileSingleElement (http://localhost:3000/node_modules/.vite/deps/react-dom-DZQ9hRBr.js?v=714a31e7:8849:22)
    at reconcileChildFibers (http://localhost:3000/node_modules/.vite/deps/react-dom-DZQ9hRBr.js?v=714a31e7:8879:56)
    at reconcileChildren (http://localhost:3000/node_modules/.vite/deps/react-dom-DZQ9hRBr.js?v=714a31e7:11924:49)
    at updateHostComponent (http://localhost:3000/node_modules/.vite/deps/react-dom-DZQ9hRBr.js?v=714a31e7:12287:4)
    at beginWork (http://localhost:3000/node_modules/.vite/deps/react-dom-DZQ9hRBr.js?v=714a31e7:13102:32)
    at HTMLUnknownElement.callCallback (http://localhost:3000/node_modules/.vite/deps/react-dom-DZQ9hRBr.js?v=714a31e7:3142:11)
    at Object.invokeGuardedCallbackDev (http://localhost:3000/node_modules/.vite/deps/react-dom-DZQ9hRBr.js?v=714a31e7:3162:14)
    at invokeGuardedCallback (http://localhost:3000/node_modules/.vite/deps/react-dom-DZQ9hRBr.js?v=714a31e7:3201:32)
[     490ms] Error: Element type is invalid: expected a string (for built-in components) or a class/function (for composite components) but got: undefined. You likely forgot to export your component from the file it's defined in, or you might have mixed up default and named imports.

Check the render method of `IncidentTimelinePanel`.
    at createFiberFromTypeAndProps (http://localhost:3000/node_modules/.vite/deps/react-dom-DZQ9hRBr.js?v=714a31e7:16466:12)
    at createFiberFromElement (http://localhost:3000/node_modules/.vite/deps/react-dom-DZQ9hRBr.js?v=714a31e7:16481:16)
    at reconcileSingleElement (http://localhost:3000/node_modules/.vite/deps/react-dom-DZQ9hRBr.js?v=714a31e7:8849:22)
    at reconcileChildFibers (http://localhost:3000/node_modules/.vite/deps/react-dom-DZQ9hRBr.js?v=714a31e7:8879:56)
    at reconcileChildren (http://localhost:3000/node_modules/.vite/deps/react-dom-DZQ9hRBr.js?v=714a31e7:11924:49)
    at updateHostComponent (http://localhost:3000/node_modules/.vite/deps/react-dom-DZQ9hRBr.js?v=714a31e7:12287:4)
    at beginWork (http://localhost:3000/node_modules/.vite/deps/react-dom-DZQ9hRBr.js?v=714a31e7:13102:32)
    at HTMLUnknownElement.callCallback (http://localhost:3000/node_modules/.vite/deps/react-dom-DZQ9hRBr.js?v=714a31e7:3142:11)
    at Object.invokeGuardedCallbackDev (http://localhost:3000/node_modules/.vite/deps/react-dom-DZQ9hRBr.js?v=714a31e7:3162:14)
    at invokeGuardedCallback (http://localhost:3000/node_modules/.vite/deps/react-dom-DZQ9hRBr.js?v=714a31e7:3201:32)
[     490ms] Error: Element type is invalid: expected a string (for built-in components) or a class/function (for composite components) but got: undefined. You likely forgot to export your component from the file it's defined in, or you might have mixed up default and named imports.

Check the render method of `IncidentTimelinePanel`.
    at createFiberFromTypeAndProps (http://localhost:3000/node_modules/.vite/deps/react-dom-DZQ9hRBr.js?v=714a31e7:16466:12)
    at createFiberFromElement (http://localhost:3000/node_modules/.vite/deps/react-dom-DZQ9hRBr.js?v=714a31e7:16481:16)
    at reconcileSingleElement (http://localhost:3000/node_modules/.vite/deps/react-dom-DZQ9hRBr.js?v=714a31e7:8849:22)
    at reconcileChildFibers (http://localhost:3000/node_modules/.vite/deps/react-dom-DZQ9hRBr.js?v=714a31e7:8879:56)
    at reconcileChildren (http://localhost:3000/node_modules/.vite/deps/react-dom-DZQ9hRBr.js?v=714a31e7:11924:49)
    at updateHostComponent (http://localhost:3000/node_modules/.vite/deps/react-dom-DZQ9hRBr.js?v=714a31e7:12287:4)
    at beginWork (http://localhost:3000/node_modules/.vite/deps/react-dom-DZQ9hRBr.js?v=714a31e7:13102:32)
    at HTMLUnknownElement.callCallback (http://localhost:3000/node_modules/.vite/deps/react-dom-DZQ9hRBr.js?v=714a31e7:3142:11)
    at Object.invokeGuardedCallbackDev (http://localhost:3000/node_modules/.vite/deps/react-dom-DZQ9hRBr.js?v=714a31e7:3162:14)
    at invokeGuardedCallback (http://localhost:3000/node_modules/.vite/deps/react-dom-DZQ9hRBr.js?v=714a31e7:3201:32)
[     490ms] Error: Element type is invalid: expected a string (for built-in components) or a class/function (for composite components) but got: undefined. You likely forgot to export your component from the file it's defined in, or you might have mixed up default and named imports.

Check the render method of `IncidentTimelinePanel`.
    at createFiberFromTypeAndProps (http://localhost:3000/node_modules/.vite/deps/react-dom-DZQ9hRBr.js?v=714a31e7:16466:12)
    at createFiberFromElement (http://localhost:3000/node_modules/.vite/deps/react-dom-DZQ9hRBr.js?v=714a31e7:16481:16)
    at reconcileSingleElement (http://localhost:3000/node_modules/.vite/deps/react-dom-DZQ9hRBr.js?v=714a31e7:8849:22)
    at reconcileChildFibers (http://localhost:3000/node_modules/.vite/deps/react-dom-DZQ9hRBr.js?v=714a31e7:8879:56)
    at reconcileChildren (http://localhost:3000/node_modules/.vite/deps/react-dom-DZQ9hRBr.js?v=714a31e7:11924:49)
    at updateHostComponent (http://localhost:3000/node_modules/.vite/deps/react-dom-DZQ9hRBr.js?v=714a31e7:12287:4)
    at beginWork (http://localhost:3000/node_modules/.vite/deps/react-dom-DZQ9hRBr.js?v=714a31e7:13102:32)
    at HTMLUnknownElement.callCallback (http://localhost:3000/node_modules/.vite/deps/react-dom-DZQ9hRBr.js?v=714a31e7:3142:11)
    at Object.invokeGuardedCallbackDev (http://localhost:3000/node_modules/.vite/deps/react-dom-DZQ9hRBr.js?v=714a31e7:3162:14)
    at invokeGuardedCallback (http://localhost:3000/node_modules/.vite/deps/react-dom-DZQ9hRBr.js?v=714a31e7:3201:32)
[     490ms] Error: Element type is invalid: expected a string (for built-in components) or a class/function (for composite components) but got: undefined. You likely forgot to export your component from the file it's defined in, or you might have mixed up default and named imports.

Check the render method of `IncidentTimelinePanel`.
    at createFiberFromTypeAndProps (http://localhost:3000/node_modules/.vite/deps/react-dom-DZQ9hRBr.js?v=714a31e7:16466:12)
    at createFiberFromElement (http://localhost:3000/node_modules/.vite/deps/react-dom-DZQ9hRBr.js?v=714a31e7:16481:16)
    at reconcileSingleElement (http://localhost:3000/node_modules/.vite/deps/react-dom-DZQ9hRBr.js?v=714a31e7:8849:22)
    at reconcileChildFibers (http://localhost:3000/node_modules/.vite/deps/react-dom-DZQ9hRBr.js?v=714a31e7:8879:56)
    at reconcileChildren (http://localhost:3000/node_modules/.vite/deps/react-dom-DZQ9hRBr.js?v=714a31e7:11924:49)
    at updateHostComponent (http://localhost:3000/node_modules/.vite/deps/react-dom-DZQ9hRBr.js?v=714a31e7:12287:4)
    at beginWork (http://localhost:3000/node_modules/.vite/deps/react-dom-DZQ9hRBr.js?v=714a31e7:13102:32)
    at HTMLUnknownElement.callCallback (http://localhost:3000/node_modules/.vite/deps/react-dom-DZQ9hRBr.js?v=714a31e7:3142:11)
    at Object.invokeGuardedCallbackDev (http://localhost:3000/node_modules/.vite/deps/react-dom-DZQ9hRBr.js?v=714a31e7:3162:14)
    at invokeGuardedCallback (http://localhost:3000/node_modules/.vite/deps/react-dom-DZQ9hRBr.js?v=714a31e7:3201:32)
[     490ms] Error: Element type is invalid: expected a string (for built-in components) or a class/function (for composite components) but got: undefined. You likely forgot to export your component from the file it's defined in, or you might have mixed up default and named imports.

Check the render method of `IncidentTimelinePanel`.
    at createFiberFromTypeAndProps (http://localhost:3000/node_modules/.vite/deps/react-dom-DZQ9hRBr.js?v=714a31e7:16466:12)
    at createFiberFromElement (http://localhost:3000/node_modules/.vite/deps/react-dom-DZQ9hRBr.js?v=714a31e7:16481:16)
    at reconcileSingleElement (http://localhost:3000/node_modules/.vite/deps/react-dom-DZQ9hRBr.js?v=714a31e7:8849:22)
    at reconcileChildFibers (http://localhost:3000/node_modules/.vite/deps/react-dom-DZQ9hRBr.js?v=714a31e7:8879:56)
    at reconcileChildren (http://localhost:3000/node_modules/.vite/deps/react-dom-DZQ9hRBr.js?v=714a31e7:11924:49)
    at updateHostComponent (http://localhost:3000/node_modules/.vite/deps/react-dom-DZQ9hRBr.js?v=714a31e7:12287:4)
    at beginWork (http://localhost:3000/node_modules/.vite/deps/react-dom-DZQ9hRBr.js?v=714a31e7:13102:32)
    at HTMLUnknownElement.callCallback (http://localhost:3000/node_modules/.vite/deps/react-dom-DZQ9hRBr.js?v=714a31e7:3142:11)
    at Object.invokeGuardedCallbackDev (http://localhost:3000/node_modules/.vite/deps/react-dom-DZQ9hRBr.js?v=714a31e7:3162:14)
    at invokeGuardedCallback (http://localhost:3000/node_modules/.vite/deps/react-dom-DZQ9hRBr.js?v=714a31e7:3201:32)
[     490ms] Error: Element type is invalid: expected a string (for built-in components) or a class/function (for composite components) but got: undefined. You likely forgot to export your component from the file it's defined in, or you might have mixed up default and named imports.

Check the render method of `IncidentTimelinePanel`.
    at createFiberFromTypeAndProps (http://localhost:3000/node_modules/.vite/deps/react-dom-DZQ9hRBr.js?v=714a31e7:16466:12)
    at createFiberFromElement (http://localhost:3000/node_modules/.vite/deps/react-dom-DZQ9hRBr.js?v=714a31e7:16481:16)
    at reconcileSingleElement (http://localhost:3000/node_modules/.vite/deps/react-dom-DZQ9hRBr.js?v=714a31e7:8849:22)
    at reconcileChildFibers (http://localhost:3000/node_modules/.vite/deps/react-dom-DZQ9hRBr.js?v=714a31e7:8879:56)
    at reconcileChildren (http://localhost:3000/node_modules/.vite/deps/react-dom-DZQ9hRBr.js?v=714a31e7:11924:49)
    at updateHostComponent (http://localhost:3000/node_modules/.vite/deps/react-dom-DZQ9hRBr.js?v=714a31e7:12287:4)
    at beginWork (http://localhost:3000/node_modules/.vite/deps/react-dom-DZQ9hRBr.js?v=714a31e7:13102:32)
    at HTMLUnknownElement.callCallback (http://localhost:3000/node_modules/.vite/deps/react-dom-DZQ9hRBr.js?v=714a31e7:3142:11)
    at Object.invokeGuardedCallbackDev (http://localhost:3000/node_modules/.vite/deps/react-dom-DZQ9hRBr.js?v=714a31e7:3162:14)
    at invokeGuardedCallback (http://localhost:3000/node_modules/.vite/deps/react-dom-DZQ9hRBr.js?v=714a31e7:3201:32)
[     491ms] Error: Element type is invalid: expected a string (for built-in components) or a class/function (for composite components) but got: undefined. You likely forgot to export your component from the file it's defined in, or you might have mixed up default and named imports.

Check the render method of `IncidentTimelinePanel`.
    at createFiberFromTypeAndProps (http://localhost:3000/node_modules/.vite/deps/react-dom-DZQ9hRBr.js?v=714a31e7:16466:12)
    at createFiberFromElement (http://localhost:3000/node_modules/.vite/deps/react-dom-DZQ9hRBr.js?v=714a31e7:16481:16)
    at reconcileSingleElement (http://localhost:3000/node_modules/.vite/deps/react-dom-DZQ9hRBr.js?v=714a31e7:8849:22)
    at reconcileChildFibers (http://localhost:3000/node_modules/.vite/deps/react-dom-DZQ9hRBr.js?v=714a31e7:8879:56)
    at reconcileChildren (http://localhost:3000/node_modules/.vite/deps/react-dom-DZQ9hRBr.js?v=714a31e7:11924:49)
    at updateHostComponent (http://localhost:3000/node_modules/.vite/deps/react-dom-DZQ9hRBr.js?v=714a31e7:12287:4)
    at beginWork (http://localhost:3000/node_modules/.vite/deps/react-dom-DZQ9hRBr.js?v=714a31e7:13102:32)
    at HTMLUnknownElement.callCallback (http://localhost:3000/node_modules/.vite/deps/react-dom-DZQ9hRBr.js?v=714a31e7:3142:11)
    at Object.invokeGuardedCallbackDev (http://localhost:3000/node_modules/.vite/deps/react-dom-DZQ9hRBr.js?v=714a31e7:3162:14)
    at invokeGuardedCallback (http://localhost:3000/node_modules/.vite/deps/react-dom-DZQ9hRBr.js?v=714a31e7:3201:32)
[     491ms] Error: Element type is invalid: expected a string (for built-in components) or a class/function (for composite components) but got: undefined. You likely forgot to export your component from the file it's defined in, or you might have mixed up default and named imports.

Check the render method of `IncidentTimelinePanel`.
    at createFiberFromTypeAndProps (http://localhost:3000/node_modules/.vite/deps/react-dom-DZQ9hRBr.js?v=714a31e7:16466:12)
    at createFiberFromElement (http://localhost:3000/node_modules/.vite/deps/react-dom-DZQ9hRBr.js?v=714a31e7:16481:16)
    at reconcileSingleElement (http://localhost:3000/node_modules/.vite/deps/react-dom-DZQ9hRBr.js?v=714a31e7:8849:22)
    at reconcileChildFibers (http://localhost:3000/node_modules/.vite/deps/react-dom-DZQ9hRBr.js?v=714a31e7:8879:56)
    at reconcileChildren (http://localhost:3000/node_modules/.vite/deps/react-dom-DZQ9hRBr.js?v=714a31e7:11924:49)
    at updateHostComponent (http://localhost:3000/node_modules/.vite/deps/react-dom-DZQ9hRBr.js?v=714a31e7:12287:4)
    at beginWork (http://localhost:3000/node_modules/.vite/deps/react-dom-DZQ9hRBr.js?v=714a31e7:13102:32)
    at HTMLUnknownElement.callCallback (http://localhost:3000/node_modules/.vite/deps/react-dom-DZQ9hRBr.js?v=714a31e7:3142:11)
    at Object.invokeGuardedCallbackDev (http://localhost:3000/node_modules/.vite/deps/react-dom-DZQ9hRBr.js?v=714a31e7:3162:14)
    at invokeGuardedCallback (http://localhost:3000/node_modules/.vite/deps/react-dom-DZQ9hRBr.js?v=714a31e7:3201:32)
[     491ms] Error: Element type is invalid: expected a string (for built-in components) or a class/function (for composite components) but got: undefined. You likely forgot to export your component from the file it's defined in, or you might have mixed up default and named imports.

Check the render method of `IncidentTimelinePanel`.
    at createFiberFromTypeAndProps (http://localhost:3000/node_modules/.vite/deps/react-dom-DZQ9hRBr.js?v=714a31e7:16466:12)
    at createFiberFromElement (http://localhost:3000/node_modules/.vite/deps/react-dom-DZQ9hRBr.js?v=714a31e7:16481:16)
    at reconcileSingleElement (http://localhost:3000/node_modules/.vite/deps/react-dom-DZQ9hRBr.js?v=714a31e7:8849:22)
    at reconcileChildFibers (http://localhost:3000/node_modules/.vite/deps/react-dom-DZQ9hRBr.js?v=714a31e7:8879:56)
    at reconcileChildren (http://localhost:3000/node_modules/.vite/deps/react-dom-DZQ9hRBr.js?v=714a31e7:11924:49)
    at updateHostComponent (http://localhost:3000/node_modules/.vite/deps/react-dom-DZQ9hRBr.js?v=714a31e7:12287:4)
    at beginWork (http://localhost:3000/node_modules/.vite/deps/react-dom-DZQ9hRBr.js?v=714a31e7:13102:32)
    at HTMLUnknownElement.callCallback (http://localhost:3000/node_modules/.vite/deps/react-dom-DZQ9hRBr.js?v=714a31e7:3142:11)
    at Object.invokeGuardedCallbackDev (http://localhost:3000/node_modules/.vite/deps/react-dom-DZQ9hRBr.js?v=714a31e7:3162:14)
    at invokeGuardedCallback (http://localhost:3000/node_modules/.vite/deps/react-dom-DZQ9hRBr.js?v=714a31e7:3201:32)
[     492ms] [ERROR] Error handled by React Router default ErrorBoundary: Error: Element type is invalid: expected a string (for built-in components) or a class/function (for composite components) but got: undefined. You likely forgot to export your component from the file it's defined in, or you might have mixed up default and named imports.

Check the render method of `IncidentTimelinePanel`.
    at createFiberFromTypeAndProps (http://localhost:3000/node_modules/.vite/deps/react-dom-DZQ9hRBr.js?v=714a31e7:16466:12)
    at createFiberFromElement (http://localhost:3000/node_modules/.vite/deps/react-dom-DZQ9hRBr.js?v=714a31e7:16481:16)
    at reconcileSingleElement (http://localhost:3000/node_modules/.vite/deps/react-dom-DZQ9hRBr.js?v=714a31e7:8849:22)
    at reconcileChildFibers (http://localhost:3000/node_modules/.vite/deps/react-dom-DZQ9hRBr.js?v=714a31e7:8879:56)
    at reconcileChildren (http://localhost:3000/node_modules/.vite/deps/react-dom-DZQ9hRBr.js?v=714a31e7:11924:49)
    at updateHostComponent (http://localhost:3000/node_modules/.vite/deps/react-dom-DZQ9hRBr.js?v=714a31e7:12287:4)
    at beginWork (http://localhost:3000/node_modules/.vite/deps/react-dom-DZQ9hRBr.js?v=714a31e7:13102:32)
    at beginWork$1 (http://localhost:3000/node_modules/.vite/deps/react-dom-DZQ9hRBr.js?v=714a31e7:15982:12)
    at performUnitOfWork (http://localhost:3000/node_modules/.vite/deps/react-dom-DZQ9hRBr.js?v=714a31e7:15568:12)
    at workLoopSync (http://localhost:3000/node_modules/.vite/deps/react-dom-DZQ9hRBr.js?v=714a31e7:15517:36) @ http://localhost:3000/@vite/client:524
[     492ms] [ERROR] Error handled by React Router default ErrorBoundary: Error: Element type is invalid: expected a string (for built-in components) or a class/function (for composite components) but got: undefined. You likely forgot to export your component from the file it's defined in, or you might have mixed up default and named imports.

Check the render method of `IncidentTimelinePanel`.
    at createFiberFromTypeAndProps (http://localhost:3000/node_modules/.vite/deps/react-dom-DZQ9hRBr.js?v=714a31e7:16466:12)
    at createFiberFromElement (http://localhost:3000/node_modules/.vite/deps/react-dom-DZQ9hRBr.js?v=714a31e7:16481:16)
    at reconcileSingleElement (http://localhost:3000/node_modules/.vite/deps/react-dom-DZQ9hRBr.js?v=714a31e7:8849:22)
    at reconcileChildFibers (http://localhost:3000/node_modules/.vite/deps/react-dom-DZQ9hRBr.js?v=714a31e7:8879:56)
    at reconcileChildren (http://localhost:3000/node_modules/.vite/deps/react-dom-DZQ9hRBr.js?v=714a31e7:11924:49)
    at updateHostComponent (http://localhost:3000/node_modules/.vite/deps/react-dom-DZQ9hRBr.js?v=714a31e7:12287:4)
    at beginWork (http://localhost:3000/node_modules/.vite/deps/react-dom-DZQ9hRBr.js?v=714a31e7:13102:32)
    at beginWork$1 (http://localhost:3000/node_modules/.vite/deps/react-dom-DZQ9hRBr.js?v=714a31e7:15982:12)
    at performUnitOfWork (http://localhost:3000/node_modules/.vite/deps/react-dom-DZQ9hRBr.js?v=714a31e7:15568:12)
    at workLoopSync (http://localhost:3000/node_modules/.vite/deps/react-dom-DZQ9hRBr.js?v=714a31e7:15517:36) @ http://localhost:3000/@vite/client:524
[     493ms] [ERROR] The above error occurred in the <div> component:

    at div
    at div
    at div
    at div
    at IncidentTimelinePanel (http://localhost:3000/src/pages/incidents/components/IncidentTimelinePanel.tsx:53:41)
    at section
    at TabContentBase (http://localhost:3000/node_modules/.vite/deps/@patternfly_react-core.js?v=714a31e7:21905:8)
    at SSRSafeIds (http://localhost:3000/node_modules/.vite/deps/@patternfly_react-core.js?v=714a31e7:3589:21)
    at Tabs (http://localhost:3000/node_modules/.vite/deps/@patternfly_react-core.js?v=714a31e7:22073:3)
    at HaTabs (http://localhost:3000/src/components/ha-tabs/HaTabs.tsx:19:26)
    at div
    at IncidentDetailPage (http://localhost:3000/src/pages/incidents/IncidentDetailPage.tsx:38:17)
    at AuthGuard (http://localhost:3000/src/router/AuthGuard.tsx:22:29)
    at RenderedRoute (http://localhost:3000/node_modules/.vite/deps/react-router-dom.js?v=714a31e7:3235:8)
    at Outlet (http://localhost:3000/node_modules/.vite/deps/react-router-dom.js?v=714a31e7:3585:25)
    at main
    at div
    at AppLayout (http://localhost:3000/src/router/AppLayout.tsx:25:24)
    at RenderedRoute (http://localhost:3000/node_modules/.vite/deps/react-router-dom.js?v=714a31e7:3235:8)
    at RenderErrorBoundary (http://localhost:3000/node_modules/.vite/deps/react-router-dom.js?v=714a31e7:3202:3)
    at DataRoutes (http://localhost:3000/node_modules/.vite/deps/react-router-dom.js?v=714a31e7:4278:8)
    at Router (http://localhost:3000/node_modules/.vite/deps/react-router-dom.js?v=714a31e7:3605:18)
    at RouterProvider (http://localhost:3000/node_modules/.vite/deps/react-router-dom.js?v=714a31e7:4111:8)
    at AppInner (http://localhost:3000/src/App.tsx:26:30)
    at QueryClientProvider (http://localhost:3000/node_modules/.vite/deps/@tanstack_react-query.js?v=714a31e7:2553:30)
    at App

React will try to recreate this component tree from scratch using the error boundary you provided, RenderErrorBoundary. @ http://localhost:3000/@vite/client:524
[     493ms] [ERROR] React Router caught the following error during render Error: Element type is invalid: expected a string (for built-in components) or a class/function (for composite components) but got: undefined. You likely forgot to export your component from the file it's defined in, or you might have mixed up default and named imports.

Check the render method of `IncidentTimelinePanel`.
    at createFiberFromTypeAndProps (http://localhost:3000/node_modules/.vite/deps/react-dom-DZQ9hRBr.js?v=714a31e7:16466:12)
    at createFiberFromElement (http://localhost:3000/node_modules/.vite/deps/react-dom-DZQ9hRBr.js?v=714a31e7:16481:16)
    at reconcileSingleElement (http://localhost:3000/node_modules/.vite/deps/react-dom-DZQ9hRBr.js?v=714a31e7:8849:22)
    at reconcileChildFibers (http://localhost:3000/node_modules/.vite/deps/react-dom-DZQ9hRBr.js?v=714a31e7:8879:56)
    at reconcileChildren (http://localhost:3000/node_modules/.vite/deps/react-dom-DZQ9hRBr.js?v=714a31e7:11924:49)
    at updateHostComponent (http://localhost:3000/node_modules/.vite/deps/react-dom-DZQ9hRBr.js?v=714a31e7:12287:4)
    at beginWork (http://localhost:3000/node_modules/.vite/deps/react-dom-DZQ9hRBr.js?v=714a31e7:13102:32)
    at beginWork$1 (http://localhost:3000/node_modules/.vite/deps/react-dom-DZQ9hRBr.js?v=714a31e7:15982:12)
    at performUnitOfWork (http://localhost:3000/node_modules/.vite/deps/react-dom-DZQ9hRBr.js?v=714a31e7:15568:12)
    at workLoopSync (http://localhost:3000/node_modules/.vite/deps/react-dom-DZQ9hRBr.js?v=714a31e7:15517:36) {componentStack: 
    at div
    at div
    at div
    at div
    a…ack_react-query.js?v=714a31e7:2553:30)
    at App} @ http://localhost:3000/@vite/client:524
[     493ms] [ERROR] The above error occurred in the <div> component:

    at div
    at div
    at div
    at div
    at IncidentTimelinePanel (http://localhost:3000/src/pages/incidents/components/IncidentTimelinePanel.tsx:53:41)
    at section
    at TabContentBase (http://localhost:3000/node_modules/.vite/deps/@patternfly_react-core.js?v=714a31e7:21905:8)
    at SSRSafeIds (http://localhost:3000/node_modules/.vite/deps/@patternfly_react-core.js?v=714a31e7:3589:21)
    at Tabs (http://localhost:3000/node_modules/.vite/deps/@patternfly_react-core.js?v=714a31e7:22073:3)
    at HaTabs (http://localhost:3000/src/components/ha-tabs/HaTabs.tsx:19:26)
    at div
    at IncidentDetailPage (http://localhost:3000/src/pages/incidents/IncidentDetailPage.tsx:38:17)
    at AuthGuard (http://localhost:3000/src/router/AuthGuard.tsx:22:29)
    at RenderedRoute (http://localhost:3000/node_modules/.vite/deps/react-router-dom.js?v=714a31e7:3235:8)
    at Outlet (http://localhost:3000/node_modules/.vite/deps/react-router-dom.js?v=714a31e7:3585:25)
    at main
    at div
    at AppLayout (http://localhost:3000/src/router/AppLayout.tsx:25:24)
    at RenderedRoute (http://localhost:3000/node_modules/.vite/deps/react-router-dom.js?v=714a31e7:3235:8)
    at RenderErrorBoundary (http://localhost:3000/node_modules/.vite/deps/react-router-dom.js?v=714a31e7:3202:3)
    at DataRoutes (http://localhost:3000/node_modules/.vite/deps/react-router-dom.js?v=714a31e7:4278:8)
    at Router (http://localhost:3000/node_modules/.vite/deps/react-router-dom.js?v=714a31e7:3605:18)
    at RouterProvider (http://localhost:3000/node_modules/.vite/deps/react-router-dom.js?v=714a31e7:4111:8)
    at AppInner (http://localhost:3000/src/App.tsx:26:30)
    at QueryClientProvider (http://localhost:3000/node_modules/.vite/deps/@tanstack_react-query.js?v=714a31e7:2553:30)
    at App

React will try to recreate this component tree from scratch using the error boundary you provided, RenderErrorBoundary. @ http://localhost:3000/@vite/client:524
[     493ms] [ERROR] React Router caught the following error during render Error: Element type is invalid: expected a string (for built-in components) or a class/function (for composite components) but got: undefined. You likely forgot to export your component from the file it's defined in, or you might have mixed up default and named imports.

Check the render method of `IncidentTimelinePanel`.
    at createFiberFromTypeAndProps (http://localhost:3000/node_modules/.vite/deps/react-dom-DZQ9hRBr.js?v=714a31e7:16466:12)
    at createFiberFromElement (http://localhost:3000/node_modules/.vite/deps/react-dom-DZQ9hRBr.js?v=714a31e7:16481:16)
    at reconcileSingleElement (http://localhost:3000/node_modules/.vite/deps/react-dom-DZQ9hRBr.js?v=714a31e7:8849:22)
    at reconcileChildFibers (http://localhost:3000/node_modules/.vite/deps/react-dom-DZQ9hRBr.js?v=714a31e7:8879:56)
    at reconcileChildren (http://localhost:3000/node_modules/.vite/deps/react-dom-DZQ9hRBr.js?v=714a31e7:11924:49)
    at updateHostComponent (http://localhost:3000/node_modules/.vite/deps/react-dom-DZQ9hRBr.js?v=714a31e7:12287:4)
    at beginWork (http://localhost:3000/node_modules/.vite/deps/react-dom-DZQ9hRBr.js?v=714a31e7:13102:32)
    at beginWork$1 (http://localhost:3000/node_modules/.vite/deps/react-dom-DZQ9hRBr.js?v=714a31e7:15982:12)
    at performUnitOfWork (http://localhost:3000/node_modules/.vite/deps/react-dom-DZQ9hRBr.js?v=714a31e7:15568:12)
    at workLoopSync (http://localhost:3000/node_modules/.vite/deps/react-dom-DZQ9hRBr.js?v=714a31e7:15517:36) {componentStack: 
    at div
    at div
    at div
    at div
    a…ack_react-query.js?v=714a31e7:2553:30)
    at App} @ http://localhost:3000/@vite/client:524
[     493ms] [ERROR] The above error occurred in the <div> component:

    at div
    at div
    at div
    at div
    at IncidentTimelinePanel (http://localhost:3000/src/pages/incidents/components/IncidentTimelinePanel.tsx:53:41)
    at section
    at TabContentBase (http://localhost:3000/node_modules/.vite/deps/@patternfly_react-core.js?v=714a31e7:21905:8)
    at SSRSafeIds (http://localhost:3000/node_modules/.vite/deps/@patternfly_react-core.js?v=714a31e7:3589:21)
    at Tabs (http://localhost:3000/node_modules/.vite/deps/@patternfly_react-core.js?v=714a31e7:22073:3)
    at HaTabs (http://localhost:3000/src/components/ha-tabs/HaTabs.tsx:19:26)
    at div
    at IncidentDetailPage (http://localhost:3000/src/pages/incidents/IncidentDetailPage.tsx:38:17)
    at AuthGuard (http://localhost:3000/src/router/AuthGuard.tsx:22:29)
    at RenderedRoute (http://localhost:3000/node_modules/.vite/deps/react-router-dom.js?v=714a31e7:3235:8)
    at Outlet (http://localhost:3000/node_modules/.vite/deps/react-router-dom.js?v=714a31e7:3585:25)
    at main
    at div
    at AppLayout (http://localhost:3000/src/router/AppLayout.tsx:25:24)
    at RenderedRoute (http://localhost:3000/node_modules/.vite/deps/react-router-dom.js?v=714a31e7:3235:8)
    at RenderErrorBoundary (http://localhost:3000/node_modules/.vite/deps/react-router-dom.js?v=714a31e7:3202:3)
    at DataRoutes (http://localhost:3000/node_modules/.vite/deps/react-router-dom.js?v=714a31e7:4278:8)
    at Router (http://localhost:3000/node_modules/.vite/deps/react-router-dom.js?v=714a31e7:3605:18)
    at RouterProvider (http://localhost:3000/node_modules/.vite/deps/react-router-dom.js?v=714a31e7:4111:8)
    at AppInner (http://localhost:3000/src/App.tsx:26:30)
    at QueryClientProvider (http://localhost:3000/node_modules/.vite/deps/@tanstack_react-query.js?v=714a31e7:2553:30)
    at App

React will try to recreate this component tree from scratch using the error boundary you provided, RenderErrorBoundary. @ http://localhost:3000/@vite/client:524
[     493ms] [ERROR] React Router caught the following error during render Error: Element type is invalid: expected a string (for built-in components) or a class/function (for composite components) but got: undefined. You likely forgot to export your component from the file it's defined in, or you might have mixed up default and named imports.

Check the render method of `IncidentTimelinePanel`.
    at createFiberFromTypeAndProps (http://localhost:3000/node_modules/.vite/deps/react-dom-DZQ9hRBr.js?v=714a31e7:16466:12)
    at createFiberFromElement (http://localhost:3000/node_modules/.vite/deps/react-dom-DZQ9hRBr.js?v=714a31e7:16481:16)
    at reconcileSingleElement (http://localhost:3000/node_modules/.vite/deps/react-dom-DZQ9hRBr.js?v=714a31e7:8849:22)
    at reconcileChildFibers (http://localhost:3000/node_modules/.vite/deps/react-dom-DZQ9hRBr.js?v=714a31e7:8879:56)
    at reconcileChildren (http://localhost:3000/node_modules/.vite/deps/react-dom-DZQ9hRBr.js?v=714a31e7:11924:49)
    at updateHostComponent (http://localhost:3000/node_modules/.vite/deps/react-dom-DZQ9hRBr.js?v=714a31e7:12287:4)
    at beginWork (http://localhost:3000/node_modules/.vite/deps/react-dom-DZQ9hRBr.js?v=714a31e7:13102:32)
    at beginWork$1 (http://localhost:3000/node_modules/.vite/deps/react-dom-DZQ9hRBr.js?v=714a31e7:15982:12)
    at performUnitOfWork (http://localhost:3000/node_modules/.vite/deps/react-dom-DZQ9hRBr.js?v=714a31e7:15568:12)
    at workLoopSync (http://localhost:3000/node_modules/.vite/deps/react-dom-DZQ9hRBr.js?v=714a31e7:15517:36) {componentStack: 
    at div
    at div
    at div
    at div
    a…ack_react-query.js?v=714a31e7:2553:30)
    at App} @ http://localhost:3000/@vite/client:524
[     493ms] [ERROR] The above error occurred in the <div> component:

    at div
    at div
    at div
    at div
    at IncidentTimelinePanel (http://localhost:3000/src/pages/incidents/components/IncidentTimelinePanel.tsx:53:41)
    at section
    at TabContentBase (http://localhost:3000/node_modules/.vite/deps/@patternfly_react-core.js?v=714a31e7:21905:8)
    at SSRSafeIds (http://localhost:3000/node_modules/.vite/deps/@patternfly_react-core.js?v=714a31e7:3589:21)
    at Tabs (http://localhost:3000/node_modules/.vite/deps/@patternfly_react-core.js?v=714a31e7:22073:3)
    at HaTabs (http://localhost:3000/src/components/ha-tabs/HaTabs.tsx:19:26)
    at div
    at IncidentDetailPage (http://localhost:3000/src/pages/incidents/IncidentDetailPage.tsx:38:17)
    at AuthGuard (http://localhost:3000/src/router/AuthGuard.tsx:22:29)
    at RenderedRoute (http://localhost:3000/node_modules/.vite/deps/react-router-dom.js?v=714a31e7:3235:8)
    at Outlet (http://localhost:3000/node_modules/.vite/deps/react-router-dom.js?v=714a31e7:3585:25)
    at main
    at div
    at AppLayout (http://localhost:3000/src/router/AppLayout.tsx:25:24)
    at RenderedRoute (http://localhost:3000/node_modules/.vite/deps/react-router-dom.js?v=714a31e7:3235:8)
    at RenderErrorBoundary (http://localhost:3000/node_modules/.vite/deps/react-router-dom.js?v=714a31e7:3202:3)
    at DataRoutes (http://localhost:3000/node_modules/.vite/deps/react-router-dom.js?v=714a31e7:4278:8)
    at Router (http://localhost:3000/node_modules/.vite/deps/react-router-dom.js?v=714a31e7:3605:18)
    at RouterProvider (http://localhost:3000/node_modules/.vite/deps/react-router-dom.js?v=714a31e7:4111:8)
    at AppInner (http://localhost:3000/src/App.tsx:26:30)
    at QueryClientProvider (http://localhost:3000/node_modules/.vite/deps/@tanstack_react-query.js?v=714a31e7:2553:30)
    at App

React will try to recreate this component tree from scratch using the error boundary you provided, RenderErrorBoundary. @ http://localhost:3000/@vite/client:524
[     493ms] [ERROR] React Router caught the following error during render Error: Element type is invalid: expected a string (for built-in components) or a class/function (for composite components) but got: undefined. You likely forgot to export your component from the file it's defined in, or you might have mixed up default and named imports.

Check the render method of `IncidentTimelinePanel`.
    at createFiberFromTypeAndProps (http://localhost:3000/node_modules/.vite/deps/react-dom-DZQ9hRBr.js?v=714a31e7:16466:12)
    at createFiberFromElement (http://localhost:3000/node_modules/.vite/deps/react-dom-DZQ9hRBr.js?v=714a31e7:16481:16)
    at reconcileSingleElement (http://localhost:3000/node_modules/.vite/deps/react-dom-DZQ9hRBr.js?v=714a31e7:8849:22)
    at reconcileChildFibers (http://localhost:3000/node_modules/.vite/deps/react-dom-DZQ9hRBr.js?v=714a31e7:8879:56)
    at reconcileChildren (http://localhost:3000/node_modules/.vite/deps/react-dom-DZQ9hRBr.js?v=714a31e7:11924:49)
    at updateHostComponent (http://localhost:3000/node_modules/.vite/deps/react-dom-DZQ9hRBr.js?v=714a31e7:12287:4)
    at beginWork (http://localhost:3000/node_modules/.vite/deps/react-dom-DZQ9hRBr.js?v=714a31e7:13102:32)
    at beginWork$1 (http://localhost:3000/node_modules/.vite/deps/react-dom-DZQ9hRBr.js?v=714a31e7:15982:12)
    at performUnitOfWork (http://localhost:3000/node_modules/.vite/deps/react-dom-DZQ9hRBr.js?v=714a31e7:15568:12)
    at workLoopSync (http://localhost:3000/node_modules/.vite/deps/react-dom-DZQ9hRBr.js?v=714a31e7:15517:36) {componentStack: 
    at div
    at div
    at div
    at div
    a…ack_react-query.js?v=714a31e7:2553:30)
    at App} @ http://localhost:3000/@vite/client:524
[     493ms] [ERROR] The above error occurred in the <div> component:

    at div
    at div
    at div
    at div
    at IncidentTimelinePanel (http://localhost:3000/src/pages/incidents/components/IncidentTimelinePanel.tsx:53:41)
    at section
    at TabContentBase (http://localhost:3000/node_modules/.vite/deps/@patternfly_react-core.js?v=714a31e7:21905:8)
    at SSRSafeIds (http://localhost:3000/node_modules/.vite/deps/@patternfly_react-core.js?v=714a31e7:3589:21)
    at Tabs (http://localhost:3000/node_modules/.vite/deps/@patternfly_react-core.js?v=714a31e7:22073:3)
    at HaTabs (http://localhost:3000/src/components/ha-tabs/HaTabs.tsx:19:26)
    at div
    at IncidentDetailPage (http://localhost:3000/src/pages/incidents/IncidentDetailPage.tsx:38:17)
    at AuthGuard (http://localhost:3000/src/router/AuthGuard.tsx:22:29)
    at RenderedRoute (http://localhost:3000/node_modules/.vite/deps/react-router-dom.js?v=714a31e7:3235:8)
    at Outlet (http://localhost:3000/node_modules/.vite/deps/react-router-dom.js?v=714a31e7:3585:25)
    at main
    at div
    at AppLayout (http://localhost:3000/src/router/AppLayout.tsx:25:24)
    at RenderedRoute (http://localhost:3000/node_modules/.vite/deps/react-router-dom.js?v=714a31e7:3235:8)
    at RenderErrorBoundary (http://localhost:3000/node_modules/.vite/deps/react-router-dom.js?v=714a31e7:3202:3)
    at DataRoutes (http://localhost:3000/node_modules/.vite/deps/react-router-dom.js?v=714a31e7:4278:8)
    at Router (http://localhost:3000/node_modules/.vite/deps/react-router-dom.js?v=714a31e7:3605:18)
    at RouterProvider (http://localhost:3000/node_modules/.vite/deps/react-router-dom.js?v=714a31e7:4111:8)
    at AppInner (http://localhost:3000/src/App.tsx:26:30)
    at QueryClientProvider (http://localhost:3000/node_modules/.vite/deps/@tanstack_react-query.js?v=714a31e7:2553:30)
    at App

React will try to recreate this component tree from scratch using the error boundary you provided, RenderErrorBoundary. @ http://localhost:3000/@vite/client:524
[     493ms] [ERROR] React Router caught the following error during render Error: Element type is invalid: expected a string (for built-in components) or a class/function (for composite components) but got: undefined. You likely forgot to export your component from the file it's defined in, or you might have mixed up default and named imports.

Check the render method of `IncidentTimelinePanel`.
    at createFiberFromTypeAndProps (http://localhost:3000/node_modules/.vite/deps/react-dom-DZQ9hRBr.js?v=714a31e7:16466:12)
    at createFiberFromElement (http://localhost:3000/node_modules/.vite/deps/react-dom-DZQ9hRBr.js?v=714a31e7:16481:16)
    at reconcileSingleElement (http://localhost:3000/node_modules/.vite/deps/react-dom-DZQ9hRBr.js?v=714a31e7:8849:22)
    at reconcileChildFibers (http://localhost:3000/node_modules/.vite/deps/react-dom-DZQ9hRBr.js?v=714a31e7:8879:56)
    at reconcileChildren (http://localhost:3000/node_modules/.vite/deps/react-dom-DZQ9hRBr.js?v=714a31e7:11924:49)
    at updateHostComponent (http://localhost:3000/node_modules/.vite/deps/react-dom-DZQ9hRBr.js?v=714a31e7:12287:4)
    at beginWork (http://localhost:3000/node_modules/.vite/deps/react-dom-DZQ9hRBr.js?v=714a31e7:13102:32)
    at beginWork$1 (http://localhost:3000/node_modules/.vite/deps/react-dom-DZQ9hRBr.js?v=714a31e7:15982:12)
    at performUnitOfWork (http://localhost:3000/node_modules/.vite/deps/react-dom-DZQ9hRBr.js?v=714a31e7:15568:12)
    at workLoopSync (http://localhost:3000/node_modules/.vite/deps/react-dom-DZQ9hRBr.js?v=714a31e7:15517:36) {componentStack: 
    at div
    at div
    at div
    at div
    a…ack_react-query.js?v=714a31e7:2553:30)
    at App} @ http://localhost:3000/@vite/client:524
[     493ms] [ERROR] The above error occurred in the <div> component:

    at div
    at div
    at div
    at div
    at IncidentTimelinePanel (http://localhost:3000/src/pages/incidents/components/IncidentTimelinePanel.tsx:53:41)
    at section
    at TabContentBase (http://localhost:3000/node_modules/.vite/deps/@patternfly_react-core.js?v=714a31e7:21905:8)
    at SSRSafeIds (http://localhost:3000/node_modules/.vite/deps/@patternfly_react-core.js?v=714a31e7:3589:21)
    at Tabs (http://localhost:3000/node_modules/.vite/deps/@patternfly_react-core.js?v=714a31e7:22073:3)
    at HaTabs (http://localhost:3000/src/components/ha-tabs/HaTabs.tsx:19:26)
    at div
    at IncidentDetailPage (http://localhost:3000/src/pages/incidents/IncidentDetailPage.tsx:38:17)
    at AuthGuard (http://localhost:3000/src/router/AuthGuard.tsx:22:29)
    at RenderedRoute (http://localhost:3000/node_modules/.vite/deps/react-router-dom.js?v=714a31e7:3235:8)
    at Outlet (http://localhost:3000/node_modules/.vite/deps/react-router-dom.js?v=714a31e7:3585:25)
    at main
    at div
    at AppLayout (http://localhost:3000/src/router/AppLayout.tsx:25:24)
    at RenderedRoute (http://localhost:3000/node_modules/.vite/deps/react-router-dom.js?v=714a31e7:3235:8)
    at RenderErrorBoundary (http://localhost:3000/node_modules/.vite/deps/react-router-dom.js?v=714a31e7:3202:3)
    at DataRoutes (http://localhost:3000/node_modules/.vite/deps/react-router-dom.js?v=714a31e7:4278:8)
    at Router (http://localhost:3000/node_modules/.vite/deps/react-router-dom.js?v=714a31e7:3605:18)
    at RouterProvider (http://localhost:3000/node_modules/.vite/deps/react-router-dom.js?v=714a31e7:4111:8)
    at AppInner (http://localhost:3000/src/App.tsx:26:30)
    at QueryClientProvider (http://localhost:3000/node_modules/.vite/deps/@tanstack_react-query.js?v=714a31e7:2553:30)
    at App

React will try to recreate this component tree from scratch using the error boundary you provided, RenderErrorBoundary. @ http://localhost:3000/@vite/client:524
[     494ms] [ERROR] React Router caught the following error during render Error: Element type is invalid: expected a string (for built-in components) or a class/function (for composite components) but got: undefined. You likely forgot to export your component from the file it's defined in, or you might have mixed up default and named imports.

Check the render method of `IncidentTimelinePanel`.
    at createFiberFromTypeAndProps (http://localhost:3000/node_modules/.vite/deps/react-dom-DZQ9hRBr.js?v=714a31e7:16466:12)
    at createFiberFromElement (http://localhost:3000/node_modules/.vite/deps/react-dom-DZQ9hRBr.js?v=714a31e7:16481:16)
    at reconcileSingleElement (http://localhost:3000/node_modules/.vite/deps/react-dom-DZQ9hRBr.js?v=714a31e7:8849:22)
    at reconcileChildFibers (http://localhost:3000/node_modules/.vite/deps/react-dom-DZQ9hRBr.js?v=714a31e7:8879:56)
    at reconcileChildren (http://localhost:3000/node_modules/.vite/deps/react-dom-DZQ9hRBr.js?v=714a31e7:11924:49)
    at updateHostComponent (http://localhost:3000/node_modules/.vite/deps/react-dom-DZQ9hRBr.js?v=714a31e7:12287:4)
    at beginWork (http://localhost:3000/node_modules/.vite/deps/react-dom-DZQ9hRBr.js?v=714a31e7:13102:32)
    at beginWork$1 (http://localhost:3000/node_modules/.vite/deps/react-dom-DZQ9hRBr.js?v=714a31e7:15982:12)
    at performUnitOfWork (http://localhost:3000/node_modules/.vite/deps/react-dom-DZQ9hRBr.js?v=714a31e7:15568:12)
    at workLoopSync (http://localhost:3000/node_modules/.vite/deps/react-dom-DZQ9hRBr.js?v=714a31e7:15517:36) {componentStack: 
    at div
    at div
    at div
    at div
    a…ack_react-query.js?v=714a31e7:2553:30)
    at App} @ http://localhost:3000/@vite/client:524
[     494ms] [ERROR] The above error occurred in the <div> component:

    at div
    at div
    at div
    at div
    at IncidentTimelinePanel (http://localhost:3000/src/pages/incidents/components/IncidentTimelinePanel.tsx:53:41)
    at section
    at TabContentBase (http://localhost:3000/node_modules/.vite/deps/@patternfly_react-core.js?v=714a31e7:21905:8)
    at SSRSafeIds (http://localhost:3000/node_modules/.vite/deps/@patternfly_react-core.js?v=714a31e7:3589:21)
    at Tabs (http://localhost:3000/node_modules/.vite/deps/@patternfly_react-core.js?v=714a31e7:22073:3)
    at HaTabs (http://localhost:3000/src/components/ha-tabs/HaTabs.tsx:19:26)
    at div
    at IncidentDetailPage (http://localhost:3000/src/pages/incidents/IncidentDetailPage.tsx:38:17)
    at AuthGuard (http://localhost:3000/src/router/AuthGuard.tsx:22:29)
    at RenderedRoute (http://localhost:3000/node_modules/.vite/deps/react-router-dom.js?v=714a31e7:3235:8)
    at Outlet (http://localhost:3000/node_modules/.vite/deps/react-router-dom.js?v=714a31e7:3585:25)
    at main
    at div
    at AppLayout (http://localhost:3000/src/router/AppLayout.tsx:25:24)
    at RenderedRoute (http://localhost:3000/node_modules/.vite/deps/react-router-dom.js?v=714a31e7:3235:8)
    at RenderErrorBoundary (http://localhost:3000/node_modules/.vite/deps/react-router-dom.js?v=714a31e7:3202:3)
    at DataRoutes (http://localhost:3000/node_modules/.vite/deps/react-router-dom.js?v=714a31e7:4278:8)
    at Router (http://localhost:3000/node_modules/.vite/deps/react-router-dom.js?v=714a31e7:3605:18)
    at RouterProvider (http://localhost:3000/node_modules/.vite/deps/react-router-dom.js?v=714a31e7:4111:8)
    at AppInner (http://localhost:3000/src/App.tsx:26:30)
    at QueryClientProvider (http://localhost:3000/node_modules/.vite/deps/@tanstack_react-query.js?v=714a31e7:2553:30)
    at App

React will try to recreate this component tree from scratch using the error boundary you provided, RenderErrorBoundary. @ http://localhost:3000/@vite/client:524
[     494ms] [ERROR] React Router caught the following error during render Error: Element type is invalid: expected a string (for built-in components) or a class/function (for composite components) but got: undefined. You likely forgot to export your component from the file it's defined in, or you might have mixed up default and named imports.

Check the render method of `IncidentTimelinePanel`.
    at createFiberFromTypeAndProps (http://localhost:3000/node_modules/.vite/deps/react-dom-DZQ9hRBr.js?v=714a31e7:16466:12)
    at createFiberFromElement (http://localhost:3000/node_modules/.vite/deps/react-dom-DZQ9hRBr.js?v=714a31e7:16481:16)
    at reconcileSingleElement (http://localhost:3000/node_modules/.vite/deps/react-dom-DZQ9hRBr.js?v=714a31e7:8849:22)
    at reconcileChildFibers (http://localhost:3000/node_modules/.vite/deps/react-dom-DZQ9hRBr.js?v=714a31e7:8879:56)
    at reconcileChildren (http://localhost:3000/node_modules/.vite/deps/react-dom-DZQ9hRBr.js?v=714a31e7:11924:49)
    at updateHostComponent (http://localhost:3000/node_modules/.vite/deps/react-dom-DZQ9hRBr.js?v=714a31e7:12287:4)
    at beginWork (http://localhost:3000/node_modules/.vite/deps/react-dom-DZQ9hRBr.js?v=714a31e7:13102:32)
    at beginWork$1 (http://localhost:3000/node_modules/.vite/deps/react-dom-DZQ9hRBr.js?v=714a31e7:15982:12)
    at performUnitOfWork (http://localhost:3000/node_modules/.vite/deps/react-dom-DZQ9hRBr.js?v=714a31e7:15568:12)
    at workLoopSync (http://localhost:3000/node_modules/.vite/deps/react-dom-DZQ9hRBr.js?v=714a31e7:15517:36) {componentStack: 
    at div
    at div
    at div
    at div
    a…ack_react-query.js?v=714a31e7:2553:30)
    at App} @ http://localhost:3000/@vite/client:524
[     494ms] [ERROR] The above error occurred in the <div> component:

    at div
    at div
    at div
    at div
    at IncidentTimelinePanel (http://localhost:3000/src/pages/incidents/components/IncidentTimelinePanel.tsx:53:41)
    at section
    at TabContentBase (http://localhost:3000/node_modules/.vite/deps/@patternfly_react-core.js?v=714a31e7:21905:8)
    at SSRSafeIds (http://localhost:3000/node_modules/.vite/deps/@patternfly_react-core.js?v=714a31e7:3589:21)
    at Tabs (http://localhost:3000/node_modules/.vite/deps/@patternfly_react-core.js?v=714a31e7:22073:3)
    at HaTabs (http://localhost:3000/src/components/ha-tabs/HaTabs.tsx:19:26)
    at div
    at IncidentDetailPage (http://localhost:3000/src/pages/incidents/IncidentDetailPage.tsx:38:17)
    at AuthGuard (http://localhost:3000/src/router/AuthGuard.tsx:22:29)
    at RenderedRoute (http://localhost:3000/node_modules/.vite/deps/react-router-dom.js?v=714a31e7:3235:8)
    at Outlet (http://localhost:3000/node_modules/.vite/deps/react-router-dom.js?v=714a31e7:3585:25)
    at main
    at div
    at AppLayout (http://localhost:3000/src/router/AppLayout.tsx:25:24)
    at RenderedRoute (http://localhost:3000/node_modules/.vite/deps/react-router-dom.js?v=714a31e7:3235:8)
    at RenderErrorBoundary (http://localhost:3000/node_modules/.vite/deps/react-router-dom.js?v=714a31e7:3202:3)
    at DataRoutes (http://localhost:3000/node_modules/.vite/deps/react-router-dom.js?v=714a31e7:4278:8)
    at Router (http://localhost:3000/node_modules/.vite/deps/react-router-dom.js?v=714a31e7:3605:18)
    at RouterProvider (http://localhost:3000/node_modules/.vite/deps/react-router-dom.js?v=714a31e7:4111:8)
    at AppInner (http://localhost:3000/src/App.tsx:26:30)
    at QueryClientProvider (http://localhost:3000/node_modules/.vite/deps/@tanstack_react-query.js?v=714a31e7:2553:30)
    at App

React will try to recreate this component tree from scratch using the error boundary you provided, RenderErrorBoundary. @ http://localhost:3000/@vite/client:524
[     494ms] [ERROR] React Router caught the following error during render Error: Element type is invalid: expected a string (for built-in components) or a class/function (for composite components) but got: undefined. You likely forgot to export your component from the file it's defined in, or you might have mixed up default and named imports.

Check the render method of `IncidentTimelinePanel`.
    at createFiberFromTypeAndProps (http://localhost:3000/node_modules/.vite/deps/react-dom-DZQ9hRBr.js?v=714a31e7:16466:12)
    at createFiberFromElement (http://localhost:3000/node_modules/.vite/deps/react-dom-DZQ9hRBr.js?v=714a31e7:16481:16)
    at reconcileSingleElement (http://localhost:3000/node_modules/.vite/deps/react-dom-DZQ9hRBr.js?v=714a31e7:8849:22)
    at reconcileChildFibers (http://localhost:3000/node_modules/.vite/deps/react-dom-DZQ9hRBr.js?v=714a31e7:8879:56)
    at reconcileChildren (http://localhost:3000/node_modules/.vite/deps/react-dom-DZQ9hRBr.js?v=714a31e7:11924:49)
    at updateHostComponent (http://localhost:3000/node_modules/.vite/deps/react-dom-DZQ9hRBr.js?v=714a31e7:12287:4)
    at beginWork (http://localhost:3000/node_modules/.vite/deps/react-dom-DZQ9hRBr.js?v=714a31e7:13102:32)
    at beginWork$1 (http://localhost:3000/node_modules/.vite/deps/react-dom-DZQ9hRBr.js?v=714a31e7:15982:12)
    at performUnitOfWork (http://localhost:3000/node_modules/.vite/deps/react-dom-DZQ9hRBr.js?v=714a31e7:15568:12)
    at workLoopSync (http://localhost:3000/node_modules/.vite/deps/react-dom-DZQ9hRBr.js?v=714a31e7:15517:36) {componentStack: 
    at div
    at div
    at div
    at div
    a…ack_react-query.js?v=714a31e7:2553:30)
    at App} @ http://localhost:3000/@vite/client:524
[     494ms] [ERROR] The above error occurred in the <div> component:

    at div
    at div
    at div
    at div
    at IncidentTimelinePanel (http://localhost:3000/src/pages/incidents/components/IncidentTimelinePanel.tsx:53:41)
    at section
    at TabContentBase (http://localhost:3000/node_modules/.vite/deps/@patternfly_react-core.js?v=714a31e7:21905:8)
    at SSRSafeIds (http://localhost:3000/node_modules/.vite/deps/@patternfly_react-core.js?v=714a31e7:3589:21)
    at Tabs (http://localhost:3000/node_modules/.vite/deps/@patternfly_react-core.js?v=714a31e7:22073:3)
    at HaTabs (http://localhost:3000/src/components/ha-tabs/HaTabs.tsx:19:26)
    at div
    at IncidentDetailPage (http://localhost:3000/src/pages/incidents/IncidentDetailPage.tsx:38:17)
    at AuthGuard (http://localhost:3000/src/router/AuthGuard.tsx:22:29)
    at RenderedRoute (http://localhost:3000/node_modules/.vite/deps/react-router-dom.js?v=714a31e7:3235:8)
    at Outlet (http://localhost:3000/node_modules/.vite/deps/react-router-dom.js?v=714a31e7:3585:25)
    at main
    at div
    at AppLayout (http://localhost:3000/src/router/AppLayout.tsx:25:24)
    at RenderedRoute (http://localhost:3000/node_modules/.vite/deps/react-router-dom.js?v=714a31e7:3235:8)
    at RenderErrorBoundary (http://localhost:3000/node_modules/.vite/deps/react-router-dom.js?v=714a31e7:3202:3)
    at DataRoutes (http://localhost:3000/node_modules/.vite/deps/react-router-dom.js?v=714a31e7:4278:8)
    at Router (http://localhost:3000/node_modules/.vite/deps/react-router-dom.js?v=714a31e7:3605:18)
    at RouterProvider (http://localhost:3000/node_modules/.vite/deps/react-router-dom.js?v=714a31e7:4111:8)
    at AppInner (http://localhost:3000/src/App.tsx:26:30)
    at QueryClientProvider (http://localhost:3000/node_modules/.vite/deps/@tanstack_react-query.js?v=714a31e7:2553:30)
    at App

React will try to recreate this component tree from scratch using the error boundary you provided, RenderErrorBoundary. @ http://localhost:3000/@vite/client:524
[     494ms] [ERROR] React Router caught the following error during render Error: Element type is invalid: expected a string (for built-in components) or a class/function (for composite components) but got: undefined. You likely forgot to export your component from the file it's defined in, or you might have mixed up default and named imports.

Check the render method of `IncidentTimelinePanel`.
    at createFiberFromTypeAndProps (http://localhost:3000/node_modules/.vite/deps/react-dom-DZQ9hRBr.js?v=714a31e7:16466:12)
    at createFiberFromElement (http://localhost:3000/node_modules/.vite/deps/react-dom-DZQ9hRBr.js?v=714a31e7:16481:16)
    at reconcileSingleElement (http://localhost:3000/node_modules/.vite/deps/react-dom-DZQ9hRBr.js?v=714a31e7:8849:22)
    at reconcileChildFibers (http://localhost:3000/node_modules/.vite/deps/react-dom-DZQ9hRBr.js?v=714a31e7:8879:56)
    at reconcileChildren (http://localhost:3000/node_modules/.vite/deps/react-dom-DZQ9hRBr.js?v=714a31e7:11924:49)
    at updateHostComponent (http://localhost:3000/node_modules/.vite/deps/react-dom-DZQ9hRBr.js?v=714a31e7:12287:4)
    at beginWork (http://localhost:3000/node_modules/.vite/deps/react-dom-DZQ9hRBr.js?v=714a31e7:13102:32)
    at beginWork$1 (http://localhost:3000/node_modules/.vite/deps/react-dom-DZQ9hRBr.js?v=714a31e7:15982:12)
    at performUnitOfWork (http://localhost:3000/node_modules/.vite/deps/react-dom-DZQ9hRBr.js?v=714a31e7:15568:12)
    at workLoopSync (http://localhost:3000/node_modules/.vite/deps/react-dom-DZQ9hRBr.js?v=714a31e7:15517:36) {componentStack: 
    at div
    at div
    at div
    at div
    a…ack_react-query.js?v=714a31e7:2553:30)
    at App} @ http://localhost:3000/@vite/client:524
[     494ms] [ERROR] The above error occurred in the <div> component:

    at div
    at div
    at div
    at div
    at IncidentTimelinePanel (http://localhost:3000/src/pages/incidents/components/IncidentTimelinePanel.tsx:53:41)
    at section
    at TabContentBase (http://localhost:3000/node_modules/.vite/deps/@patternfly_react-core.js?v=714a31e7:21905:8)
    at SSRSafeIds (http://localhost:3000/node_modules/.vite/deps/@patternfly_react-core.js?v=714a31e7:3589:21)
    at Tabs (http://localhost:3000/node_modules/.vite/deps/@patternfly_react-core.js?v=714a31e7:22073:3)
    at HaTabs (http://localhost:3000/src/components/ha-tabs/HaTabs.tsx:19:26)
    at div
    at IncidentDetailPage (http://localhost:3000/src/pages/incidents/IncidentDetailPage.tsx:38:17)
    at AuthGuard (http://localhost:3000/src/router/AuthGuard.tsx:22:29)
    at RenderedRoute (http://localhost:3000/node_modules/.vite/deps/react-router-dom.js?v=714a31e7:3235:8)
    at Outlet (http://localhost:3000/node_modules/.vite/deps/react-router-dom.js?v=714a31e7:3585:25)
    at main
    at div
    at AppLayout (http://localhost:3000/src/router/AppLayout.tsx:25:24)
    at RenderedRoute (http://localhost:3000/node_modules/.vite/deps/react-router-dom.js?v=714a31e7:3235:8)
    at RenderErrorBoundary (http://localhost:3000/node_modules/.vite/deps/react-router-dom.js?v=714a31e7:3202:3)
    at DataRoutes (http://localhost:3000/node_modules/.vite/deps/react-router-dom.js?v=714a31e7:4278:8)
    at Router (http://localhost:3000/node_modules/.vite/deps/react-router-dom.js?v=714a31e7:3605:18)
    at RouterProvider (http://localhost:3000/node_modules/.vite/deps/react-router-dom.js?v=714a31e7:4111:8)
    at AppInner (http://localhost:3000/src/App.tsx:26:30)
    at QueryClientProvider (http://localhost:3000/node_modules/.vite/deps/@tanstack_react-query.js?v=714a31e7:2553:30)
    at App

React will try to recreate this component tree from scratch using the error boundary you provided, RenderErrorBoundary. @ http://localhost:3000/@vite/client:524
[     494ms] [ERROR] React Router caught the following error during render Error: Element type is invalid: expected a string (for built-in components) or a class/function (for composite components) but got: undefined. You likely forgot to export your component from the file it's defined in, or you might have mixed up default and named imports.

Check the render method of `IncidentTimelinePanel`.
    at createFiberFromTypeAndProps (http://localhost:3000/node_modules/.vite/deps/react-dom-DZQ9hRBr.js?v=714a31e7:16466:12)
    at createFiberFromElement (http://localhost:3000/node_modules/.vite/deps/react-dom-DZQ9hRBr.js?v=714a31e7:16481:16)
    at reconcileSingleElement (http://localhost:3000/node_modules/.vite/deps/react-dom-DZQ9hRBr.js?v=714a31e7:8849:22)
    at reconcileChildFibers (http://localhost:3000/node_modules/.vite/deps/react-dom-DZQ9hRBr.js?v=714a31e7:8879:56)
    at reconcileChildren (http://localhost:3000/node_modules/.vite/deps/react-dom-DZQ9hRBr.js?v=714a31e7:11924:49)
    at updateHostComponent (http://localhost:3000/node_modules/.vite/deps/react-dom-DZQ9hRBr.js?v=714a31e7:12287:4)
    at beginWork (http://localhost:3000/node_modules/.vite/deps/react-dom-DZQ9hRBr.js?v=714a31e7:13102:32)
    at beginWork$1 (http://localhost:3000/node_modules/.vite/deps/react-dom-DZQ9hRBr.js?v=714a31e7:15982:12)
    at performUnitOfWork (http://localhost:3000/node_modules/.vite/deps/react-dom-DZQ9hRBr.js?v=714a31e7:15568:12)
    at workLoopSync (http://localhost:3000/node_modules/.vite/deps/react-dom-DZQ9hRBr.js?v=714a31e7:15517:36) {componentStack: 
    at div
    at div
    at div
    at div
    a…ack_react-query.js?v=714a31e7:2553:30)
    at App} @ http://localhost:3000/@vite/client:524
[     494ms] [ERROR] The above error occurred in the <div> component:

    at div
    at div
    at div
    at div
    at IncidentTimelinePanel (http://localhost:3000/src/pages/incidents/components/IncidentTimelinePanel.tsx:53:41)
    at section
    at TabContentBase (http://localhost:3000/node_modules/.vite/deps/@patternfly_react-core.js?v=714a31e7:21905:8)
    at SSRSafeIds (http://localhost:3000/node_modules/.vite/deps/@patternfly_react-core.js?v=714a31e7:3589:21)
    at Tabs (http://localhost:3000/node_modules/.vite/deps/@patternfly_react-core.js?v=714a31e7:22073:3)
    at HaTabs (http://localhost:3000/src/components/ha-tabs/HaTabs.tsx:19:26)
    at div
    at IncidentDetailPage (http://localhost:3000/src/pages/incidents/IncidentDetailPage.tsx:38:17)
    at AuthGuard (http://localhost:3000/src/router/AuthGuard.tsx:22:29)
    at RenderedRoute (http://localhost:3000/node_modules/.vite/deps/react-router-dom.js?v=714a31e7:3235:8)
    at Outlet (http://localhost:3000/node_modules/.vite/deps/react-router-dom.js?v=714a31e7:3585:25)
    at main
    at div
    at AppLayout (http://localhost:3000/src/router/AppLayout.tsx:25:24)
    at RenderedRoute (http://localhost:3000/node_modules/.vite/deps/react-router-dom.js?v=714a31e7:3235:8)
    at RenderErrorBoundary (http://localhost:3000/node_modules/.vite/deps/react-router-dom.js?v=714a31e7:3202:3)
    at DataRoutes (http://localhost:3000/node_modules/.vite/deps/react-router-dom.js?v=714a31e7:4278:8)
    at Router (http://localhost:3000/node_modules/.vite/deps/react-router-dom.js?v=714a31e7:3605:18)
    at RouterProvider (http://localhost:3000/node_modules/.vite/deps/react-router-dom.js?v=714a31e7:4111:8)
    at AppInner (http://localhost:3000/src/App.tsx:26:30)
    at QueryClientProvider (http://localhost:3000/node_modules/.vite/deps/@tanstack_react-query.js?v=714a31e7:2553:30)
    at App

React will try to recreate this component tree from scratch using the error boundary you provided, RenderErrorBoundary. @ http://localhost:3000/@vite/client:524
[     494ms] [ERROR] React Router caught the following error during render Error: Element type is invalid: expected a string (for built-in components) or a class/function (for composite components) but got: undefined. You likely forgot to export your component from the file it's defined in, or you might have mixed up default and named imports.

Check the render method of `IncidentTimelinePanel`.
    at createFiberFromTypeAndProps (http://localhost:3000/node_modules/.vite/deps/react-dom-DZQ9hRBr.js?v=714a31e7:16466:12)
    at createFiberFromElement (http://localhost:3000/node_modules/.vite/deps/react-dom-DZQ9hRBr.js?v=714a31e7:16481:16)
    at reconcileSingleElement (http://localhost:3000/node_modules/.vite/deps/react-dom-DZQ9hRBr.js?v=714a31e7:8849:22)
    at reconcileChildFibers (http://localhost:3000/node_modules/.vite/deps/react-dom-DZQ9hRBr.js?v=714a31e7:8879:56)
    at reconcileChildren (http://localhost:3000/node_modules/.vite/deps/react-dom-DZQ9hRBr.js?v=714a31e7:11924:49)
    at updateHostComponent (http://localhost:3000/node_modules/.vite/deps/react-dom-DZQ9hRBr.js?v=714a31e7:12287:4)
    at beginWork (http://localhost:3000/node_modules/.vite/deps/react-dom-DZQ9hRBr.js?v=714a31e7:13102:32)
    at beginWork$1 (http://localhost:3000/node_modules/.vite/deps/react-dom-DZQ9hRBr.js?v=714a31e7:15982:12)
    at performUnitOfWork (http://localhost:3000/node_modules/.vite/deps/react-dom-DZQ9hRBr.js?v=714a31e7:15568:12)
    at workLoopSync (http://localhost:3000/node_modules/.vite/deps/react-dom-DZQ9hRBr.js?v=714a31e7:15517:36) {componentStack: 
    at div
    at div
    at div
    at div
    a…ack_react-query.js?v=714a31e7:2553:30)
    at App} @ http://localhost:3000/@vite/client:524
[     494ms] [ERROR] The above error occurred in the <div> component:

    at div
    at div
    at div
    at div
    at IncidentTimelinePanel (http://localhost:3000/src/pages/incidents/components/IncidentTimelinePanel.tsx:53:41)
    at section
    at TabContentBase (http://localhost:3000/node_modules/.vite/deps/@patternfly_react-core.js?v=714a31e7:21905:8)
    at SSRSafeIds (http://localhost:3000/node_modules/.vite/deps/@patternfly_react-core.js?v=714a31e7:3589:21)
    at Tabs (http://localhost:3000/node_modules/.vite/deps/@patternfly_react-core.js?v=714a31e7:22073:3)
    at HaTabs (http://localhost:3000/src/components/ha-tabs/HaTabs.tsx:19:26)
    at div
    at IncidentDetailPage (http://localhost:3000/src/pages/incidents/IncidentDetailPage.tsx:38:17)
    at AuthGuard (http://localhost:3000/src/router/AuthGuard.tsx:22:29)
    at RenderedRoute (http://localhost:3000/node_modules/.vite/deps/react-router-dom.js?v=714a31e7:3235:8)
    at Outlet (http://localhost:3000/node_modules/.vite/deps/react-router-dom.js?v=714a31e7:3585:25)
    at main
    at div
    at AppLayout (http://localhost:3000/src/router/AppLayout.tsx:25:24)
    at RenderedRoute (http://localhost:3000/node_modules/.vite/deps/react-router-dom.js?v=714a31e7:3235:8)
    at RenderErrorBoundary (http://localhost:3000/node_modules/.vite/deps/react-router-dom.js?v=714a31e7:3202:3)
    at DataRoutes (http://localhost:3000/node_modules/.vite/deps/react-router-dom.js?v=714a31e7:4278:8)
    at Router (http://localhost:3000/node_modules/.vite/deps/react-router-dom.js?v=714a31e7:3605:18)
    at RouterProvider (http://localhost:3000/node_modules/.vite/deps/react-router-dom.js?v=714a31e7:4111:8)
    at AppInner (http://localhost:3000/src/App.tsx:26:30)
    at QueryClientProvider (http://localhost:3000/node_modules/.vite/deps/@tanstack_react-query.js?v=714a31e7:2553:30)
    at App

React will try to recreate this component tree from scratch using the error boundary you provided, RenderErrorBoundary. @ http://localhost:3000/@vite/client:524
[     494ms] [ERROR] React Router caught the following error during render Error: Element type is invalid: expected a string (for built-in components) or a class/function (for composite components) but got: undefined. You likely forgot to export your component from the file it's defined in, or you might have mixed up default and named imports.

Check the render method of `IncidentTimelinePanel`.
    at createFiberFromTypeAndProps (http://localhost:3000/node_modules/.vite/deps/react-dom-DZQ9hRBr.js?v=714a31e7:16466:12)
    at createFiberFromElement (http://localhost:3000/node_modules/.vite/deps/react-dom-DZQ9hRBr.js?v=714a31e7:16481:16)
    at reconcileSingleElement (http://localhost:3000/node_modules/.vite/deps/react-dom-DZQ9hRBr.js?v=714a31e7:8849:22)
    at reconcileChildFibers (http://localhost:3000/node_modules/.vite/deps/react-dom-DZQ9hRBr.js?v=714a31e7:8879:56)
    at reconcileChildren (http://localhost:3000/node_modules/.vite/deps/react-dom-DZQ9hRBr.js?v=714a31e7:11924:49)
    at updateHostComponent (http://localhost:3000/node_modules/.vite/deps/react-dom-DZQ9hRBr.js?v=714a31e7:12287:4)
    at beginWork (http://localhost:3000/node_modules/.vite/deps/react-dom-DZQ9hRBr.js?v=714a31e7:13102:32)
    at beginWork$1 (http://localhost:3000/node_modules/.vite/deps/react-dom-DZQ9hRBr.js?v=714a31e7:15982:12)
    at performUnitOfWork (http://localhost:3000/node_modules/.vite/deps/react-dom-DZQ9hRBr.js?v=714a31e7:15568:12)
    at workLoopSync (http://localhost:3000/node_modules/.vite/deps/react-dom-DZQ9hRBr.js?v=714a31e7:15517:36) {componentStack: 
    at div
    at div
    at div
    at div
    a…ack_react-query.js?v=714a31e7:2553:30)
    at App} @ http://localhost:3000/@vite/client:524
[     494ms] [ERROR] The above error occurred in the <div> component:

    at div
    at div
    at div
    at div
    at IncidentTimelinePanel (http://localhost:3000/src/pages/incidents/components/IncidentTimelinePanel.tsx:53:41)
    at section
    at TabContentBase (http://localhost:3000/node_modules/.vite/deps/@patternfly_react-core.js?v=714a31e7:21905:8)
    at SSRSafeIds (http://localhost:3000/node_modules/.vite/deps/@patternfly_react-core.js?v=714a31e7:3589:21)
    at Tabs (http://localhost:3000/node_modules/.vite/deps/@patternfly_react-core.js?v=714a31e7:22073:3)
    at HaTabs (http://localhost:3000/src/components/ha-tabs/HaTabs.tsx:19:26)
    at div
    at IncidentDetailPage (http://localhost:3000/src/pages/incidents/IncidentDetailPage.tsx:38:17)
    at AuthGuard (http://localhost:3000/src/router/AuthGuard.tsx:22:29)
    at RenderedRoute (http://localhost:3000/node_modules/.vite/deps/react-router-dom.js?v=714a31e7:3235:8)
    at Outlet (http://localhost:3000/node_modules/.vite/deps/react-router-dom.js?v=714a31e7:3585:25)
    at main
    at div
    at AppLayout (http://localhost:3000/src/router/AppLayout.tsx:25:24)
    at RenderedRoute (http://localhost:3000/node_modules/.vite/deps/react-router-dom.js?v=714a31e7:3235:8)
    at RenderErrorBoundary (http://localhost:3000/node_modules/.vite/deps/react-router-dom.js?v=714a31e7:3202:3)
    at DataRoutes (http://localhost:3000/node_modules/.vite/deps/react-router-dom.js?v=714a31e7:4278:8)
    at Router (http://localhost:3000/node_modules/.vite/deps/react-router-dom.js?v=714a31e7:3605:18)
    at RouterProvider (http://localhost:3000/node_modules/.vite/deps/react-router-dom.js?v=714a31e7:4111:8)
    at AppInner (http://localhost:3000/src/App.tsx:26:30)
    at QueryClientProvider (http://localhost:3000/node_modules/.vite/deps/@tanstack_react-query.js?v=714a31e7:2553:30)
    at App

React will try to recreate this component tree from scratch using the error boundary you provided, RenderErrorBoundary. @ http://localhost:3000/@vite/client:524
[     495ms] [ERROR] React Router caught the following error during render Error: Element type is invalid: expected a string (for built-in components) or a class/function (for composite components) but got: undefined. You likely forgot to export your component from the file it's defined in, or you might have mixed up default and named imports.

Check the render method of `IncidentTimelinePanel`.
    at createFiberFromTypeAndProps (http://localhost:3000/node_modules/.vite/deps/react-dom-DZQ9hRBr.js?v=714a31e7:16466:12)
    at createFiberFromElement (http://localhost:3000/node_modules/.vite/deps/react-dom-DZQ9hRBr.js?v=714a31e7:16481:16)
    at reconcileSingleElement (http://localhost:3000/node_modules/.vite/deps/react-dom-DZQ9hRBr.js?v=714a31e7:8849:22)
    at reconcileChildFibers (http://localhost:3000/node_modules/.vite/deps/react-dom-DZQ9hRBr.js?v=714a31e7:8879:56)
    at reconcileChildren (http://localhost:3000/node_modules/.vite/deps/react-dom-DZQ9hRBr.js?v=714a31e7:11924:49)
    at updateHostComponent (http://localhost:3000/node_modules/.vite/deps/react-dom-DZQ9hRBr.js?v=714a31e7:12287:4)
    at beginWork (http://localhost:3000/node_modules/.vite/deps/react-dom-DZQ9hRBr.js?v=714a31e7:13102:32)
    at beginWork$1 (http://localhost:3000/node_modules/.vite/deps/react-dom-DZQ9hRBr.js?v=714a31e7:15982:12)
    at performUnitOfWork (http://localhost:3000/node_modules/.vite/deps/react-dom-DZQ9hRBr.js?v=714a31e7:15568:12)
    at workLoopSync (http://localhost:3000/node_modules/.vite/deps/react-dom-DZQ9hRBr.js?v=714a31e7:15517:36) {componentStack: 
    at div
    at div
    at div
    at div
    a…ack_react-query.js?v=714a31e7:2553:30)
    at App} @ http://localhost:3000/@vite/client:524
[     495ms] [ERROR] The above error occurred in the <div> component:

    at div
    at div
    at div
    at div
    at IncidentTimelinePanel (http://localhost:3000/src/pages/incidents/components/IncidentTimelinePanel.tsx:53:41)
    at section
    at TabContentBase (http://localhost:3000/node_modules/.vite/deps/@patternfly_react-core.js?v=714a31e7:21905:8)
    at SSRSafeIds (http://localhost:3000/node_modules/.vite/deps/@patternfly_react-core.js?v=714a31e7:3589:21)
    at Tabs (http://localhost:3000/node_modules/.vite/deps/@patternfly_react-core.js?v=714a31e7:22073:3)
    at HaTabs (http://localhost:3000/src/components/ha-tabs/HaTabs.tsx:19:26)
    at div
    at IncidentDetailPage (http://localhost:3000/src/pages/incidents/IncidentDetailPage.tsx:38:17)
    at AuthGuard (http://localhost:3000/src/router/AuthGuard.tsx:22:29)
    at RenderedRoute (http://localhost:3000/node_modules/.vite/deps/react-router-dom.js?v=714a31e7:3235:8)
    at Outlet (http://localhost:3000/node_modules/.vite/deps/react-router-dom.js?v=714a31e7:3585:25)
    at main
    at div
    at AppLayout (http://localhost:3000/src/router/AppLayout.tsx:25:24)
    at RenderedRoute (http://localhost:3000/node_modules/.vite/deps/react-router-dom.js?v=714a31e7:3235:8)
    at RenderErrorBoundary (http://localhost:3000/node_modules/.vite/deps/react-router-dom.js?v=714a31e7:3202:3)
    at DataRoutes (http://localhost:3000/node_modules/.vite/deps/react-router-dom.js?v=714a31e7:4278:8)
    at Router (http://localhost:3000/node_modules/.vite/deps/react-router-dom.js?v=714a31e7:3605:18)
    at RouterProvider (http://localhost:3000/node_modules/.vite/deps/react-router-dom.js?v=714a31e7:4111:8)
    at AppInner (http://localhost:3000/src/App.tsx:26:30)
    at QueryClientProvider (http://localhost:3000/node_modules/.vite/deps/@tanstack_react-query.js?v=714a31e7:2553:30)
    at App

React will try to recreate this component tree from scratch using the error boundary you provided, RenderErrorBoundary. @ http://localhost:3000/@vite/client:524
[     495ms] [ERROR] React Router caught the following error during render Error: Element type is invalid: expected a string (for built-in components) or a class/function (for composite components) but got: undefined. You likely forgot to export your component from the file it's defined in, or you might have mixed up default and named imports.

Check the render method of `IncidentTimelinePanel`.
    at createFiberFromTypeAndProps (http://localhost:3000/node_modules/.vite/deps/react-dom-DZQ9hRBr.js?v=714a31e7:16466:12)
    at createFiberFromElement (http://localhost:3000/node_modules/.vite/deps/react-dom-DZQ9hRBr.js?v=714a31e7:16481:16)
    at reconcileSingleElement (http://localhost:3000/node_modules/.vite/deps/react-dom-DZQ9hRBr.js?v=714a31e7:8849:22)
    at reconcileChildFibers (http://localhost:3000/node_modules/.vite/deps/react-dom-DZQ9hRBr.js?v=714a31e7:8879:56)
    at reconcileChildren (http://localhost:3000/node_modules/.vite/deps/react-dom-DZQ9hRBr.js?v=714a31e7:11924:49)
    at updateHostComponent (http://localhost:3000/node_modules/.vite/deps/react-dom-DZQ9hRBr.js?v=714a31e7:12287:4)
    at beginWork (http://localhost:3000/node_modules/.vite/deps/react-dom-DZQ9hRBr.js?v=714a31e7:13102:32)
    at beginWork$1 (http://localhost:3000/node_modules/.vite/deps/react-dom-DZQ9hRBr.js?v=714a31e7:15982:12)
    at performUnitOfWork (http://localhost:3000/node_modules/.vite/deps/react-dom-DZQ9hRBr.js?v=714a31e7:15568:12)
    at workLoopSync (http://localhost:3000/node_modules/.vite/deps/react-dom-DZQ9hRBr.js?v=714a31e7:15517:36) {componentStack: 
    at div
    at div
    at div
    at div
    a…ack_react-query.js?v=714a31e7:2553:30)
    at App} @ http://localhost:3000/@vite/client:524
[     495ms] [ERROR] The above error occurred in the <div> component:

    at div
    at div
    at div
    at div
    at IncidentTimelinePanel (http://localhost:3000/src/pages/incidents/components/IncidentTimelinePanel.tsx:53:41)
    at section
    at TabContentBase (http://localhost:3000/node_modules/.vite/deps/@patternfly_react-core.js?v=714a31e7:21905:8)
    at SSRSafeIds (http://localhost:3000/node_modules/.vite/deps/@patternfly_react-core.js?v=714a31e7:3589:21)
    at Tabs (http://localhost:3000/node_modules/.vite/deps/@patternfly_react-core.js?v=714a31e7:22073:3)
    at HaTabs (http://localhost:3000/src/components/ha-tabs/HaTabs.tsx:19:26)
    at div
    at IncidentDetailPage (http://localhost:3000/src/pages/incidents/IncidentDetailPage.tsx:38:17)
    at AuthGuard (http://localhost:3000/src/router/AuthGuard.tsx:22:29)
    at RenderedRoute (http://localhost:3000/node_modules/.vite/deps/react-router-dom.js?v=714a31e7:3235:8)
    at Outlet (http://localhost:3000/node_modules/.vite/deps/react-router-dom.js?v=714a31e7:3585:25)
    at main
    at div
    at AppLayout (http://localhost:3000/src/router/AppLayout.tsx:25:24)
    at RenderedRoute (http://localhost:3000/node_modules/.vite/deps/react-router-dom.js?v=714a31e7:3235:8)
    at RenderErrorBoundary (http://localhost:3000/node_modules/.vite/deps/react-router-dom.js?v=714a31e7:3202:3)
    at DataRoutes (http://localhost:3000/node_modules/.vite/deps/react-router-dom.js?v=714a31e7:4278:8)
    at Router (http://localhost:3000/node_modules/.vite/deps/react-router-dom.js?v=714a31e7:3605:18)
    at RouterProvider (http://localhost:3000/node_modules/.vite/deps/react-router-dom.js?v=714a31e7:4111:8)
    at AppInner (http://localhost:3000/src/App.tsx:26:30)
    at QueryClientProvider (http://localhost:3000/node_modules/.vite/deps/@tanstack_react-query.js?v=714a31e7:2553:30)
    at App

React will try to recreate this component tree from scratch using the error boundary you provided, RenderErrorBoundary. @ http://localhost:3000/@vite/client:524
[     495ms] [ERROR] React Router caught the following error during render Error: Element type is invalid: expected a string (for built-in components) or a class/function (for composite components) but got: undefined. You likely forgot to export your component from the file it's defined in, or you might have mixed up default and named imports.

Check the render method of `IncidentTimelinePanel`.
    at createFiberFromTypeAndProps (http://localhost:3000/node_modules/.vite/deps/react-dom-DZQ9hRBr.js?v=714a31e7:16466:12)
    at createFiberFromElement (http://localhost:3000/node_modules/.vite/deps/react-dom-DZQ9hRBr.js?v=714a31e7:16481:16)
    at reconcileSingleElement (http://localhost:3000/node_modules/.vite/deps/react-dom-DZQ9hRBr.js?v=714a31e7:8849:22)
    at reconcileChildFibers (http://localhost:3000/node_modules/.vite/deps/react-dom-DZQ9hRBr.js?v=714a31e7:8879:56)
    at reconcileChildren (http://localhost:3000/node_modules/.vite/deps/react-dom-DZQ9hRBr.js?v=714a31e7:11924:49)
    at updateHostComponent (http://localhost:3000/node_modules/.vite/deps/react-dom-DZQ9hRBr.js?v=714a31e7:12287:4)
    at beginWork (http://localhost:3000/node_modules/.vite/deps/react-dom-DZQ9hRBr.js?v=714a31e7:13102:32)
    at beginWork$1 (http://localhost:3000/node_modules/.vite/deps/react-dom-DZQ9hRBr.js?v=714a31e7:15982:12)
    at performUnitOfWork (http://localhost:3000/node_modules/.vite/deps/react-dom-DZQ9hRBr.js?v=714a31e7:15568:12)
    at workLoopSync (http://localhost:3000/node_modules/.vite/deps/react-dom-DZQ9hRBr.js?v=714a31e7:15517:36) {componentStack: 
    at div
    at div
    at div
    at div
    a…ack_react-query.js?v=714a31e7:2553:30)
    at App} @ http://localhost:3000/@vite/client:524
