[     442ms] [INFO] %cDownload the React DevTools for a better development experience: https://reactjs.org/link/react-devtools font-weight:bold @ http://localhost:3001/node_modules/.vite/deps/react-dom-BEjadErz.js?v=d60f55b8:17230
[     595ms] [ERROR] Failed to load resource: the server responded with a status of 401 (Unauthorized) @ http://localhost:3001/api/overview/health:0
[     598ms] [ERROR] Failed to load resource: the server responded with a status of 401 (Unauthorized) @ http://localhost:3001/api/overview/health:0
[     622ms] [ERROR] Failed to load resource: the server responded with a status of 401 (Unauthorized) @ http://localhost:3001/api/ha-oidc/providers/enabled:0
[     816ms] [INFO] %cDownload the React DevTools for a better development experience: https://reactjs.org/link/react-devtools font-weight:bold @ http://localhost:3001/node_modules/.vite/deps/react-dom-BEjadErz.js?v=d60f55b8:17230
[     859ms] [ERROR] Failed to load resource: the server responded with a status of 401 (Unauthorized) @ http://localhost:3001/api/ha-oidc/providers/enabled:0
[     926ms] [INFO] %cDownload the React DevTools for a better development experience: https://reactjs.org/link/react-devtools font-weight:bold @ http://localhost:3001/node_modules/.vite/deps/react-dom-BEjadErz.js?v=d60f55b8:17230
[     970ms] [ERROR] Failed to load resource: the server responded with a status of 401 (Unauthorized) @ http://localhost:3001/api/ha-oidc/providers/enabled:0
[    1031ms] [INFO] %cDownload the React DevTools for a better development experience: https://reactjs.org/link/react-devtools font-weight:bold @ http://localhost:3001/node_modules/.vite/deps/react-dom-BEjadErz.js?v=d60f55b8:17230
[    1075ms] [ERROR] Failed to load resource: the server responded with a status of 401 (Unauthorized) @ http://localhost:3001/api/ha-oidc/providers/enabled:0
[    1140ms] [INFO] %cDownload the React DevTools for a better development experience: https://reactjs.org/link/react-devtools font-weight:bold @ http://localhost:3001/node_modules/.vite/deps/react-dom-BEjadErz.js?v=d60f55b8:17230
[    1183ms] [ERROR] Failed to load resource: the server responded with a status of 401 (Unauthorized) @ http://localhost:3001/api/ha-oidc/providers/enabled:0
[    1245ms] [INFO] %cDownload the React DevTools for a better development experience: https://reactjs.org/link/react-devtools font-weight:bold @ http://localhost:3001/node_modules/.vite/deps/react-dom-BEjadErz.js?v=d60f55b8:17230
[    1286ms] [ERROR] Failed to load resource: the server responded with a status of 401 (Unauthorized) @ http://localhost:3001/api/ha-oidc/providers/enabled:0
[    1349ms] [INFO] %cDownload the React DevTools for a better development experience: https://reactjs.org/link/react-devtools font-weight:bold @ http://localhost:3001/node_modules/.vite/deps/react-dom-BEjadErz.js?v=d60f55b8:17230
[    1394ms] [ERROR] Failed to load resource: the server responded with a status of 401 (Unauthorized) @ http://localhost:3001/api/ha-oidc/providers/enabled:0
[    1455ms] [INFO] %cDownload the React DevTools for a better development experience: https://reactjs.org/link/react-devtools font-weight:bold @ http://localhost:3001/node_modules/.vite/deps/react-dom-BEjadErz.js?v=d60f55b8:17230
[    1500ms] [ERROR] Failed to load resource: the server responded with a status of 401 (Unauthorized) @ http://localhost:3001/api/ha-oidc/providers/enabled:0
[    1564ms] [INFO] %cDownload the React DevTools for a better development experience: https://reactjs.org/link/react-devtools font-weight:bold @ http://localhost:3001/node_modules/.vite/deps/react-dom-BEjadErz.js?v=d60f55b8:17230
[    1611ms] [ERROR] Failed to load resource: the server responded with a status of 401 (Unauthorized) @ http://localhost:3001/api/ha-oidc/providers/enabled:0
[    1672ms] [INFO] %cDownload the React DevTools for a better development experience: https://reactjs.org/link/react-devtools font-weight:bold @ http://localhost:3001/node_modules/.vite/deps/react-dom-BEjadErz.js?v=d60f55b8:17230
[    1715ms] [ERROR] Failed to load resource: the server responded with a status of 401 (Unauthorized) @ http://localhost:3001/api/ha-oidc/providers/enabled:0
[    1781ms] [INFO] %cDownload the React DevTools for a better development experience: https://reactjs.org/link/react-devtools font-weight:bold @ http://localhost:3001/node_modules/.vite/deps/react-dom-BEjadErz.js?v=d60f55b8:17230
[    1828ms] [ERROR] Failed to load resource: the server responded with a status of 401 (Unauthorized) @ http://localhost:3001/api/ha-oidc/providers/enabled:0
[    1893ms] [INFO] %cDownload the React DevTools for a better development experience: https://reactjs.org/link/react-devtools font-weight:bold @ http://localhost:3001/node_modules/.vite/deps/react-dom-BEjadErz.js?v=d60f55b8:17230
[    1933ms] [ERROR] Failed to load resource: the server responded with a status of 401 (Unauthorized) @ http://localhost:3001/api/ha-oidc/providers/enabled:0
[    1997ms] [INFO] %cDownload the React DevTools for a better development experience: https://reactjs.org/link/react-devtools font-weight:bold @ http://localhost:3001/node_modules/.vite/deps/react-dom-BEjadErz.js?v=d60f55b8:17230
[    2040ms] [ERROR] Failed to load resource: the server responded with a status of 401 (Unauthorized) @ http://localhost:3001/api/ha-oidc/providers/enabled:0
[    2107ms] [INFO] %cDownload the React DevTools for a better development experience: https://reactjs.org/link/react-devtools font-weight:bold @ http://localhost:3001/node_modules/.vite/deps/react-dom-BEjadErz.js?v=d60f55b8:17230
[    2147ms] [ERROR] Failed to load resource: the server responded with a status of 401 (Unauthorized) @ http://localhost:3001/api/ha-oidc/providers/enabled:0
[    2209ms] [INFO] %cDownload the React DevTools for a better development experience: https://reactjs.org/link/react-devtools font-weight:bold @ http://localhost:3001/node_modules/.vite/deps/react-dom-BEjadErz.js?v=d60f55b8:17230
[    2251ms] [ERROR] Failed to load resource: the server responded with a status of 401 (Unauthorized) @ http://localhost:3001/api/ha-oidc/providers/enabled:0
[    2320ms] [INFO] %cDownload the React DevTools for a better development experience: https://reactjs.org/link/react-devtools font-weight:bold @ http://localhost:3001/node_modules/.vite/deps/react-dom-BEjadErz.js?v=d60f55b8:17230
[    2360ms] [ERROR] Failed to load resource: the server responded with a status of 401 (Unauthorized) @ http://localhost:3001/api/ha-oidc/providers/enabled:0
[    2422ms] [INFO] %cDownload the React DevTools for a better development experience: https://reactjs.org/link/react-devtools font-weight:bold @ http://localhost:3001/node_modules/.vite/deps/react-dom-BEjadErz.js?v=d60f55b8:17230
[    2463ms] [ERROR] Failed to load resource: the server responded with a status of 401 (Unauthorized) @ http://localhost:3001/api/ha-oidc/providers/enabled:0
[    2528ms] [INFO] %cDownload the React DevTools for a better development experience: https://reactjs.org/link/react-devtools font-weight:bold @ http://localhost:3001/node_modules/.vite/deps/react-dom-BEjadErz.js?v=d60f55b8:17230
[    2565ms] [ERROR] Failed to load resource: the server responded with a status of 401 (Unauthorized) @ http://localhost:3001/api/ha-oidc/providers/enabled:0
[    2628ms] [INFO] %cDownload the React DevTools for a better development experience: https://reactjs.org/link/react-devtools font-weight:bold @ http://localhost:3001/node_modules/.vite/deps/react-dom-BEjadErz.js?v=d60f55b8:17230
[    2673ms] [ERROR] Failed to load resource: the server responded with a status of 401 (Unauthorized) @ http://localhost:3001/api/ha-oidc/providers/enabled:0
[    2736ms] [INFO] %cDownload the React DevTools for a better development experience: https://reactjs.org/link/react-devtools font-weight:bold @ http://localhost:3001/node_modules/.vite/deps/react-dom-BEjadErz.js?v=d60f55b8:17230
[    2772ms] [ERROR] Failed to load resource: the server responded with a status of 401 (Unauthorized) @ http://localhost:3001/api/ha-oidc/providers/enabled:0
[    2836ms] [INFO] %cDownload the React DevTools for a better development experience: https://reactjs.org/link/react-devtools font-weight:bold @ http://localhost:3001/node_modules/.vite/deps/react-dom-BEjadErz.js?v=d60f55b8:17230
[    2875ms] [ERROR] Failed to load resource: the server responded with a status of 401 (Unauthorized) @ http://localhost:3001/api/ha-oidc/providers/enabled:0
[    2937ms] [INFO] %cDownload the React DevTools for a better development experience: https://reactjs.org/link/react-devtools font-weight:bold @ http://localhost:3001/node_modules/.vite/deps/react-dom-BEjadErz.js?v=d60f55b8:17230
[    2981ms] [ERROR] Failed to load resource: the server responded with a status of 401 (Unauthorized) @ http://localhost:3001/api/ha-oidc/providers/enabled:0
[    3043ms] [INFO] %cDownload the React DevTools for a better development experience: https://reactjs.org/link/react-devtools font-weight:bold @ http://localhost:3001/node_modules/.vite/deps/react-dom-BEjadErz.js?v=d60f55b8:17230
[    3085ms] [ERROR] Failed to load resource: the server responded with a status of 401 (Unauthorized) @ http://localhost:3001/api/ha-oidc/providers/enabled:0
[    3147ms] [INFO] %cDownload the React DevTools for a better development experience: https://reactjs.org/link/react-devtools font-weight:bold @ http://localhost:3001/node_modules/.vite/deps/react-dom-BEjadErz.js?v=d60f55b8:17230
[    3185ms] [ERROR] Failed to load resource: the server responded with a status of 401 (Unauthorized) @ http://localhost:3001/api/ha-oidc/providers/enabled:0
[    3248ms] [INFO] %cDownload the React DevTools for a better development experience: https://reactjs.org/link/react-devtools font-weight:bold @ http://localhost:3001/node_modules/.vite/deps/react-dom-BEjadErz.js?v=d60f55b8:17230
[    3296ms] [ERROR] Failed to load resource: the server responded with a status of 401 (Unauthorized) @ http://localhost:3001/api/ha-oidc/providers/enabled:0
[    3357ms] [INFO] %cDownload the React DevTools for a better development experience: https://reactjs.org/link/react-devtools font-weight:bold @ http://localhost:3001/node_modules/.vite/deps/react-dom-BEjadErz.js?v=d60f55b8:17230
[    3397ms] [ERROR] Failed to load resource: the server responded with a status of 401 (Unauthorized) @ http://localhost:3001/api/ha-oidc/providers/enabled:0
[    3457ms] [INFO] %cDownload the React DevTools for a better development experience: https://reactjs.org/link/react-devtools font-weight:bold @ http://localhost:3001/node_modules/.vite/deps/react-dom-BEjadErz.js?v=d60f55b8:17230
[    3500ms] [ERROR] Failed to load resource: the server responded with a status of 401 (Unauthorized) @ http://localhost:3001/api/ha-oidc/providers/enabled:0
[    3563ms] [INFO] %cDownload the React DevTools for a better development experience: https://reactjs.org/link/react-devtools font-weight:bold @ http://localhost:3001/node_modules/.vite/deps/react-dom-BEjadErz.js?v=d60f55b8:17230
[    3600ms] [ERROR] Failed to load resource: the server responded with a status of 401 (Unauthorized) @ http://localhost:3001/api/ha-oidc/providers/enabled:0
[    3663ms] [INFO] %cDownload the React DevTools for a better development experience: https://reactjs.org/link/react-devtools font-weight:bold @ http://localhost:3001/node_modules/.vite/deps/react-dom-BEjadErz.js?v=d60f55b8:17230
[    3704ms] [ERROR] Failed to load resource: the server responded with a status of 401 (Unauthorized) @ http://localhost:3001/api/ha-oidc/providers/enabled:0
[    3771ms] [INFO] %cDownload the React DevTools for a better development experience: https://reactjs.org/link/react-devtools font-weight:bold @ http://localhost:3001/node_modules/.vite/deps/react-dom-BEjadErz.js?v=d60f55b8:17230
[    3808ms] [ERROR] Failed to load resource: the server responded with a status of 401 (Unauthorized) @ http://localhost:3001/api/ha-oidc/providers/enabled:0
[    3871ms] [INFO] %cDownload the React DevTools for a better development experience: https://reactjs.org/link/react-devtools font-weight:bold @ http://localhost:3001/node_modules/.vite/deps/react-dom-BEjadErz.js?v=d60f55b8:17230
[    3912ms] [ERROR] Failed to load resource: the server responded with a status of 401 (Unauthorized) @ http://localhost:3001/api/ha-oidc/providers/enabled:0
[    3973ms] [INFO] %cDownload the React DevTools for a better development experience: https://reactjs.org/link/react-devtools font-weight:bold @ http://localhost:3001/node_modules/.vite/deps/react-dom-BEjadErz.js?v=d60f55b8:17230
[    4011ms] [ERROR] Failed to load resource: the server responded with a status of 401 (Unauthorized) @ http://localhost:3001/api/ha-oidc/providers/enabled:0
[    4073ms] [INFO] %cDownload the React DevTools for a better development experience: https://reactjs.org/link/react-devtools font-weight:bold @ http://localhost:3001/node_modules/.vite/deps/react-dom-BEjadErz.js?v=d60f55b8:17230
[    4113ms] [ERROR] Failed to load resource: the server responded with a status of 401 (Unauthorized) @ http://localhost:3001/api/ha-oidc/providers/enabled:0
[    4175ms] [INFO] %cDownload the React DevTools for a better development experience: https://reactjs.org/link/react-devtools font-weight:bold @ http://localhost:3001/node_modules/.vite/deps/react-dom-BEjadErz.js?v=d60f55b8:17230
[    4213ms] [ERROR] Failed to load resource: the server responded with a status of 401 (Unauthorized) @ http://localhost:3001/api/ha-oidc/providers/enabled:0
[    4274ms] [INFO] %cDownload the React DevTools for a better development experience: https://reactjs.org/link/react-devtools font-weight:bold @ http://localhost:3001/node_modules/.vite/deps/react-dom-BEjadErz.js?v=d60f55b8:17230
[    4315ms] [ERROR] Failed to load resource: the server responded with a status of 401 (Unauthorized) @ http://localhost:3001/api/ha-oidc/providers/enabled:0
[    4377ms] [INFO] %cDownload the React DevTools for a better development experience: https://reactjs.org/link/react-devtools font-weight:bold @ http://localhost:3001/node_modules/.vite/deps/react-dom-BEjadErz.js?v=d60f55b8:17230
[    4415ms] [ERROR] Failed to load resource: the server responded with a status of 401 (Unauthorized) @ http://localhost:3001/api/ha-oidc/providers/enabled:0
[    4477ms] [INFO] %cDownload the React DevTools for a better development experience: https://reactjs.org/link/react-devtools font-weight:bold @ http://localhost:3001/node_modules/.vite/deps/react-dom-BEjadErz.js?v=d60f55b8:17230
[    4520ms] [ERROR] Failed to load resource: the server responded with a status of 401 (Unauthorized) @ http://localhost:3001/api/ha-oidc/providers/enabled:0
[    4580ms] [INFO] %cDownload the React DevTools for a better development experience: https://reactjs.org/link/react-devtools font-weight:bold @ http://localhost:3001/node_modules/.vite/deps/react-dom-BEjadErz.js?v=d60f55b8:17230
[    4619ms] [ERROR] Failed to load resource: the server responded with a status of 401 (Unauthorized) @ http://localhost:3001/api/ha-oidc/providers/enabled:0
[    4688ms] [INFO] %cDownload the React DevTools for a better development experience: https://reactjs.org/link/react-devtools font-weight:bold @ http://localhost:3001/node_modules/.vite/deps/react-dom-BEjadErz.js?v=d60f55b8:17230
[    4735ms] [ERROR] Failed to load resource: the server responded with a status of 401 (Unauthorized) @ http://localhost:3001/api/ha-oidc/providers/enabled:0
[    4825ms] [INFO] %cDownload the React DevTools for a better development experience: https://reactjs.org/link/react-devtools font-weight:bold @ http://localhost:3001/node_modules/.vite/deps/react-dom-BEjadErz.js?v=d60f55b8:17230
[    4867ms] [ERROR] Failed to load resource: the server responded with a status of 401 (Unauthorized) @ http://localhost:3001/api/ha-oidc/providers/enabled:0
[    4932ms] [INFO] %cDownload the React DevTools for a better development experience: https://reactjs.org/link/react-devtools font-weight:bold @ http://localhost:3001/node_modules/.vite/deps/react-dom-BEjadErz.js?v=d60f55b8:17230
[    4980ms] [ERROR] Failed to load resource: the server responded with a status of 401 (Unauthorized) @ http://localhost:3001/api/ha-oidc/providers/enabled:0
[    5045ms] [INFO] %cDownload the React DevTools for a better development experience: https://reactjs.org/link/react-devtools font-weight:bold @ http://localhost:3001/node_modules/.vite/deps/react-dom-BEjadErz.js?v=d60f55b8:17230
[    5081ms] [ERROR] Failed to load resource: the server responded with a status of 401 (Unauthorized) @ http://localhost:3001/api/ha-oidc/providers/enabled:0
[    5143ms] [INFO] %cDownload the React DevTools for a better development experience: https://reactjs.org/link/react-devtools font-weight:bold @ http://localhost:3001/node_modules/.vite/deps/react-dom-BEjadErz.js?v=d60f55b8:17230
[    5180ms] [ERROR] Failed to load resource: the server responded with a status of 401 (Unauthorized) @ http://localhost:3001/api/ha-oidc/providers/enabled:0
[    5241ms] [INFO] %cDownload the React DevTools for a better development experience: https://reactjs.org/link/react-devtools font-weight:bold @ http://localhost:3001/node_modules/.vite/deps/react-dom-BEjadErz.js?v=d60f55b8:17230
[    5282ms] [ERROR] Failed to load resource: the server responded with a status of 401 (Unauthorized) @ http://localhost:3001/api/ha-oidc/providers/enabled:0
[    5346ms] [INFO] %cDownload the React DevTools for a better development experience: https://reactjs.org/link/react-devtools font-weight:bold @ http://localhost:3001/node_modules/.vite/deps/react-dom-BEjadErz.js?v=d60f55b8:17230
[    5384ms] [ERROR] Failed to load resource: the server responded with a status of 401 (Unauthorized) @ http://localhost:3001/api/ha-oidc/providers/enabled:0
[    5446ms] [INFO] %cDownload the React DevTools for a better development experience: https://reactjs.org/link/react-devtools font-weight:bold @ http://localhost:3001/node_modules/.vite/deps/react-dom-BEjadErz.js?v=d60f55b8:17230
[    5488ms] [ERROR] Failed to load resource: the server responded with a status of 401 (Unauthorized) @ http://localhost:3001/api/ha-oidc/providers/enabled:0
[    5550ms] [INFO] %cDownload the React DevTools for a better development experience: https://reactjs.org/link/react-devtools font-weight:bold @ http://localhost:3001/node_modules/.vite/deps/react-dom-BEjadErz.js?v=d60f55b8:17230
[    5589ms] [ERROR] Failed to load resource: the server responded with a status of 401 (Unauthorized) @ http://localhost:3001/api/ha-oidc/providers/enabled:0
[    5651ms] [INFO] %cDownload the React DevTools for a better development experience: https://reactjs.org/link/react-devtools font-weight:bold @ http://localhost:3001/node_modules/.vite/deps/react-dom-BEjadErz.js?v=d60f55b8:17230
[    5690ms] [ERROR] Failed to load resource: the server responded with a status of 401 (Unauthorized) @ http://localhost:3001/api/ha-oidc/providers/enabled:0
[    5752ms] [INFO] %cDownload the React DevTools for a better development experience: https://reactjs.org/link/react-devtools font-weight:bold @ http://localhost:3001/node_modules/.vite/deps/react-dom-BEjadErz.js?v=d60f55b8:17230
[    5813ms] [ERROR] Failed to load resource: the server responded with a status of 401 (Unauthorized) @ http://localhost:3001/api/ha-oidc/providers/enabled:0
[    5877ms] [INFO] %cDownload the React DevTools for a better development experience: https://reactjs.org/link/react-devtools font-weight:bold @ http://localhost:3001/node_modules/.vite/deps/react-dom-BEjadErz.js?v=d60f55b8:17230
[    5915ms] [ERROR] Failed to load resource: the server responded with a status of 401 (Unauthorized) @ http://localhost:3001/api/ha-oidc/providers/enabled:0
[    5979ms] [INFO] %cDownload the React DevTools for a better development experience: https://reactjs.org/link/react-devtools font-weight:bold @ http://localhost:3001/node_modules/.vite/deps/react-dom-BEjadErz.js?v=d60f55b8:17230
[    6016ms] [ERROR] Failed to load resource: the server responded with a status of 401 (Unauthorized) @ http://localhost:3001/api/ha-oidc/providers/enabled:0
[    6079ms] [INFO] %cDownload the React DevTools for a better development experience: https://reactjs.org/link/react-devtools font-weight:bold @ http://localhost:3001/node_modules/.vite/deps/react-dom-BEjadErz.js?v=d60f55b8:17230
[    6119ms] [ERROR] Failed to load resource: the server responded with a status of 401 (Unauthorized) @ http://localhost:3001/api/ha-oidc/providers/enabled:0
[    6181ms] [INFO] %cDownload the React DevTools for a better development experience: https://reactjs.org/link/react-devtools font-weight:bold @ http://localhost:3001/node_modules/.vite/deps/react-dom-BEjadErz.js?v=d60f55b8:17230
[    6219ms] [ERROR] Failed to load resource: the server responded with a status of 401 (Unauthorized) @ http://localhost:3001/api/ha-oidc/providers/enabled:0
[    6280ms] [INFO] %cDownload the React DevTools for a better development experience: https://reactjs.org/link/react-devtools font-weight:bold @ http://localhost:3001/node_modules/.vite/deps/react-dom-BEjadErz.js?v=d60f55b8:17230
[    6320ms] [ERROR] Failed to load resource: the server responded with a status of 401 (Unauthorized) @ http://localhost:3001/api/ha-oidc/providers/enabled:0
[    6382ms] [INFO] %cDownload the React DevTools for a better development experience: https://reactjs.org/link/react-devtools font-weight:bold @ http://localhost:3001/node_modules/.vite/deps/react-dom-BEjadErz.js?v=d60f55b8:17230
[    6418ms] [ERROR] Failed to load resource: the server responded with a status of 401 (Unauthorized) @ http://localhost:3001/api/ha-oidc/providers/enabled:0
[    6479ms] [INFO] %cDownload the React DevTools for a better development experience: https://reactjs.org/link/react-devtools font-weight:bold @ http://localhost:3001/node_modules/.vite/deps/react-dom-BEjadErz.js?v=d60f55b8:17230
[    6520ms] [ERROR] Failed to load resource: the server responded with a status of 401 (Unauthorized) @ http://localhost:3001/api/ha-oidc/providers/enabled:0
[    6580ms] [INFO] %cDownload the React DevTools for a better development experience: https://reactjs.org/link/react-devtools font-weight:bold @ http://localhost:3001/node_modules/.vite/deps/react-dom-BEjadErz.js?v=d60f55b8:17230
[    6620ms] [ERROR] Failed to load resource: the server responded with a status of 401 (Unauthorized) @ http://localhost:3001/api/ha-oidc/providers/enabled:0
[    6681ms] [INFO] %cDownload the React DevTools for a better development experience: https://reactjs.org/link/react-devtools font-weight:bold @ http://localhost:3001/node_modules/.vite/deps/react-dom-BEjadErz.js?v=d60f55b8:17230
[    6727ms] [ERROR] Failed to load resource: the server responded with a status of 401 (Unauthorized) @ http://localhost:3001/api/ha-oidc/providers/enabled:0
[    6789ms] [INFO] %cDownload the React DevTools for a better development experience: https://reactjs.org/link/react-devtools font-weight:bold @ http://localhost:3001/node_modules/.vite/deps/react-dom-BEjadErz.js?v=d60f55b8:17230
[    6831ms] [ERROR] Failed to load resource: the server responded with a status of 401 (Unauthorized) @ http://localhost:3001/api/ha-oidc/providers/enabled:0
[    6900ms] [INFO] %cDownload the React DevTools for a better development experience: https://reactjs.org/link/react-devtools font-weight:bold @ http://localhost:3001/node_modules/.vite/deps/react-dom-BEjadErz.js?v=d60f55b8:17230
[    6941ms] [ERROR] Failed to load resource: the server responded with a status of 401 (Unauthorized) @ http://localhost:3001/api/ha-oidc/providers/enabled:0
[    7010ms] [INFO] %cDownload the React DevTools for a better development experience: https://reactjs.org/link/react-devtools font-weight:bold @ http://localhost:3001/node_modules/.vite/deps/react-dom-BEjadErz.js?v=d60f55b8:17230
[    7049ms] [ERROR] Failed to load resource: the server responded with a status of 401 (Unauthorized) @ http://localhost:3001/api/ha-oidc/providers/enabled:0
[    7123ms] [INFO] %cDownload the React DevTools for a better development experience: https://reactjs.org/link/react-devtools font-weight:bold @ http://localhost:3001/node_modules/.vite/deps/react-dom-BEjadErz.js?v=d60f55b8:17230
[    7169ms] [ERROR] Failed to load resource: the server responded with a status of 401 (Unauthorized) @ http://localhost:3001/api/ha-oidc/providers/enabled:0
[    7232ms] [INFO] %cDownload the React DevTools for a better development experience: https://reactjs.org/link/react-devtools font-weight:bold @ http://localhost:3001/node_modules/.vite/deps/react-dom-BEjadErz.js?v=d60f55b8:17230
[    7270ms] [ERROR] Failed to load resource: the server responded with a status of 401 (Unauthorized) @ http://localhost:3001/api/ha-oidc/providers/enabled:0
[    7335ms] [INFO] %cDownload the React DevTools for a better development experience: https://reactjs.org/link/react-devtools font-weight:bold @ http://localhost:3001/node_modules/.vite/deps/react-dom-BEjadErz.js?v=d60f55b8:17230
[    7378ms] [ERROR] Failed to load resource: the server responded with a status of 401 (Unauthorized) @ http://localhost:3001/api/ha-oidc/providers/enabled:0
[    7440ms] [INFO] %cDownload the React DevTools for a better development experience: https://reactjs.org/link/react-devtools font-weight:bold @ http://localhost:3001/node_modules/.vite/deps/react-dom-BEjadErz.js?v=d60f55b8:17230
[    7480ms] [ERROR] Failed to load resource: the server responded with a status of 401 (Unauthorized) @ http://localhost:3001/api/ha-oidc/providers/enabled:0
[    7552ms] [INFO] %cDownload the React DevTools for a better development experience: https://reactjs.org/link/react-devtools font-weight:bold @ http://localhost:3001/node_modules/.vite/deps/react-dom-BEjadErz.js?v=d60f55b8:17230
[    7596ms] [ERROR] Failed to load resource: the server responded with a status of 401 (Unauthorized) @ http://localhost:3001/api/ha-oidc/providers/enabled:0
[    7660ms] [INFO] %cDownload the React DevTools for a better development experience: https://reactjs.org/link/react-devtools font-weight:bold @ http://localhost:3001/node_modules/.vite/deps/react-dom-BEjadErz.js?v=d60f55b8:17230
[    7698ms] [ERROR] Failed to load resource: the server responded with a status of 401 (Unauthorized) @ http://localhost:3001/api/ha-oidc/providers/enabled:0
[    7758ms] [INFO] %cDownload the React DevTools for a better development experience: https://reactjs.org/link/react-devtools font-weight:bold @ http://localhost:3001/node_modules/.vite/deps/react-dom-BEjadErz.js?v=d60f55b8:17230
[    7799ms] [ERROR] Failed to load resource: the server responded with a status of 401 (Unauthorized) @ http://localhost:3001/api/ha-oidc/providers/enabled:0
[    7859ms] [INFO] %cDownload the React DevTools for a better development experience: https://reactjs.org/link/react-devtools font-weight:bold @ http://localhost:3001/node_modules/.vite/deps/react-dom-BEjadErz.js?v=d60f55b8:17230
[    7902ms] [ERROR] Failed to load resource: the server responded with a status of 401 (Unauthorized) @ http://localhost:3001/api/ha-oidc/providers/enabled:0
[    7969ms] [INFO] %cDownload the React DevTools for a better development experience: https://reactjs.org/link/react-devtools font-weight:bold @ http://localhost:3001/node_modules/.vite/deps/react-dom-BEjadErz.js?v=d60f55b8:17230
[    8011ms] [ERROR] Failed to load resource: the server responded with a status of 401 (Unauthorized) @ http://localhost:3001/api/ha-oidc/providers/enabled:0
[    8071ms] [INFO] %cDownload the React DevTools for a better development experience: https://reactjs.org/link/react-devtools font-weight:bold @ http://localhost:3001/node_modules/.vite/deps/react-dom-BEjadErz.js?v=d60f55b8:17230
[    8110ms] [ERROR] Failed to load resource: the server responded with a status of 401 (Unauthorized) @ http://localhost:3001/api/ha-oidc/providers/enabled:0
[    8170ms] [INFO] %cDownload the React DevTools for a better development experience: https://reactjs.org/link/react-devtools font-weight:bold @ http://localhost:3001/node_modules/.vite/deps/react-dom-BEjadErz.js?v=d60f55b8:17230
[    8211ms] [ERROR] Failed to load resource: the server responded with a status of 401 (Unauthorized) @ http://localhost:3001/api/ha-oidc/providers/enabled:0
[    8271ms] [INFO] %cDownload the React DevTools for a better development experience: https://reactjs.org/link/react-devtools font-weight:bold @ http://localhost:3001/node_modules/.vite/deps/react-dom-BEjadErz.js?v=d60f55b8:17230
[    8310ms] [ERROR] Failed to load resource: the server responded with a status of 401 (Unauthorized) @ http://localhost:3001/api/ha-oidc/providers/enabled:0
[    8372ms] [INFO] %cDownload the React DevTools for a better development experience: https://reactjs.org/link/react-devtools font-weight:bold @ http://localhost:3001/node_modules/.vite/deps/react-dom-BEjadErz.js?v=d60f55b8:17230
[    8413ms] [ERROR] Failed to load resource: the server responded with a status of 401 (Unauthorized) @ http://localhost:3001/api/ha-oidc/providers/enabled:0
[    8473ms] [INFO] %cDownload the React DevTools for a better development experience: https://reactjs.org/link/react-devtools font-weight:bold @ http://localhost:3001/node_modules/.vite/deps/react-dom-BEjadErz.js?v=d60f55b8:17230
[    8511ms] [ERROR] Failed to load resource: the server responded with a status of 401 (Unauthorized) @ http://localhost:3001/api/ha-oidc/providers/enabled:0
[    8571ms] [INFO] %cDownload the React DevTools for a better development experience: https://reactjs.org/link/react-devtools font-weight:bold @ http://localhost:3001/node_modules/.vite/deps/react-dom-BEjadErz.js?v=d60f55b8:17230
[    8613ms] [ERROR] Failed to load resource: the server responded with a status of 401 (Unauthorized) @ http://localhost:3001/api/ha-oidc/providers/enabled:0
[    8701ms] [INFO] %cDownload the React DevTools for a better development experience: https://reactjs.org/link/react-devtools font-weight:bold @ http://localhost:3001/node_modules/.vite/deps/react-dom-BEjadErz.js?v=d60f55b8:17230
[    8747ms] [ERROR] Failed to load resource: the server responded with a status of 401 (Unauthorized) @ http://localhost:3001/api/ha-oidc/providers/enabled:0
[    8817ms] [INFO] %cDownload the React DevTools for a better development experience: https://reactjs.org/link/react-devtools font-weight:bold @ http://localhost:3001/node_modules/.vite/deps/react-dom-BEjadErz.js?v=d60f55b8:17230
[    8865ms] [ERROR] Failed to load resource: the server responded with a status of 401 (Unauthorized) @ http://localhost:3001/api/ha-oidc/providers/enabled:0
[    8944ms] [INFO] %cDownload the React DevTools for a better development experience: https://reactjs.org/link/react-devtools font-weight:bold @ http://localhost:3001/node_modules/.vite/deps/react-dom-BEjadErz.js?v=d60f55b8:17230
[    8985ms] [ERROR] Failed to load resource: the server responded with a status of 401 (Unauthorized) @ http://localhost:3001/api/ha-oidc/providers/enabled:0
[    9059ms] [INFO] %cDownload the React DevTools for a better development experience: https://reactjs.org/link/react-devtools font-weight:bold @ http://localhost:3001/node_modules/.vite/deps/react-dom-BEjadErz.js?v=d60f55b8:17230
[    9096ms] [ERROR] Failed to load resource: the server responded with a status of 401 (Unauthorized) @ http://localhost:3001/api/ha-oidc/providers/enabled:0
[    9171ms] [INFO] %cDownload the React DevTools for a better development experience: https://reactjs.org/link/react-devtools font-weight:bold @ http://localhost:3001/node_modules/.vite/deps/react-dom-BEjadErz.js?v=d60f55b8:17230
[    9210ms] [ERROR] Failed to load resource: the server responded with a status of 401 (Unauthorized) @ http://localhost:3001/api/ha-oidc/providers/enabled:0
[    9281ms] [INFO] %cDownload the React DevTools for a better development experience: https://reactjs.org/link/react-devtools font-weight:bold @ http://localhost:3001/node_modules/.vite/deps/react-dom-BEjadErz.js?v=d60f55b8:17230
[    9318ms] [ERROR] Failed to load resource: the server responded with a status of 401 (Unauthorized) @ http://localhost:3001/api/ha-oidc/providers/enabled:0
[    9389ms] [INFO] %cDownload the React DevTools for a better development experience: https://reactjs.org/link/react-devtools font-weight:bold @ http://localhost:3001/node_modules/.vite/deps/react-dom-BEjadErz.js?v=d60f55b8:17230
[    9427ms] [ERROR] Failed to load resource: the server responded with a status of 401 (Unauthorized) @ http://localhost:3001/api/ha-oidc/providers/enabled:0
[    9499ms] [INFO] %cDownload the React DevTools for a better development experience: https://reactjs.org/link/react-devtools font-weight:bold @ http://localhost:3001/node_modules/.vite/deps/react-dom-BEjadErz.js?v=d60f55b8:17230
[    9535ms] [ERROR] Failed to load resource: the server responded with a status of 401 (Unauthorized) @ http://localhost:3001/api/ha-oidc/providers/enabled:0
[    9607ms] [INFO] %cDownload the React DevTools for a better development experience: https://reactjs.org/link/react-devtools font-weight:bold @ http://localhost:3001/node_modules/.vite/deps/react-dom-BEjadErz.js?v=d60f55b8:17230
[    9647ms] [ERROR] Failed to load resource: the server responded with a status of 401 (Unauthorized) @ http://localhost:3001/api/ha-oidc/providers/enabled:0
[    9708ms] [INFO] %cDownload the React DevTools for a better development experience: https://reactjs.org/link/react-devtools font-weight:bold @ http://localhost:3001/node_modules/.vite/deps/react-dom-BEjadErz.js?v=d60f55b8:17230
[    9742ms] [ERROR] Failed to load resource: the server responded with a status of 401 (Unauthorized) @ http://localhost:3001/api/ha-oidc/providers/enabled:0
[    9804ms] [INFO] %cDownload the React DevTools for a better development experience: https://reactjs.org/link/react-devtools font-weight:bold @ http://localhost:3001/node_modules/.vite/deps/react-dom-BEjadErz.js?v=d60f55b8:17230
[    9840ms] [ERROR] Failed to load resource: the server responded with a status of 401 (Unauthorized) @ http://localhost:3001/api/ha-oidc/providers/enabled:0
[    9902ms] [INFO] %cDownload the React DevTools for a better development experience: https://reactjs.org/link/react-devtools font-weight:bold @ http://localhost:3001/node_modules/.vite/deps/react-dom-BEjadErz.js?v=d60f55b8:17230
[    9942ms] [ERROR] Failed to load resource: the server responded with a status of 401 (Unauthorized) @ http://localhost:3001/api/ha-oidc/providers/enabled:0
[   10004ms] [INFO] %cDownload the React DevTools for a better development experience: https://reactjs.org/link/react-devtools font-weight:bold @ http://localhost:3001/node_modules/.vite/deps/react-dom-BEjadErz.js?v=d60f55b8:17230
[   10049ms] [ERROR] Failed to load resource: the server responded with a status of 401 (Unauthorized) @ http://localhost:3001/api/ha-oidc/providers/enabled:0
[   10109ms] [INFO] %cDownload the React DevTools for a better development experience: https://reactjs.org/link/react-devtools font-weight:bold @ http://localhost:3001/node_modules/.vite/deps/react-dom-BEjadErz.js?v=d60f55b8:17230
[   10149ms] [ERROR] Failed to load resource: the server responded with a status of 401 (Unauthorized) @ http://localhost:3001/api/ha-oidc/providers/enabled:0
[   10211ms] [INFO] %cDownload the React DevTools for a better development experience: https://reactjs.org/link/react-devtools font-weight:bold @ http://localhost:3001/node_modules/.vite/deps/react-dom-BEjadErz.js?v=d60f55b8:17230
[   10251ms] [ERROR] Failed to load resource: the server responded with a status of 401 (Unauthorized) @ http://localhost:3001/api/ha-oidc/providers/enabled:0
[   10312ms] [INFO] %cDownload the React DevTools for a better development experience: https://reactjs.org/link/react-devtools font-weight:bold @ http://localhost:3001/node_modules/.vite/deps/react-dom-BEjadErz.js?v=d60f55b8:17230
[   10351ms] [ERROR] Failed to load resource: the server responded with a status of 401 (Unauthorized) @ http://localhost:3001/api/ha-oidc/providers/enabled:0
[   10411ms] [INFO] %cDownload the React DevTools for a better development experience: https://reactjs.org/link/react-devtools font-weight:bold @ http://localhost:3001/node_modules/.vite/deps/react-dom-BEjadErz.js?v=d60f55b8:17230
[   10453ms] [ERROR] Failed to load resource: the server responded with a status of 401 (Unauthorized) @ http://localhost:3001/api/ha-oidc/providers/enabled:0
[   10514ms] [INFO] %cDownload the React DevTools for a better development experience: https://reactjs.org/link/react-devtools font-weight:bold @ http://localhost:3001/node_modules/.vite/deps/react-dom-BEjadErz.js?v=d60f55b8:17230
[   10552ms] [ERROR] Failed to load resource: the server responded with a status of 401 (Unauthorized) @ http://localhost:3001/api/ha-oidc/providers/enabled:0
[   10614ms] [INFO] %cDownload the React DevTools for a better development experience: https://reactjs.org/link/react-devtools font-weight:bold @ http://localhost:3001/node_modules/.vite/deps/react-dom-BEjadErz.js?v=d60f55b8:17230
[   10654ms] [ERROR] Failed to load resource: the server responded with a status of 401 (Unauthorized) @ http://localhost:3001/api/ha-oidc/providers/enabled:0
[   10714ms] [INFO] %cDownload the React DevTools for a better development experience: https://reactjs.org/link/react-devtools font-weight:bold @ http://localhost:3001/node_modules/.vite/deps/react-dom-BEjadErz.js?v=d60f55b8:17230
[   10755ms] [ERROR] Failed to load resource: the server responded with a status of 401 (Unauthorized) @ http://localhost:3001/api/ha-oidc/providers/enabled:0
[   10816ms] [INFO] %cDownload the React DevTools for a better development experience: https://reactjs.org/link/react-devtools font-weight:bold @ http://localhost:3001/node_modules/.vite/deps/react-dom-BEjadErz.js?v=d60f55b8:17230
[   10856ms] [ERROR] Failed to load resource: the server responded with a status of 401 (Unauthorized) @ http://localhost:3001/api/ha-oidc/providers/enabled:0
[   10918ms] [INFO] %cDownload the React DevTools for a better development experience: https://reactjs.org/link/react-devtools font-weight:bold @ http://localhost:3001/node_modules/.vite/deps/react-dom-BEjadErz.js?v=d60f55b8:17230
[   10957ms] [ERROR] Failed to load resource: the server responded with a status of 401 (Unauthorized) @ http://localhost:3001/api/ha-oidc/providers/enabled:0
[   11018ms] [INFO] %cDownload the React DevTools for a better development experience: https://reactjs.org/link/react-devtools font-weight:bold @ http://localhost:3001/node_modules/.vite/deps/react-dom-BEjadErz.js?v=d60f55b8:17230
[   11068ms] [ERROR] Failed to load resource: the server responded with a status of 401 (Unauthorized) @ http://localhost:3001/api/ha-oidc/providers/enabled:0
[   11134ms] [INFO] %cDownload the React DevTools for a better development experience: https://reactjs.org/link/react-devtools font-weight:bold @ http://localhost:3001/node_modules/.vite/deps/react-dom-BEjadErz.js?v=d60f55b8:17230
[   11166ms] [ERROR] Failed to load resource: the server responded with a status of 401 (Unauthorized) @ http://localhost:3001/api/ha-oidc/providers/enabled:0
[   11228ms] [INFO] %cDownload the React DevTools for a better development experience: https://reactjs.org/link/react-devtools font-weight:bold @ http://localhost:3001/node_modules/.vite/deps/react-dom-BEjadErz.js?v=d60f55b8:17230
[   11269ms] [ERROR] Failed to load resource: the server responded with a status of 401 (Unauthorized) @ http://localhost:3001/api/ha-oidc/providers/enabled:0
[   11331ms] [INFO] %cDownload the React DevTools for a better development experience: https://reactjs.org/link/react-devtools font-weight:bold @ http://localhost:3001/node_modules/.vite/deps/react-dom-BEjadErz.js?v=d60f55b8:17230
[   11369ms] [ERROR] Failed to load resource: the server responded with a status of 401 (Unauthorized) @ http://localhost:3001/api/ha-oidc/providers/enabled:0
[   11430ms] [INFO] %cDownload the React DevTools for a better development experience: https://reactjs.org/link/react-devtools font-weight:bold @ http://localhost:3001/node_modules/.vite/deps/react-dom-BEjadErz.js?v=d60f55b8:17230
[   11471ms] [ERROR] Failed to load resource: the server responded with a status of 401 (Unauthorized) @ http://localhost:3001/api/ha-oidc/providers/enabled:0
[   11533ms] [INFO] %cDownload the React DevTools for a better development experience: https://reactjs.org/link/react-devtools font-weight:bold @ http://localhost:3001/node_modules/.vite/deps/react-dom-BEjadErz.js?v=d60f55b8:17230
[   11571ms] [ERROR] Failed to load resource: the server responded with a status of 401 (Unauthorized) @ http://localhost:3001/api/ha-oidc/providers/enabled:0
[   11653ms] [INFO] %cDownload the React DevTools for a better development experience: https://reactjs.org/link/react-devtools font-weight:bold @ http://localhost:3001/node_modules/.vite/deps/react-dom-BEjadErz.js?v=d60f55b8:17230
[   11696ms] [ERROR] Failed to load resource: the server responded with a status of 401 (Unauthorized) @ http://localhost:3001/api/ha-oidc/providers/enabled:0
[   11774ms] [INFO] %cDownload the React DevTools for a better development experience: https://reactjs.org/link/react-devtools font-weight:bold @ http://localhost:3001/node_modules/.vite/deps/react-dom-BEjadErz.js?v=d60f55b8:17230
[   11813ms] [ERROR] Failed to load resource: the server responded with a status of 401 (Unauthorized) @ http://localhost:3001/api/ha-oidc/providers/enabled:0
[   11875ms] [INFO] %cDownload the React DevTools for a better development experience: https://reactjs.org/link/react-devtools font-weight:bold @ http://localhost:3001/node_modules/.vite/deps/react-dom-BEjadErz.js?v=d60f55b8:17230
[   11917ms] [ERROR] Failed to load resource: the server responded with a status of 401 (Unauthorized) @ http://localhost:3001/api/ha-oidc/providers/enabled:0
[   11980ms] [INFO] %cDownload the React DevTools for a better development experience: https://reactjs.org/link/react-devtools font-weight:bold @ http://localhost:3001/node_modules/.vite/deps/react-dom-BEjadErz.js?v=d60f55b8:17230
[   12018ms] [ERROR] Failed to load resource: the server responded with a status of 401 (Unauthorized) @ http://localhost:3001/api/ha-oidc/providers/enabled:0
[   12081ms] [INFO] %cDownload the React DevTools for a better development experience: https://reactjs.org/link/react-devtools font-weight:bold @ http://localhost:3001/node_modules/.vite/deps/react-dom-BEjadErz.js?v=d60f55b8:17230
[   12126ms] [ERROR] Failed to load resource: the server responded with a status of 401 (Unauthorized) @ http://localhost:3001/api/ha-oidc/providers/enabled:0
[   12189ms] [INFO] %cDownload the React DevTools for a better development experience: https://reactjs.org/link/react-devtools font-weight:bold @ http://localhost:3001/node_modules/.vite/deps/react-dom-BEjadErz.js?v=d60f55b8:17230
[   12227ms] [ERROR] Failed to load resource: the server responded with a status of 401 (Unauthorized) @ http://localhost:3001/api/ha-oidc/providers/enabled:0
[   12288ms] [INFO] %cDownload the React DevTools for a better development experience: https://reactjs.org/link/react-devtools font-weight:bold @ http://localhost:3001/node_modules/.vite/deps/react-dom-BEjadErz.js?v=d60f55b8:17230
[   12329ms] [ERROR] Failed to load resource: the server responded with a status of 401 (Unauthorized) @ http://localhost:3001/api/ha-oidc/providers/enabled:0
[   12389ms] [INFO] %cDownload the React DevTools for a better development experience: https://reactjs.org/link/react-devtools font-weight:bold @ http://localhost:3001/node_modules/.vite/deps/react-dom-BEjadErz.js?v=d60f55b8:17230
[   12429ms] [ERROR] Failed to load resource: the server responded with a status of 401 (Unauthorized) @ http://localhost:3001/api/ha-oidc/providers/enabled:0
[   12490ms] [INFO] %cDownload the React DevTools for a better development experience: https://reactjs.org/link/react-devtools font-weight:bold @ http://localhost:3001/node_modules/.vite/deps/react-dom-BEjadErz.js?v=d60f55b8:17230
[   12532ms] [ERROR] Failed to load resource: the server responded with a status of 401 (Unauthorized) @ http://localhost:3001/api/ha-oidc/providers/enabled:0
[   12596ms] [INFO] %cDownload the React DevTools for a better development experience: https://reactjs.org/link/react-devtools font-weight:bold @ http://localhost:3001/node_modules/.vite/deps/react-dom-BEjadErz.js?v=d60f55b8:17230
[   12634ms] [ERROR] Failed to load resource: the server responded with a status of 401 (Unauthorized) @ http://localhost:3001/api/ha-oidc/providers/enabled:0
[   12702ms] [INFO] %cDownload the React DevTools for a better development experience: https://reactjs.org/link/react-devtools font-weight:bold @ http://localhost:3001/node_modules/.vite/deps/react-dom-BEjadErz.js?v=d60f55b8:17230
[   12747ms] [ERROR] Failed to load resource: the server responded with a status of 401 (Unauthorized) @ http://localhost:3001/api/ha-oidc/providers/enabled:0
[   12836ms] [INFO] %cDownload the React DevTools for a better development experience: https://reactjs.org/link/react-devtools font-weight:bold @ http://localhost:3001/node_modules/.vite/deps/react-dom-BEjadErz.js?v=d60f55b8:17230
[   12879ms] [ERROR] Failed to load resource: the server responded with a status of 401 (Unauthorized) @ http://localhost:3001/api/ha-oidc/providers/enabled:0
[   12943ms] [INFO] %cDownload the React DevTools for a better development experience: https://reactjs.org/link/react-devtools font-weight:bold @ http://localhost:3001/node_modules/.vite/deps/react-dom-BEjadErz.js?v=d60f55b8:17230
[   12990ms] [ERROR] Failed to load resource: the server responded with a status of 401 (Unauthorized) @ http://localhost:3001/api/ha-oidc/providers/enabled:0
[   13056ms] [INFO] %cDownload the React DevTools for a better development experience: https://reactjs.org/link/react-devtools font-weight:bold @ http://localhost:3001/node_modules/.vite/deps/react-dom-BEjadErz.js?v=d60f55b8:17230
[   13096ms] [ERROR] Failed to load resource: the server responded with a status of 401 (Unauthorized) @ http://localhost:3001/api/ha-oidc/providers/enabled:0
[   13159ms] [INFO] %cDownload the React DevTools for a better development experience: https://reactjs.org/link/react-devtools font-weight:bold @ http://localhost:3001/node_modules/.vite/deps/react-dom-BEjadErz.js?v=d60f55b8:17230
[   13203ms] [ERROR] Failed to load resource: the server responded with a status of 401 (Unauthorized) @ http://localhost:3001/api/ha-oidc/providers/enabled:0
[   13270ms] [INFO] %cDownload the React DevTools for a better development experience: https://reactjs.org/link/react-devtools font-weight:bold @ http://localhost:3001/node_modules/.vite/deps/react-dom-BEjadErz.js?v=d60f55b8:17230
[   13312ms] [ERROR] Failed to load resource: the server responded with a status of 401 (Unauthorized) @ http://localhost:3001/api/ha-oidc/providers/enabled:0
[   13374ms] [INFO] %cDownload the React DevTools for a better development experience: https://reactjs.org/link/react-devtools font-weight:bold @ http://localhost:3001/node_modules/.vite/deps/react-dom-BEjadErz.js?v=d60f55b8:17230
[   13413ms] [ERROR] Failed to load resource: the server responded with a status of 401 (Unauthorized) @ http://localhost:3001/api/ha-oidc/providers/enabled:0
[   13479ms] [INFO] %cDownload the React DevTools for a better development experience: https://reactjs.org/link/react-devtools font-weight:bold @ http://localhost:3001/node_modules/.vite/deps/react-dom-BEjadErz.js?v=d60f55b8:17230
[   13521ms] [ERROR] Failed to load resource: the server responded with a status of 401 (Unauthorized) @ http://localhost:3001/api/ha-oidc/providers/enabled:0
[   13585ms] [INFO] %cDownload the React DevTools for a better development experience: https://reactjs.org/link/react-devtools font-weight:bold @ http://localhost:3001/node_modules/.vite/deps/react-dom-BEjadErz.js?v=d60f55b8:17230
[   13619ms] [ERROR] Failed to load resource: the server responded with a status of 401 (Unauthorized) @ http://localhost:3001/api/ha-oidc/providers/enabled:0
[   13682ms] [INFO] %cDownload the React DevTools for a better development experience: https://reactjs.org/link/react-devtools font-weight:bold @ http://localhost:3001/node_modules/.vite/deps/react-dom-BEjadErz.js?v=d60f55b8:17230
[   13718ms] [ERROR] Failed to load resource: the server responded with a status of 401 (Unauthorized) @ http://localhost:3001/api/ha-oidc/providers/enabled:0
[   13779ms] [INFO] %cDownload the React DevTools for a better development experience: https://reactjs.org/link/react-devtools font-weight:bold @ http://localhost:3001/node_modules/.vite/deps/react-dom-BEjadErz.js?v=d60f55b8:17230
[   13817ms] [ERROR] Failed to load resource: the server responded with a status of 401 (Unauthorized) @ http://localhost:3001/api/ha-oidc/providers/enabled:0
[   13876ms] [INFO] %cDownload the React DevTools for a better development experience: https://reactjs.org/link/react-devtools font-weight:bold @ http://localhost:3001/node_modules/.vite/deps/react-dom-BEjadErz.js?v=d60f55b8:17230
[   13916ms] [ERROR] Failed to load resource: the server responded with a status of 401 (Unauthorized) @ http://localhost:3001/api/ha-oidc/providers/enabled:0
[   13978ms] [INFO] %cDownload the React DevTools for a better development experience: https://reactjs.org/link/react-devtools font-weight:bold @ http://localhost:3001/node_modules/.vite/deps/react-dom-BEjadErz.js?v=d60f55b8:17230
[   14016ms] [ERROR] Failed to load resource: the server responded with a status of 401 (Unauthorized) @ http://localhost:3001/api/ha-oidc/providers/enabled:0
[   14077ms] [INFO] %cDownload the React DevTools for a better development experience: https://reactjs.org/link/react-devtools font-weight:bold @ http://localhost:3001/node_modules/.vite/deps/react-dom-BEjadErz.js?v=d60f55b8:17230
[   14115ms] [ERROR] Failed to load resource: the server responded with a status of 401 (Unauthorized) @ http://localhost:3001/api/ha-oidc/providers/enabled:0
[   14178ms] [INFO] %cDownload the React DevTools for a better development experience: https://reactjs.org/link/react-devtools font-weight:bold @ http://localhost:3001/node_modules/.vite/deps/react-dom-BEjadErz.js?v=d60f55b8:17230
[   14219ms] [ERROR] Failed to load resource: the server responded with a status of 401 (Unauthorized) @ http://localhost:3001/api/ha-oidc/providers/enabled:0
[   14280ms] [INFO] %cDownload the React DevTools for a better development experience: https://reactjs.org/link/react-devtools font-weight:bold @ http://localhost:3001/node_modules/.vite/deps/react-dom-BEjadErz.js?v=d60f55b8:17230
[   14319ms] [ERROR] Failed to load resource: the server responded with a status of 401 (Unauthorized) @ http://localhost:3001/api/ha-oidc/providers/enabled:0
[   14379ms] [INFO] %cDownload the React DevTools for a better development experience: https://reactjs.org/link/react-devtools font-weight:bold @ http://localhost:3001/node_modules/.vite/deps/react-dom-BEjadErz.js?v=d60f55b8:17230
[   14419ms] [ERROR] Failed to load resource: the server responded with a status of 401 (Unauthorized) @ http://localhost:3001/api/ha-oidc/providers/enabled:0
[   14480ms] [INFO] %cDownload the React DevTools for a better development experience: https://reactjs.org/link/react-devtools font-weight:bold @ http://localhost:3001/node_modules/.vite/deps/react-dom-BEjadErz.js?v=d60f55b8:17230
[   14520ms] [ERROR] Failed to load resource: the server responded with a status of 401 (Unauthorized) @ http://localhost:3001/api/ha-oidc/providers/enabled:0
[   14581ms] [INFO] %cDownload the React DevTools for a better development experience: https://reactjs.org/link/react-devtools font-weight:bold @ http://localhost:3001/node_modules/.vite/deps/react-dom-BEjadErz.js?v=d60f55b8:17230
[   14618ms] [ERROR] Failed to load resource: the server responded with a status of 401 (Unauthorized) @ http://localhost:3001/api/ha-oidc/providers/enabled:0
[   14681ms] [INFO] %cDownload the React DevTools for a better development experience: https://reactjs.org/link/react-devtools font-weight:bold @ http://localhost:3001/node_modules/.vite/deps/react-dom-BEjadErz.js?v=d60f55b8:17230
[   14720ms] [ERROR] Failed to load resource: the server responded with a status of 401 (Unauthorized) @ http://localhost:3001/api/ha-oidc/providers/enabled:0
[   14783ms] [INFO] %cDownload the React DevTools for a better development experience: https://reactjs.org/link/react-devtools font-weight:bold @ http://localhost:3001/node_modules/.vite/deps/react-dom-BEjadErz.js?v=d60f55b8:17230
[   14819ms] [ERROR] Failed to load resource: the server responded with a status of 401 (Unauthorized) @ http://localhost:3001/api/ha-oidc/providers/enabled:0
[   14880ms] [INFO] %cDownload the React DevTools for a better development experience: https://reactjs.org/link/react-devtools font-weight:bold @ http://localhost:3001/node_modules/.vite/deps/react-dom-BEjadErz.js?v=d60f55b8:17230
[   14922ms] [ERROR] Failed to load resource: the server responded with a status of 401 (Unauthorized) @ http://localhost:3001/api/ha-oidc/providers/enabled:0
[   14985ms] [INFO] %cDownload the React DevTools for a better development experience: https://reactjs.org/link/react-devtools font-weight:bold @ http://localhost:3001/node_modules/.vite/deps/react-dom-BEjadErz.js?v=d60f55b8:17230
[   15021ms] [ERROR] Failed to load resource: the server responded with a status of 401 (Unauthorized) @ http://localhost:3001/api/ha-oidc/providers/enabled:0
[   15086ms] [INFO] %cDownload the React DevTools for a better development experience: https://reactjs.org/link/react-devtools font-weight:bold @ http://localhost:3001/node_modules/.vite/deps/react-dom-BEjadErz.js?v=d60f55b8:17230
[   15125ms] [ERROR] Failed to load resource: the server responded with a status of 401 (Unauthorized) @ http://localhost:3001/api/ha-oidc/providers/enabled:0
[   15189ms] [INFO] %cDownload the React DevTools for a better development experience: https://reactjs.org/link/react-devtools font-weight:bold @ http://localhost:3001/node_modules/.vite/deps/react-dom-BEjadErz.js?v=d60f55b8:17230
[   15230ms] [ERROR] Failed to load resource: the server responded with a status of 401 (Unauthorized) @ http://localhost:3001/api/ha-oidc/providers/enabled:0
[   15293ms] [INFO] %cDownload the React DevTools for a better development experience: https://reactjs.org/link/react-devtools font-weight:bold @ http://localhost:3001/node_modules/.vite/deps/react-dom-BEjadErz.js?v=d60f55b8:17230
[   15333ms] [ERROR] Failed to load resource: the server responded with a status of 401 (Unauthorized) @ http://localhost:3001/api/ha-oidc/providers/enabled:0
[   15394ms] [INFO] %cDownload the React DevTools for a better development experience: https://reactjs.org/link/react-devtools font-weight:bold @ http://localhost:3001/node_modules/.vite/deps/react-dom-BEjadErz.js?v=d60f55b8:17230
[   15430ms] [ERROR] Failed to load resource: the server responded with a status of 401 (Unauthorized) @ http://localhost:3001/api/ha-oidc/providers/enabled:0
[   15491ms] [INFO] %cDownload the React DevTools for a better development experience: https://reactjs.org/link/react-devtools font-weight:bold @ http://localhost:3001/node_modules/.vite/deps/react-dom-BEjadErz.js?v=d60f55b8:17230
[   15531ms] [ERROR] Failed to load resource: the server responded with a status of 401 (Unauthorized) @ http://localhost:3001/api/ha-oidc/providers/enabled:0
[   15592ms] [INFO] %cDownload the React DevTools for a better development experience: https://reactjs.org/link/react-devtools font-weight:bold @ http://localhost:3001/node_modules/.vite/deps/react-dom-BEjadErz.js?v=d60f55b8:17230
[   15628ms] [ERROR] Failed to load resource: the server responded with a status of 401 (Unauthorized) @ http://localhost:3001/api/ha-oidc/providers/enabled:0
[   15691ms] [INFO] %cDownload the React DevTools for a better development experience: https://reactjs.org/link/react-devtools font-weight:bold @ http://localhost:3001/node_modules/.vite/deps/react-dom-BEjadErz.js?v=d60f55b8:17230
[   15732ms] [ERROR] Failed to load resource: the server responded with a status of 401 (Unauthorized) @ http://localhost:3001/api/ha-oidc/providers/enabled:0
[   15795ms] [INFO] %cDownload the React DevTools for a better development experience: https://reactjs.org/link/react-devtools font-weight:bold @ http://localhost:3001/node_modules/.vite/deps/react-dom-BEjadErz.js?v=d60f55b8:17230
[   15834ms] [ERROR] Failed to load resource: the server responded with a status of 401 (Unauthorized) @ http://localhost:3001/api/ha-oidc/providers/enabled:0
[   15894ms] [INFO] %cDownload the React DevTools for a better development experience: https://reactjs.org/link/react-devtools font-weight:bold @ http://localhost:3001/node_modules/.vite/deps/react-dom-BEjadErz.js?v=d60f55b8:17230
[   15936ms] [ERROR] Failed to load resource: the server responded with a status of 401 (Unauthorized) @ http://localhost:3001/api/ha-oidc/providers/enabled:0
[   15996ms] [INFO] %cDownload the React DevTools for a better development experience: https://reactjs.org/link/react-devtools font-weight:bold @ http://localhost:3001/node_modules/.vite/deps/react-dom-BEjadErz.js?v=d60f55b8:17230
[   16034ms] [ERROR] Failed to load resource: the server responded with a status of 401 (Unauthorized) @ http://localhost:3001/api/ha-oidc/providers/enabled:0
[   16098ms] [INFO] %cDownload the React DevTools for a better development experience: https://reactjs.org/link/react-devtools font-weight:bold @ http://localhost:3001/node_modules/.vite/deps/react-dom-BEjadErz.js?v=d60f55b8:17230
[   16136ms] [ERROR] Failed to load resource: the server responded with a status of 401 (Unauthorized) @ http://localhost:3001/api/ha-oidc/providers/enabled:0
[   16201ms] [INFO] %cDownload the React DevTools for a better development experience: https://reactjs.org/link/react-devtools font-weight:bold @ http://localhost:3001/node_modules/.vite/deps/react-dom-BEjadErz.js?v=d60f55b8:17230
[   16242ms] [ERROR] Failed to load resource: the server responded with a status of 401 (Unauthorized) @ http://localhost:3001/api/ha-oidc/providers/enabled:0
[   16307ms] [INFO] %cDownload the React DevTools for a better development experience: https://reactjs.org/link/react-devtools font-weight:bold @ http://localhost:3001/node_modules/.vite/deps/react-dom-BEjadErz.js?v=d60f55b8:17230
[   16348ms] [ERROR] Failed to load resource: the server responded with a status of 401 (Unauthorized) @ http://localhost:3001/api/ha-oidc/providers/enabled:0
[   16411ms] [INFO] %cDownload the React DevTools for a better development experience: https://reactjs.org/link/react-devtools font-weight:bold @ http://localhost:3001/node_modules/.vite/deps/react-dom-BEjadErz.js?v=d60f55b8:17230
[   16453ms] [ERROR] Failed to load resource: the server responded with a status of 401 (Unauthorized) @ http://localhost:3001/api/ha-oidc/providers/enabled:0
[   16520ms] [INFO] %cDownload the React DevTools for a better development experience: https://reactjs.org/link/react-devtools font-weight:bold @ http://localhost:3001/node_modules/.vite/deps/react-dom-BEjadErz.js?v=d60f55b8:17230
[   16561ms] [ERROR] Failed to load resource: the server responded with a status of 401 (Unauthorized) @ http://localhost:3001/api/ha-oidc/providers/enabled:0
[   16646ms] [INFO] %cDownload the React DevTools for a better development experience: https://reactjs.org/link/react-devtools font-weight:bold @ http://localhost:3001/node_modules/.vite/deps/react-dom-BEjadErz.js?v=d60f55b8:17230
[   16691ms] [ERROR] Failed to load resource: the server responded with a status of 401 (Unauthorized) @ http://localhost:3001/api/ha-oidc/providers/enabled:0
[   16759ms] [INFO] %cDownload the React DevTools for a better development experience: https://reactjs.org/link/react-devtools font-weight:bold @ http://localhost:3001/node_modules/.vite/deps/react-dom-BEjadErz.js?v=d60f55b8:17230
[   16806ms] [ERROR] Failed to load resource: the server responded with a status of 401 (Unauthorized) @ http://localhost:3001/api/ha-oidc/providers/enabled:0
[   16871ms] [INFO] %cDownload the React DevTools for a better development experience: https://reactjs.org/link/react-devtools font-weight:bold @ http://localhost:3001/node_modules/.vite/deps/react-dom-BEjadErz.js?v=d60f55b8:17230
[   16911ms] [ERROR] Failed to load resource: the server responded with a status of 401 (Unauthorized) @ http://localhost:3001/api/ha-oidc/providers/enabled:0
[   16973ms] [INFO] %cDownload the React DevTools for a better development experience: https://reactjs.org/link/react-devtools font-weight:bold @ http://localhost:3001/node_modules/.vite/deps/react-dom-BEjadErz.js?v=d60f55b8:17230
[   17010ms] [ERROR] Failed to load resource: the server responded with a status of 401 (Unauthorized) @ http://localhost:3001/api/ha-oidc/providers/enabled:0
[   17071ms] [INFO] %cDownload the React DevTools for a better development experience: https://reactjs.org/link/react-devtools font-weight:bold @ http://localhost:3001/node_modules/.vite/deps/react-dom-BEjadErz.js?v=d60f55b8:17230
[   17113ms] [ERROR] Failed to load resource: the server responded with a status of 401 (Unauthorized) @ http://localhost:3001/api/ha-oidc/providers/enabled:0
[   17172ms] [INFO] %cDownload the React DevTools for a better development experience: https://reactjs.org/link/react-devtools font-weight:bold @ http://localhost:3001/node_modules/.vite/deps/react-dom-BEjadErz.js?v=d60f55b8:17230
[   17212ms] [ERROR] Failed to load resource: the server responded with a status of 401 (Unauthorized) @ http://localhost:3001/api/ha-oidc/providers/enabled:0
[   17279ms] [INFO] %cDownload the React DevTools for a better development experience: https://reactjs.org/link/react-devtools font-weight:bold @ http://localhost:3001/node_modules/.vite/deps/react-dom-BEjadErz.js?v=d60f55b8:17230
[   17327ms] [ERROR] Failed to load resource: the server responded with a status of 401 (Unauthorized) @ http://localhost:3001/api/ha-oidc/providers/enabled:0
[   17389ms] [INFO] %cDownload the React DevTools for a better development experience: https://reactjs.org/link/react-devtools font-weight:bold @ http://localhost:3001/node_modules/.vite/deps/react-dom-BEjadErz.js?v=d60f55b8:17230
[   17428ms] [ERROR] Failed to load resource: the server responded with a status of 401 (Unauthorized) @ http://localhost:3001/api/ha-oidc/providers/enabled:0
[   17489ms] [INFO] %cDownload the React DevTools for a better development experience: https://reactjs.org/link/react-devtools font-weight:bold @ http://localhost:3001/node_modules/.vite/deps/react-dom-BEjadErz.js?v=d60f55b8:17230
[   17537ms] [ERROR] Failed to load resource: the server responded with a status of 401 (Unauthorized) @ http://localhost:3001/api/ha-oidc/providers/enabled:0
[   17612ms] [INFO] %cDownload the React DevTools for a better development experience: https://reactjs.org/link/react-devtools font-weight:bold @ http://localhost:3001/node_modules/.vite/deps/react-dom-BEjadErz.js?v=d60f55b8:17230
[   17650ms] [ERROR] Failed to load resource: the server responded with a status of 401 (Unauthorized) @ http://localhost:3001/api/ha-oidc/providers/enabled:0
[   17714ms] [INFO] %cDownload the React DevTools for a better development experience: https://reactjs.org/link/react-devtools font-weight:bold @ http://localhost:3001/node_modules/.vite/deps/react-dom-BEjadErz.js?v=d60f55b8:17230
[   17757ms] [ERROR] Failed to load resource: the server responded with a status of 401 (Unauthorized) @ http://localhost:3001/api/ha-oidc/providers/enabled:0
[   17822ms] [INFO] %cDownload the React DevTools for a better development experience: https://reactjs.org/link/react-devtools font-weight:bold @ http://localhost:3001/node_modules/.vite/deps/react-dom-BEjadErz.js?v=d60f55b8:17230
[   17857ms] [ERROR] Failed to load resource: the server responded with a status of 401 (Unauthorized) @ http://localhost:3001/api/ha-oidc/providers/enabled:0
[   17919ms] [INFO] %cDownload the React DevTools for a better development experience: https://reactjs.org/link/react-devtools font-weight:bold @ http://localhost:3001/node_modules/.vite/deps/react-dom-BEjadErz.js?v=d60f55b8:17230
[   17961ms] [ERROR] Failed to load resource: the server responded with a status of 401 (Unauthorized) @ http://localhost:3001/api/ha-oidc/providers/enabled:0
[   18026ms] [INFO] %cDownload the React DevTools for a better development experience: https://reactjs.org/link/react-devtools font-weight:bold @ http://localhost:3001/node_modules/.vite/deps/react-dom-BEjadErz.js?v=d60f55b8:17230
[   18063ms] [ERROR] Failed to load resource: the server responded with a status of 401 (Unauthorized) @ http://localhost:3001/api/ha-oidc/providers/enabled:0
[   18124ms] [INFO] %cDownload the React DevTools for a better development experience: https://reactjs.org/link/react-devtools font-weight:bold @ http://localhost:3001/node_modules/.vite/deps/react-dom-BEjadErz.js?v=d60f55b8:17230
[   18166ms] [ERROR] Failed to load resource: the server responded with a status of 401 (Unauthorized) @ http://localhost:3001/api/ha-oidc/providers/enabled:0
[   18227ms] [INFO] %cDownload the React DevTools for a better development experience: https://reactjs.org/link/react-devtools font-weight:bold @ http://localhost:3001/node_modules/.vite/deps/react-dom-BEjadErz.js?v=d60f55b8:17230
[   18266ms] [ERROR] Failed to load resource: the server responded with a status of 401 (Unauthorized) @ http://localhost:3001/api/ha-oidc/providers/enabled:0
[   18332ms] [INFO] %cDownload the React DevTools for a better development experience: https://reactjs.org/link/react-devtools font-weight:bold @ http://localhost:3001/node_modules/.vite/deps/react-dom-BEjadErz.js?v=d60f55b8:17230
[   18377ms] [ERROR] Failed to load resource: the server responded with a status of 401 (Unauthorized) @ http://localhost:3001/api/ha-oidc/providers/enabled:0
[   18438ms] [INFO] %cDownload the React DevTools for a better development experience: https://reactjs.org/link/react-devtools font-weight:bold @ http://localhost:3001/node_modules/.vite/deps/react-dom-BEjadErz.js?v=d60f55b8:17230
[   18478ms] [ERROR] Failed to load resource: the server responded with a status of 401 (Unauthorized) @ http://localhost:3001/api/ha-oidc/providers/enabled:0
[   18538ms] [INFO] %cDownload the React DevTools for a better development experience: https://reactjs.org/link/react-devtools font-weight:bold @ http://localhost:3001/node_modules/.vite/deps/react-dom-BEjadErz.js?v=d60f55b8:17230
[   18580ms] [ERROR] Failed to load resource: the server responded with a status of 401 (Unauthorized) @ http://localhost:3001/api/ha-oidc/providers/enabled:0
[   18642ms] [INFO] %cDownload the React DevTools for a better development experience: https://reactjs.org/link/react-devtools font-weight:bold @ http://localhost:3001/node_modules/.vite/deps/react-dom-BEjadErz.js?v=d60f55b8:17230
[   18679ms] [ERROR] Failed to load resource: the server responded with a status of 401 (Unauthorized) @ http://localhost:3001/api/ha-oidc/providers/enabled:0
[   18763ms] [INFO] %cDownload the React DevTools for a better development experience: https://reactjs.org/link/react-devtools font-weight:bold @ http://localhost:3001/node_modules/.vite/deps/react-dom-BEjadErz.js?v=d60f55b8:17230
[   18800ms] [ERROR] Failed to load resource: the server responded with a status of 401 (Unauthorized) @ http://localhost:3001/api/ha-oidc/providers/enabled:0
[   18870ms] [INFO] %cDownload the React DevTools for a better development experience: https://reactjs.org/link/react-devtools font-weight:bold @ http://localhost:3001/node_modules/.vite/deps/react-dom-BEjadErz.js?v=d60f55b8:17230
[   18904ms] [ERROR] Failed to load resource: the server responded with a status of 401 (Unauthorized) @ http://localhost:3001/api/ha-oidc/providers/enabled:0
[   18966ms] [INFO] %cDownload the React DevTools for a better development experience: https://reactjs.org/link/react-devtools font-weight:bold @ http://localhost:3001/node_modules/.vite/deps/react-dom-BEjadErz.js?v=d60f55b8:17230
[   19004ms] [ERROR] Failed to load resource: the server responded with a status of 401 (Unauthorized) @ http://localhost:3001/api/ha-oidc/providers/enabled:0
[   19066ms] [INFO] %cDownload the React DevTools for a better development experience: https://reactjs.org/link/react-devtools font-weight:bold @ http://localhost:3001/node_modules/.vite/deps/react-dom-BEjadErz.js?v=d60f55b8:17230
[   19102ms] [ERROR] Failed to load resource: the server responded with a status of 401 (Unauthorized) @ http://localhost:3001/api/ha-oidc/providers/enabled:0
[   19164ms] [INFO] %cDownload the React DevTools for a better development experience: https://reactjs.org/link/react-devtools font-weight:bold @ http://localhost:3001/node_modules/.vite/deps/react-dom-BEjadErz.js?v=d60f55b8:17230
[   19204ms] [ERROR] Failed to load resource: the server responded with a status of 401 (Unauthorized) @ http://localhost:3001/api/ha-oidc/providers/enabled:0
[   19266ms] [INFO] %cDownload the React DevTools for a better development experience: https://reactjs.org/link/react-devtools font-weight:bold @ http://localhost:3001/node_modules/.vite/deps/react-dom-BEjadErz.js?v=d60f55b8:17230
[   19301ms] [ERROR] Failed to load resource: the server responded with a status of 401 (Unauthorized) @ http://localhost:3001/api/ha-oidc/providers/enabled:0
[   19364ms] [INFO] %cDownload the React DevTools for a better development experience: https://reactjs.org/link/react-devtools font-weight:bold @ http://localhost:3001/node_modules/.vite/deps/react-dom-BEjadErz.js?v=d60f55b8:17230
[   19409ms] [ERROR] Failed to load resource: the server responded with a status of 401 (Unauthorized) @ http://localhost:3001/api/ha-oidc/providers/enabled:0
[   19472ms] [INFO] %cDownload the React DevTools for a better development experience: https://reactjs.org/link/react-devtools font-weight:bold @ http://localhost:3001/node_modules/.vite/deps/react-dom-BEjadErz.js?v=d60f55b8:17230
[   19509ms] [ERROR] Failed to load resource: the server responded with a status of 401 (Unauthorized) @ http://localhost:3001/api/ha-oidc/providers/enabled:0
[   19571ms] [INFO] %cDownload the React DevTools for a better development experience: https://reactjs.org/link/react-devtools font-weight:bold @ http://localhost:3001/node_modules/.vite/deps/react-dom-BEjadErz.js?v=d60f55b8:17230
[   19608ms] [ERROR] Failed to load resource: the server responded with a status of 401 (Unauthorized) @ http://localhost:3001/api/ha-oidc/providers/enabled:0
[   19670ms] [INFO] %cDownload the React DevTools for a better development experience: https://reactjs.org/link/react-devtools font-weight:bold @ http://localhost:3001/node_modules/.vite/deps/react-dom-BEjadErz.js?v=d60f55b8:17230
[   19704ms] [ERROR] Failed to load resource: the server responded with a status of 401 (Unauthorized) @ http://localhost:3001/api/ha-oidc/providers/enabled:0
[   19795ms] [INFO] %cDownload the React DevTools for a better development experience: https://reactjs.org/link/react-devtools font-weight:bold @ http://localhost:3001/node_modules/.vite/deps/react-dom-BEjadErz.js?v=d60f55b8:17230
[   19837ms] [ERROR] Failed to load resource: the server responded with a status of 401 (Unauthorized) @ http://localhost:3001/api/ha-oidc/providers/enabled:0
[   19900ms] [INFO] %cDownload the React DevTools for a better development experience: https://reactjs.org/link/react-devtools font-weight:bold @ http://localhost:3001/node_modules/.vite/deps/react-dom-BEjadErz.js?v=d60f55b8:17230
[   19936ms] [ERROR] Failed to load resource: the server responded with a status of 401 (Unauthorized) @ http://localhost:3001/api/ha-oidc/providers/enabled:0
[   19998ms] [INFO] %cDownload the React DevTools for a better development experience: https://reactjs.org/link/react-devtools font-weight:bold @ http://localhost:3001/node_modules/.vite/deps/react-dom-BEjadErz.js?v=d60f55b8:17230
[   20041ms] [ERROR] Failed to load resource: the server responded with a status of 401 (Unauthorized) @ http://localhost:3001/api/ha-oidc/providers/enabled:0
[   20103ms] [INFO] %cDownload the React DevTools for a better development experience: https://reactjs.org/link/react-devtools font-weight:bold @ http://localhost:3001/node_modules/.vite/deps/react-dom-BEjadErz.js?v=d60f55b8:17230
[   20140ms] [ERROR] Failed to load resource: the server responded with a status of 401 (Unauthorized) @ http://localhost:3001/api/ha-oidc/providers/enabled:0
[   20202ms] [INFO] %cDownload the React DevTools for a better development experience: https://reactjs.org/link/react-devtools font-weight:bold @ http://localhost:3001/node_modules/.vite/deps/react-dom-BEjadErz.js?v=d60f55b8:17230
[   20250ms] [ERROR] Failed to load resource: the server responded with a status of 401 (Unauthorized) @ http://localhost:3001/api/ha-oidc/providers/enabled:0
[   20313ms] [INFO] %cDownload the React DevTools for a better development experience: https://reactjs.org/link/react-devtools font-weight:bold @ http://localhost:3001/node_modules/.vite/deps/react-dom-BEjadErz.js?v=d60f55b8:17230
[   20350ms] [ERROR] Failed to load resource: the server responded with a status of 401 (Unauthorized) @ http://localhost:3001/api/ha-oidc/providers/enabled:0
[   20416ms] [INFO] %cDownload the React DevTools for a better development experience: https://reactjs.org/link/react-devtools font-weight:bold @ http://localhost:3001/node_modules/.vite/deps/react-dom-BEjadErz.js?v=d60f55b8:17230
[   20462ms] [ERROR] Failed to load resource: the server responded with a status of 401 (Unauthorized) @ http://localhost:3001/api/ha-oidc/providers/enabled:0
[   20551ms] [INFO] %cDownload the React DevTools for a better development experience: https://reactjs.org/link/react-devtools font-weight:bold @ http://localhost:3001/node_modules/.vite/deps/react-dom-BEjadErz.js?v=d60f55b8:17230
[   20604ms] [ERROR] Failed to load resource: the server responded with a status of 401 (Unauthorized) @ http://localhost:3001/api/ha-oidc/providers/enabled:0
[   20677ms] [INFO] %cDownload the React DevTools for a better development experience: https://reactjs.org/link/react-devtools font-weight:bold @ http://localhost:3001/node_modules/.vite/deps/react-dom-BEjadErz.js?v=d60f55b8:17230
[   20727ms] [ERROR] Failed to load resource: the server responded with a status of 401 (Unauthorized) @ http://localhost:3001/api/ha-oidc/providers/enabled:0
[   20796ms] [INFO] %cDownload the React DevTools for a better development experience: https://reactjs.org/link/react-devtools font-weight:bold @ http://localhost:3001/node_modules/.vite/deps/react-dom-BEjadErz.js?v=d60f55b8:17230
[   20837ms] [ERROR] Failed to load resource: the server responded with a status of 401 (Unauthorized) @ http://localhost:3001/api/ha-oidc/providers/enabled:0
[   20902ms] [INFO] %cDownload the React DevTools for a better development experience: https://reactjs.org/link/react-devtools font-weight:bold @ http://localhost:3001/node_modules/.vite/deps/react-dom-BEjadErz.js?v=d60f55b8:17230
[   20939ms] [ERROR] Failed to load resource: the server responded with a status of 401 (Unauthorized) @ http://localhost:3001/api/ha-oidc/providers/enabled:0
[   21002ms] [INFO] %cDownload the React DevTools for a better development experience: https://reactjs.org/link/react-devtools font-weight:bold @ http://localhost:3001/node_modules/.vite/deps/react-dom-BEjadErz.js?v=d60f55b8:17230
[   21044ms] [ERROR] Failed to load resource: the server responded with a status of 401 (Unauthorized) @ http://localhost:3001/api/ha-oidc/providers/enabled:0
[   21107ms] [INFO] %cDownload the React DevTools for a better development experience: https://reactjs.org/link/react-devtools font-weight:bold @ http://localhost:3001/node_modules/.vite/deps/react-dom-BEjadErz.js?v=d60f55b8:17230
[   21142ms] [ERROR] Failed to load resource: the server responded with a status of 401 (Unauthorized) @ http://localhost:3001/api/ha-oidc/providers/enabled:0
[   21212ms] [INFO] %cDownload the React DevTools for a better development experience: https://reactjs.org/link/react-devtools font-weight:bold @ http://localhost:3001/node_modules/.vite/deps/react-dom-BEjadErz.js?v=d60f55b8:17230
[   21254ms] [ERROR] Failed to load resource: the server responded with a status of 401 (Unauthorized) @ http://localhost:3001/api/ha-oidc/providers/enabled:0
[   21318ms] [INFO] %cDownload the React DevTools for a better development experience: https://reactjs.org/link/react-devtools font-weight:bold @ http://localhost:3001/node_modules/.vite/deps/react-dom-BEjadErz.js?v=d60f55b8:17230
[   21356ms] [ERROR] Failed to load resource: the server responded with a status of 401 (Unauthorized) @ http://localhost:3001/api/ha-oidc/providers/enabled:0
[   21421ms] [INFO] %cDownload the React DevTools for a better development experience: https://reactjs.org/link/react-devtools font-weight:bold @ http://localhost:3001/node_modules/.vite/deps/react-dom-BEjadErz.js?v=d60f55b8:17230
[   21468ms] [ERROR] Failed to load resource: the server responded with a status of 401 (Unauthorized) @ http://localhost:3001/api/ha-oidc/providers/enabled:0
[   21529ms] [INFO] %cDownload the React DevTools for a better development experience: https://reactjs.org/link/react-devtools font-weight:bold @ http://localhost:3001/node_modules/.vite/deps/react-dom-BEjadErz.js?v=d60f55b8:17230
[   21568ms] [ERROR] Failed to load resource: the server responded with a status of 401 (Unauthorized) @ http://localhost:3001/api/ha-oidc/providers/enabled:0
[   21630ms] [INFO] %cDownload the React DevTools for a better development experience: https://reactjs.org/link/react-devtools font-weight:bold @ http://localhost:3001/node_modules/.vite/deps/react-dom-BEjadErz.js?v=d60f55b8:17230
[   21669ms] [ERROR] Failed to load resource: the server responded with a status of 401 (Unauthorized) @ http://localhost:3001/api/ha-oidc/providers/enabled:0
[   21730ms] [INFO] %cDownload the React DevTools for a better development experience: https://reactjs.org/link/react-devtools font-weight:bold @ http://localhost:3001/node_modules/.vite/deps/react-dom-BEjadErz.js?v=d60f55b8:17230
[   21769ms] [ERROR] Failed to load resource: the server responded with a status of 401 (Unauthorized) @ http://localhost:3001/api/ha-oidc/providers/enabled:0
[   21830ms] [INFO] %cDownload the React DevTools for a better development experience: https://reactjs.org/link/react-devtools font-weight:bold @ http://localhost:3001/node_modules/.vite/deps/react-dom-BEjadErz.js?v=d60f55b8:17230
[   21871ms] [ERROR] Failed to load resource: the server responded with a status of 401 (Unauthorized) @ http://localhost:3001/api/ha-oidc/providers/enabled:0
[   21932ms] [INFO] %cDownload the React DevTools for a better development experience: https://reactjs.org/link/react-devtools font-weight:bold @ http://localhost:3001/node_modules/.vite/deps/react-dom-BEjadErz.js?v=d60f55b8:17230
[   21971ms] [ERROR] Failed to load resource: the server responded with a status of 401 (Unauthorized) @ http://localhost:3001/api/ha-oidc/providers/enabled:0
[   22035ms] [INFO] %cDownload the React DevTools for a better development experience: https://reactjs.org/link/react-devtools font-weight:bold @ http://localhost:3001/node_modules/.vite/deps/react-dom-BEjadErz.js?v=d60f55b8:17230
[   22075ms] [ERROR] Failed to load resource: the server responded with a status of 401 (Unauthorized) @ http://localhost:3001/api/ha-oidc/providers/enabled:0
[   22137ms] [INFO] %cDownload the React DevTools for a better development experience: https://reactjs.org/link/react-devtools font-weight:bold @ http://localhost:3001/node_modules/.vite/deps/react-dom-BEjadErz.js?v=d60f55b8:17230
[   22174ms] [ERROR] Failed to load resource: the server responded with a status of 401 (Unauthorized) @ http://localhost:3001/api/ha-oidc/providers/enabled:0
[   22236ms] [INFO] %cDownload the React DevTools for a better development experience: https://reactjs.org/link/react-devtools font-weight:bold @ http://localhost:3001/node_modules/.vite/deps/react-dom-BEjadErz.js?v=d60f55b8:17230
[   22275ms] [ERROR] Failed to load resource: the server responded with a status of 401 (Unauthorized) @ http://localhost:3001/api/ha-oidc/providers/enabled:0
[   22336ms] [INFO] %cDownload the React DevTools for a better development experience: https://reactjs.org/link/react-devtools font-weight:bold @ http://localhost:3001/node_modules/.vite/deps/react-dom-BEjadErz.js?v=d60f55b8:17230
[   22374ms] [ERROR] Failed to load resource: the server responded with a status of 401 (Unauthorized) @ http://localhost:3001/api/ha-oidc/providers/enabled:0
[   22437ms] [INFO] %cDownload the React DevTools for a better development experience: https://reactjs.org/link/react-devtools font-weight:bold @ http://localhost:3001/node_modules/.vite/deps/react-dom-BEjadErz.js?v=d60f55b8:17230
[   22481ms] [ERROR] Failed to load resource: the server responded with a status of 401 (Unauthorized) @ http://localhost:3001/api/ha-oidc/providers/enabled:0
[   22543ms] [INFO] %cDownload the React DevTools for a better development experience: https://reactjs.org/link/react-devtools font-weight:bold @ http://localhost:3001/node_modules/.vite/deps/react-dom-BEjadErz.js?v=d60f55b8:17230
[   22579ms] [ERROR] Failed to load resource: the server responded with a status of 401 (Unauthorized) @ http://localhost:3001/api/ha-oidc/providers/enabled:0
[   22641ms] [INFO] %cDownload the React DevTools for a better development experience: https://reactjs.org/link/react-devtools font-weight:bold @ http://localhost:3001/node_modules/.vite/deps/react-dom-BEjadErz.js?v=d60f55b8:17230
[   22681ms] [ERROR] Failed to load resource: the server responded with a status of 401 (Unauthorized) @ http://localhost:3001/api/ha-oidc/providers/enabled:0
[   22742ms] [INFO] %cDownload the React DevTools for a better development experience: https://reactjs.org/link/react-devtools font-weight:bold @ http://localhost:3001/node_modules/.vite/deps/react-dom-BEjadErz.js?v=d60f55b8:17230
[   22780ms] [ERROR] Failed to load resource: the server responded with a status of 401 (Unauthorized) @ http://localhost:3001/api/ha-oidc/providers/enabled:0
[   22842ms] [INFO] %cDownload the React DevTools for a better development experience: https://reactjs.org/link/react-devtools font-weight:bold @ http://localhost:3001/node_modules/.vite/deps/react-dom-BEjadErz.js?v=d60f55b8:17230
[   22882ms] [ERROR] Failed to load resource: the server responded with a status of 401 (Unauthorized) @ http://localhost:3001/api/ha-oidc/providers/enabled:0
[   22945ms] [INFO] %cDownload the React DevTools for a better development experience: https://reactjs.org/link/react-devtools font-weight:bold @ http://localhost:3001/node_modules/.vite/deps/react-dom-BEjadErz.js?v=d60f55b8:17230
[   22983ms] [ERROR] Failed to load resource: the server responded with a status of 401 (Unauthorized) @ http://localhost:3001/api/ha-oidc/providers/enabled:0
[   23045ms] [INFO] %cDownload the React DevTools for a better development experience: https://reactjs.org/link/react-devtools font-weight:bold @ http://localhost:3001/node_modules/.vite/deps/react-dom-BEjadErz.js?v=d60f55b8:17230
[   23086ms] [ERROR] Failed to load resource: the server responded with a status of 401 (Unauthorized) @ http://localhost:3001/api/ha-oidc/providers/enabled:0
[   23147ms] [INFO] %cDownload the React DevTools for a better development experience: https://reactjs.org/link/react-devtools font-weight:bold @ http://localhost:3001/node_modules/.vite/deps/react-dom-BEjadErz.js?v=d60f55b8:17230
[   23185ms] [ERROR] Failed to load resource: the server responded with a status of 401 (Unauthorized) @ http://localhost:3001/api/ha-oidc/providers/enabled:0
[   23248ms] [INFO] %cDownload the React DevTools for a better development experience: https://reactjs.org/link/react-devtools font-weight:bold @ http://localhost:3001/node_modules/.vite/deps/react-dom-BEjadErz.js?v=d60f55b8:17230
[   23291ms] [ERROR] Failed to load resource: the server responded with a status of 401 (Unauthorized) @ http://localhost:3001/api/ha-oidc/providers/enabled:0
[   23356ms] [INFO] %cDownload the React DevTools for a better development experience: https://reactjs.org/link/react-devtools font-weight:bold @ http://localhost:3001/node_modules/.vite/deps/react-dom-BEjadErz.js?v=d60f55b8:17230
[   23392ms] [ERROR] Failed to load resource: the server responded with a status of 401 (Unauthorized) @ http://localhost:3001/api/ha-oidc/providers/enabled:0
[   23455ms] [INFO] %cDownload the React DevTools for a better development experience: https://reactjs.org/link/react-devtools font-weight:bold @ http://localhost:3001/node_modules/.vite/deps/react-dom-BEjadErz.js?v=d60f55b8:17230
[   23500ms] [ERROR] Failed to load resource: the server responded with a status of 401 (Unauthorized) @ http://localhost:3001/api/ha-oidc/providers/enabled:0
[   23562ms] [INFO] %cDownload the React DevTools for a better development experience: https://reactjs.org/link/react-devtools font-weight:bold @ http://localhost:3001/node_modules/.vite/deps/react-dom-BEjadErz.js?v=d60f55b8:17230
[   23601ms] [ERROR] Failed to load resource: the server responded with a status of 401 (Unauthorized) @ http://localhost:3001/api/ha-oidc/providers/enabled:0
[   23663ms] [INFO] %cDownload the React DevTools for a better development experience: https://reactjs.org/link/react-devtools font-weight:bold @ http://localhost:3001/node_modules/.vite/deps/react-dom-BEjadErz.js?v=d60f55b8:17230
[   23699ms] [ERROR] Failed to load resource: the server responded with a status of 401 (Unauthorized) @ http://localhost:3001/api/ha-oidc/providers/enabled:0
[   23761ms] [INFO] %cDownload the React DevTools for a better development experience: https://reactjs.org/link/react-devtools font-weight:bold @ http://localhost:3001/node_modules/.vite/deps/react-dom-BEjadErz.js?v=d60f55b8:17230
[   23798ms] [ERROR] Failed to load resource: the server responded with a status of 401 (Unauthorized) @ http://localhost:3001/api/ha-oidc/providers/enabled:0
[   23860ms] [INFO] %cDownload the React DevTools for a better development experience: https://reactjs.org/link/react-devtools font-weight:bold @ http://localhost:3001/node_modules/.vite/deps/react-dom-BEjadErz.js?v=d60f55b8:17230
[   23900ms] [ERROR] Failed to load resource: the server responded with a status of 401 (Unauthorized) @ http://localhost:3001/api/ha-oidc/providers/enabled:0
[   23963ms] [INFO] %cDownload the React DevTools for a better development experience: https://reactjs.org/link/react-devtools font-weight:bold @ http://localhost:3001/node_modules/.vite/deps/react-dom-BEjadErz.js?v=d60f55b8:17230
[   23999ms] [ERROR] Failed to load resource: the server responded with a status of 401 (Unauthorized) @ http://localhost:3001/api/ha-oidc/providers/enabled:0
[   24063ms] [INFO] %cDownload the React DevTools for a better development experience: https://reactjs.org/link/react-devtools font-weight:bold @ http://localhost:3001/node_modules/.vite/deps/react-dom-BEjadErz.js?v=d60f55b8:17230
[   24104ms] [ERROR] Failed to load resource: the server responded with a status of 401 (Unauthorized) @ http://localhost:3001/api/ha-oidc/providers/enabled:0
[   24165ms] [INFO] %cDownload the React DevTools for a better development experience: https://reactjs.org/link/react-devtools font-weight:bold @ http://localhost:3001/node_modules/.vite/deps/react-dom-BEjadErz.js?v=d60f55b8:17230
[   24201ms] [ERROR] Failed to load resource: the server responded with a status of 401 (Unauthorized) @ http://localhost:3001/api/ha-oidc/providers/enabled:0
[   24262ms] [INFO] %cDownload the React DevTools for a better development experience: https://reactjs.org/link/react-devtools font-weight:bold @ http://localhost:3001/node_modules/.vite/deps/react-dom-BEjadErz.js?v=d60f55b8:17230
[   24303ms] [ERROR] Failed to load resource: the server responded with a status of 401 (Unauthorized) @ http://localhost:3001/api/ha-oidc/providers/enabled:0
[   24392ms] [INFO] %cDownload the React DevTools for a better development experience: https://reactjs.org/link/react-devtools font-weight:bold @ http://localhost:3001/node_modules/.vite/deps/react-dom-BEjadErz.js?v=d60f55b8:17230
[   24438ms] [ERROR] Failed to load resource: the server responded with a status of 401 (Unauthorized) @ http://localhost:3001/api/ha-oidc/providers/enabled:0
[   24509ms] [INFO] %cDownload the React DevTools for a better development experience: https://reactjs.org/link/react-devtools font-weight:bold @ http://localhost:3001/node_modules/.vite/deps/react-dom-BEjadErz.js?v=d60f55b8:17230
[   24554ms] [ERROR] Failed to load resource: the server responded with a status of 401 (Unauthorized) @ http://localhost:3001/api/ha-oidc/providers/enabled:0
[   24620ms] [INFO] %cDownload the React DevTools for a better development experience: https://reactjs.org/link/react-devtools font-weight:bold @ http://localhost:3001/node_modules/.vite/deps/react-dom-BEjadErz.js?v=d60f55b8:17230
[   24666ms] [ERROR] Failed to load resource: the server responded with a status of 401 (Unauthorized) @ http://localhost:3001/api/ha-oidc/providers/enabled:0
[   24727ms] [INFO] %cDownload the React DevTools for a better development experience: https://reactjs.org/link/react-devtools font-weight:bold @ http://localhost:3001/node_modules/.vite/deps/react-dom-BEjadErz.js?v=d60f55b8:17230
[   24767ms] [ERROR] Failed to load resource: the server responded with a status of 401 (Unauthorized) @ http://localhost:3001/api/ha-oidc/providers/enabled:0
[   24831ms] [INFO] %cDownload the React DevTools for a better development experience: https://reactjs.org/link/react-devtools font-weight:bold @ http://localhost:3001/node_modules/.vite/deps/react-dom-BEjadErz.js?v=d60f55b8:17230
[   24873ms] [ERROR] Failed to load resource: the server responded with a status of 401 (Unauthorized) @ http://localhost:3001/api/ha-oidc/providers/enabled:0
[   24936ms] [INFO] %cDownload the React DevTools for a better development experience: https://reactjs.org/link/react-devtools font-weight:bold @ http://localhost:3001/node_modules/.vite/deps/react-dom-BEjadErz.js?v=d60f55b8:17230
[   24974ms] [ERROR] Failed to load resource: the server responded with a status of 401 (Unauthorized) @ http://localhost:3001/api/ha-oidc/providers/enabled:0
[   25035ms] [INFO] %cDownload the React DevTools for a better development experience: https://reactjs.org/link/react-devtools font-weight:bold @ http://localhost:3001/node_modules/.vite/deps/react-dom-BEjadErz.js?v=d60f55b8:17230
[   25077ms] [ERROR] Failed to load resource: the server responded with a status of 401 (Unauthorized) @ http://localhost:3001/api/ha-oidc/providers/enabled:0
[   25140ms] [INFO] %cDownload the React DevTools for a better development experience: https://reactjs.org/link/react-devtools font-weight:bold @ http://localhost:3001/node_modules/.vite/deps/react-dom-BEjadErz.js?v=d60f55b8:17230
[   25177ms] [ERROR] Failed to load resource: the server responded with a status of 401 (Unauthorized) @ http://localhost:3001/api/ha-oidc/providers/enabled:0
[   25241ms] [INFO] %cDownload the React DevTools for a better development experience: https://reactjs.org/link/react-devtools font-weight:bold @ http://localhost:3001/node_modules/.vite/deps/react-dom-BEjadErz.js?v=d60f55b8:17230
[   25283ms] [ERROR] Failed to load resource: the server responded with a status of 401 (Unauthorized) @ http://localhost:3001/api/ha-oidc/providers/enabled:0
[   25347ms] [INFO] %cDownload the React DevTools for a better development experience: https://reactjs.org/link/react-devtools font-weight:bold @ http://localhost:3001/node_modules/.vite/deps/react-dom-BEjadErz.js?v=d60f55b8:17230
[   25384ms] [ERROR] Failed to load resource: the server responded with a status of 401 (Unauthorized) @ http://localhost:3001/api/ha-oidc/providers/enabled:0
[   25446ms] [INFO] %cDownload the React DevTools for a better development experience: https://reactjs.org/link/react-devtools font-weight:bold @ http://localhost:3001/node_modules/.vite/deps/react-dom-BEjadErz.js?v=d60f55b8:17230
[   25484ms] [ERROR] Failed to load resource: the server responded with a status of 401 (Unauthorized) @ http://localhost:3001/api/ha-oidc/providers/enabled:0
[   25549ms] [INFO] %cDownload the React DevTools for a better development experience: https://reactjs.org/link/react-devtools font-weight:bold @ http://localhost:3001/node_modules/.vite/deps/react-dom-BEjadErz.js?v=d60f55b8:17230
[   25596ms] [ERROR] Failed to load resource: the server responded with a status of 401 (Unauthorized) @ http://localhost:3001/api/ha-oidc/providers/enabled:0
[   25658ms] [INFO] %cDownload the React DevTools for a better development experience: https://reactjs.org/link/react-devtools font-weight:bold @ http://localhost:3001/node_modules/.vite/deps/react-dom-BEjadErz.js?v=d60f55b8:17230
[   25696ms] [ERROR] Failed to load resource: the server responded with a status of 401 (Unauthorized) @ http://localhost:3001/api/ha-oidc/providers/enabled:0
[   25762ms] [INFO] %cDownload the React DevTools for a better development experience: https://reactjs.org/link/react-devtools font-weight:bold @ http://localhost:3001/node_modules/.vite/deps/react-dom-BEjadErz.js?v=d60f55b8:17230
[   25799ms] [ERROR] Failed to load resource: the server responded with a status of 401 (Unauthorized) @ http://localhost:3001/api/ha-oidc/providers/enabled:0
[   25867ms] [INFO] %cDownload the React DevTools for a better development experience: https://reactjs.org/link/react-devtools font-weight:bold @ http://localhost:3001/node_modules/.vite/deps/react-dom-BEjadErz.js?v=d60f55b8:17230
[   25909ms] [ERROR] Failed to load resource: the server responded with a status of 401 (Unauthorized) @ http://localhost:3001/api/ha-oidc/providers/enabled:0
[   25975ms] [INFO] %cDownload the React DevTools for a better development experience: https://reactjs.org/link/react-devtools font-weight:bold @ http://localhost:3001/node_modules/.vite/deps/react-dom-BEjadErz.js?v=d60f55b8:17230
[   26008ms] [ERROR] Failed to load resource: the server responded with a status of 401 (Unauthorized) @ http://localhost:3001/api/ha-oidc/providers/enabled:0
[   26077ms] [INFO] %cDownload the React DevTools for a better development experience: https://reactjs.org/link/react-devtools font-weight:bold @ http://localhost:3001/node_modules/.vite/deps/react-dom-BEjadErz.js?v=d60f55b8:17230
[   26114ms] [ERROR] Failed to load resource: the server responded with a status of 401 (Unauthorized) @ http://localhost:3001/api/ha-oidc/providers/enabled:0
[   26176ms] [INFO] %cDownload the React DevTools for a better development experience: https://reactjs.org/link/react-devtools font-weight:bold @ http://localhost:3001/node_modules/.vite/deps/react-dom-BEjadErz.js?v=d60f55b8:17230
[   26212ms] [ERROR] Failed to load resource: the server responded with a status of 401 (Unauthorized) @ http://localhost:3001/api/ha-oidc/providers/enabled:0
[   26275ms] [INFO] %cDownload the React DevTools for a better development experience: https://reactjs.org/link/react-devtools font-weight:bold @ http://localhost:3001/node_modules/.vite/deps/react-dom-BEjadErz.js?v=d60f55b8:17230
[   26314ms] [ERROR] Failed to load resource: the server responded with a status of 401 (Unauthorized) @ http://localhost:3001/api/ha-oidc/providers/enabled:0
[   26378ms] [INFO] %cDownload the React DevTools for a better development experience: https://reactjs.org/link/react-devtools font-weight:bold @ http://localhost:3001/node_modules/.vite/deps/react-dom-BEjadErz.js?v=d60f55b8:17230
[   26414ms] [ERROR] Failed to load resource: the server responded with a status of 401 (Unauthorized) @ http://localhost:3001/api/ha-oidc/providers/enabled:0
[   26478ms] [INFO] %cDownload the React DevTools for a better development experience: https://reactjs.org/link/react-devtools font-weight:bold @ http://localhost:3001/node_modules/.vite/deps/react-dom-BEjadErz.js?v=d60f55b8:17230
[   26518ms] [ERROR] Failed to load resource: the server responded with a status of 401 (Unauthorized) @ http://localhost:3001/api/ha-oidc/providers/enabled:0
[   26586ms] [INFO] %cDownload the React DevTools for a better development experience: https://reactjs.org/link/react-devtools font-weight:bold @ http://localhost:3001/node_modules/.vite/deps/react-dom-BEjadErz.js?v=d60f55b8:17230
[   26626ms] [ERROR] Failed to load resource: the server responded with a status of 401 (Unauthorized) @ http://localhost:3001/api/ha-oidc/providers/enabled:0
[   26710ms] [INFO] %cDownload the React DevTools for a better development experience: https://reactjs.org/link/react-devtools font-weight:bold @ http://localhost:3001/node_modules/.vite/deps/react-dom-BEjadErz.js?v=d60f55b8:17230
[   26755ms] [ERROR] Failed to load resource: the server responded with a status of 401 (Unauthorized) @ http://localhost:3001/api/ha-oidc/providers/enabled:0
[   26817ms] [INFO] %cDownload the React DevTools for a better development experience: https://reactjs.org/link/react-devtools font-weight:bold @ http://localhost:3001/node_modules/.vite/deps/react-dom-BEjadErz.js?v=d60f55b8:17230
[   26855ms] [ERROR] Failed to load resource: the server responded with a status of 401 (Unauthorized) @ http://localhost:3001/api/ha-oidc/providers/enabled:0
[   26917ms] [INFO] %cDownload the React DevTools for a better development experience: https://reactjs.org/link/react-devtools font-weight:bold @ http://localhost:3001/node_modules/.vite/deps/react-dom-BEjadErz.js?v=d60f55b8:17230
[   26955ms] [ERROR] Failed to load resource: the server responded with a status of 401 (Unauthorized) @ http://localhost:3001/api/ha-oidc/providers/enabled:0
[   27021ms] [INFO] %cDownload the React DevTools for a better development experience: https://reactjs.org/link/react-devtools font-weight:bold @ http://localhost:3001/node_modules/.vite/deps/react-dom-BEjadErz.js?v=d60f55b8:17230
[   27060ms] [ERROR] Failed to load resource: the server responded with a status of 401 (Unauthorized) @ http://localhost:3001/api/ha-oidc/providers/enabled:0
[   27127ms] [INFO] %cDownload the React DevTools for a better development experience: https://reactjs.org/link/react-devtools font-weight:bold @ http://localhost:3001/node_modules/.vite/deps/react-dom-BEjadErz.js?v=d60f55b8:17230
[   27167ms] [ERROR] Failed to load resource: the server responded with a status of 401 (Unauthorized) @ http://localhost:3001/api/ha-oidc/providers/enabled:0
[   27229ms] [INFO] %cDownload the React DevTools for a better development experience: https://reactjs.org/link/react-devtools font-weight:bold @ http://localhost:3001/node_modules/.vite/deps/react-dom-BEjadErz.js?v=d60f55b8:17230
[   27269ms] [ERROR] Failed to load resource: the server responded with a status of 401 (Unauthorized) @ http://localhost:3001/api/ha-oidc/providers/enabled:0
[   27331ms] [INFO] %cDownload the React DevTools for a better development experience: https://reactjs.org/link/react-devtools font-weight:bold @ http://localhost:3001/node_modules/.vite/deps/react-dom-BEjadErz.js?v=d60f55b8:17230
[   27374ms] [ERROR] Failed to load resource: the server responded with a status of 401 (Unauthorized) @ http://localhost:3001/api/ha-oidc/providers/enabled:0
[   27438ms] [INFO] %cDownload the React DevTools for a better development experience: https://reactjs.org/link/react-devtools font-weight:bold @ http://localhost:3001/node_modules/.vite/deps/react-dom-BEjadErz.js?v=d60f55b8:17230
[   27475ms] [ERROR] Failed to load resource: the server responded with a status of 401 (Unauthorized) @ http://localhost:3001/api/ha-oidc/providers/enabled:0
[   27538ms] [INFO] %cDownload the React DevTools for a better development experience: https://reactjs.org/link/react-devtools font-weight:bold @ http://localhost:3001/node_modules/.vite/deps/react-dom-BEjadErz.js?v=d60f55b8:17230
[   27578ms] [ERROR] Failed to load resource: the server responded with a status of 401 (Unauthorized) @ http://localhost:3001/api/ha-oidc/providers/enabled:0
[   27640ms] [INFO] %cDownload the React DevTools for a better development experience: https://reactjs.org/link/react-devtools font-weight:bold @ http://localhost:3001/node_modules/.vite/deps/react-dom-BEjadErz.js?v=d60f55b8:17230
[   27681ms] [ERROR] Failed to load resource: the server responded with a status of 401 (Unauthorized) @ http://localhost:3001/api/ha-oidc/providers/enabled:0
[   27743ms] [INFO] %cDownload the React DevTools for a better development experience: https://reactjs.org/link/react-devtools font-weight:bold @ http://localhost:3001/node_modules/.vite/deps/react-dom-BEjadErz.js?v=d60f55b8:17230
[   27787ms] [ERROR] Failed to load resource: the server responded with a status of 401 (Unauthorized) @ http://localhost:3001/api/ha-oidc/providers/enabled:0
[   27849ms] [INFO] %cDownload the React DevTools for a better development experience: https://reactjs.org/link/react-devtools font-weight:bold @ http://localhost:3001/node_modules/.vite/deps/react-dom-BEjadErz.js?v=d60f55b8:17230
[   27889ms] [ERROR] Failed to load resource: the server responded with a status of 401 (Unauthorized) @ http://localhost:3001/api/ha-oidc/providers/enabled:0
[   27956ms] [INFO] %cDownload the React DevTools for a better development experience: https://reactjs.org/link/react-devtools font-weight:bold @ http://localhost:3001/node_modules/.vite/deps/react-dom-BEjadErz.js?v=d60f55b8:17230
[   27999ms] [ERROR] Failed to load resource: the server responded with a status of 401 (Unauthorized) @ http://localhost:3001/api/ha-oidc/providers/enabled:0
[   28060ms] [INFO] %cDownload the React DevTools for a better development experience: https://reactjs.org/link/react-devtools font-weight:bold @ http://localhost:3001/node_modules/.vite/deps/react-dom-BEjadErz.js?v=d60f55b8:17230
[   28100ms] [ERROR] Failed to load resource: the server responded with a status of 401 (Unauthorized) @ http://localhost:3001/api/ha-oidc/providers/enabled:0
[   28164ms] [INFO] %cDownload the React DevTools for a better development experience: https://reactjs.org/link/react-devtools font-weight:bold @ http://localhost:3001/node_modules/.vite/deps/react-dom-BEjadErz.js?v=d60f55b8:17230
[   28211ms] [ERROR] Failed to load resource: the server responded with a status of 401 (Unauthorized) @ http://localhost:3001/api/ha-oidc/providers/enabled:0
[   28297ms] [INFO] %cDownload the React DevTools for a better development experience: https://reactjs.org/link/react-devtools font-weight:bold @ http://localhost:3001/node_modules/.vite/deps/react-dom-BEjadErz.js?v=d60f55b8:17230
[   28341ms] [ERROR] Failed to load resource: the server responded with a status of 401 (Unauthorized) @ http://localhost:3001/api/ha-oidc/providers/enabled:0
[   28408ms] [INFO] %cDownload the React DevTools for a better development experience: https://reactjs.org/link/react-devtools font-weight:bold @ http://localhost:3001/node_modules/.vite/deps/react-dom-BEjadErz.js?v=d60f55b8:17230
[   28456ms] [ERROR] Failed to load resource: the server responded with a status of 401 (Unauthorized) @ http://localhost:3001/api/ha-oidc/providers/enabled:0
[   28522ms] [INFO] %cDownload the React DevTools for a better development experience: https://reactjs.org/link/react-devtools font-weight:bold @ http://localhost:3001/node_modules/.vite/deps/react-dom-BEjadErz.js?v=d60f55b8:17230
[   28562ms] [ERROR] Failed to load resource: the server responded with a status of 401 (Unauthorized) @ http://localhost:3001/api/ha-oidc/providers/enabled:0
[   28627ms] [INFO] %cDownload the React DevTools for a better development experience: https://reactjs.org/link/react-devtools font-weight:bold @ http://localhost:3001/node_modules/.vite/deps/react-dom-BEjadErz.js?v=d60f55b8:17230
[   28663ms] [ERROR] Failed to load resource: the server responded with a status of 401 (Unauthorized) @ http://localhost:3001/api/ha-oidc/providers/enabled:0
[   28726ms] [INFO] %cDownload the React DevTools for a better development experience: https://reactjs.org/link/react-devtools font-weight:bold @ http://localhost:3001/node_modules/.vite/deps/react-dom-BEjadErz.js?v=d60f55b8:17230
[   28790ms] [ERROR] Failed to load resource: the server responded with a status of 401 (Unauthorized) @ http://localhost:3001/api/ha-oidc/providers/enabled:0
[   28942ms] [INFO] %cDownload the React DevTools for a better development experience: https://reactjs.org/link/react-devtools font-weight:bold @ http://localhost:3001/node_modules/.vite/deps/react-dom-BEjadErz.js?v=d60f55b8:17230
[   28986ms] [ERROR] Failed to load resource: the server responded with a status of 401 (Unauthorized) @ http://localhost:3001/api/ha-oidc/providers/enabled:0
[   29055ms] [INFO] %cDownload the React DevTools for a better development experience: https://reactjs.org/link/react-devtools font-weight:bold @ http://localhost:3001/node_modules/.vite/deps/react-dom-BEjadErz.js?v=d60f55b8:17230
[   29103ms] [ERROR] Failed to load resource: the server responded with a status of 401 (Unauthorized) @ http://localhost:3001/api/ha-oidc/providers/enabled:0
[   29190ms] [INFO] %cDownload the React DevTools for a better development experience: https://reactjs.org/link/react-devtools font-weight:bold @ http://localhost:3001/node_modules/.vite/deps/react-dom-BEjadErz.js?v=d60f55b8:17230
[   29233ms] [ERROR] Failed to load resource: the server responded with a status of 401 (Unauthorized) @ http://localhost:3001/api/ha-oidc/providers/enabled:0
[   29305ms] [INFO] %cDownload the React DevTools for a better development experience: https://reactjs.org/link/react-devtools font-weight:bold @ http://localhost:3001/node_modules/.vite/deps/react-dom-BEjadErz.js?v=d60f55b8:17230
[   29346ms] [ERROR] Failed to load resource: the server responded with a status of 401 (Unauthorized) @ http://localhost:3001/api/ha-oidc/providers/enabled:0
[   29409ms] [INFO] %cDownload the React DevTools for a better development experience: https://reactjs.org/link/react-devtools font-weight:bold @ http://localhost:3001/node_modules/.vite/deps/react-dom-BEjadErz.js?v=d60f55b8:17230
[   29451ms] [ERROR] Failed to load resource: the server responded with a status of 401 (Unauthorized) @ http://localhost:3001/api/ha-oidc/providers/enabled:0
[   29522ms] [INFO] %cDownload the React DevTools for a better development experience: https://reactjs.org/link/react-devtools font-weight:bold @ http://localhost:3001/node_modules/.vite/deps/react-dom-BEjadErz.js?v=d60f55b8:17230
[   29558ms] [ERROR] Failed to load resource: the server responded with a status of 401 (Unauthorized) @ http://localhost:3001/api/ha-oidc/providers/enabled:0
[   29623ms] [INFO] %cDownload the React DevTools for a better development experience: https://reactjs.org/link/react-devtools font-weight:bold @ http://localhost:3001/node_modules/.vite/deps/react-dom-BEjadErz.js?v=d60f55b8:17230
[   29659ms] [ERROR] Failed to load resource: the server responded with a status of 401 (Unauthorized) @ http://localhost:3001/api/ha-oidc/providers/enabled:0
[   29738ms] [INFO] %cDownload the React DevTools for a better development experience: https://reactjs.org/link/react-devtools font-weight:bold @ http://localhost:3001/node_modules/.vite/deps/react-dom-BEjadErz.js?v=d60f55b8:17230
[   29785ms] [ERROR] Failed to load resource: the server responded with a status of 401 (Unauthorized) @ http://localhost:3001/api/ha-oidc/providers/enabled:0
[   29850ms] [INFO] %cDownload the React DevTools for a better development experience: https://reactjs.org/link/react-devtools font-weight:bold @ http://localhost:3001/node_modules/.vite/deps/react-dom-BEjadErz.js?v=d60f55b8:17230
[   29885ms] [ERROR] Failed to load resource: the server responded with a status of 401 (Unauthorized) @ http://localhost:3001/api/ha-oidc/providers/enabled:0
[   29946ms] [INFO] %cDownload the React DevTools for a better development experience: https://reactjs.org/link/react-devtools font-weight:bold @ http://localhost:3001/node_modules/.vite/deps/react-dom-BEjadErz.js?v=d60f55b8:17230
[   29989ms] [ERROR] Failed to load resource: the server responded with a status of 401 (Unauthorized) @ http://localhost:3001/api/ha-oidc/providers/enabled:0
[   30055ms] [INFO] %cDownload the React DevTools for a better development experience: https://reactjs.org/link/react-devtools font-weight:bold @ http://localhost:3001/node_modules/.vite/deps/react-dom-BEjadErz.js?v=d60f55b8:17230
[   30097ms] [ERROR] Failed to load resource: the server responded with a status of 401 (Unauthorized) @ http://localhost:3001/api/ha-oidc/providers/enabled:0
[   30162ms] [INFO] %cDownload the React DevTools for a better development experience: https://reactjs.org/link/react-devtools font-weight:bold @ http://localhost:3001/node_modules/.vite/deps/react-dom-BEjadErz.js?v=d60f55b8:17230
[   30204ms] [ERROR] Failed to load resource: the server responded with a status of 401 (Unauthorized) @ http://localhost:3001/api/ha-oidc/providers/enabled:0
[   30266ms] [INFO] %cDownload the React DevTools for a better development experience: https://reactjs.org/link/react-devtools font-weight:bold @ http://localhost:3001/node_modules/.vite/deps/react-dom-BEjadErz.js?v=d60f55b8:17230
[   30305ms] [ERROR] Failed to load resource: the server responded with a status of 401 (Unauthorized) @ http://localhost:3001/api/ha-oidc/providers/enabled:0
[   30367ms] [INFO] %cDownload the React DevTools for a better development experience: https://reactjs.org/link/react-devtools font-weight:bold @ http://localhost:3001/node_modules/.vite/deps/react-dom-BEjadErz.js?v=d60f55b8:17230
[   30409ms] [ERROR] Failed to load resource: the server responded with a status of 401 (Unauthorized) @ http://localhost:3001/api/ha-oidc/providers/enabled:0
[   30485ms] [INFO] %cDownload the React DevTools for a better development experience: https://reactjs.org/link/react-devtools font-weight:bold @ http://localhost:3001/node_modules/.vite/deps/react-dom-BEjadErz.js?v=d60f55b8:17230
[   30524ms] [ERROR] Failed to load resource: the server responded with a status of 401 (Unauthorized) @ http://localhost:3001/api/ha-oidc/providers/enabled:0
[   30589ms] [INFO] %cDownload the React DevTools for a better development experience: https://reactjs.org/link/react-devtools font-weight:bold @ http://localhost:3001/node_modules/.vite/deps/react-dom-BEjadErz.js?v=d60f55b8:17230
[   30629ms] [ERROR] Failed to load resource: the server responded with a status of 401 (Unauthorized) @ http://localhost:3001/api/ha-oidc/providers/enabled:0
[   30692ms] [INFO] %cDownload the React DevTools for a better development experience: https://reactjs.org/link/react-devtools font-weight:bold @ http://localhost:3001/node_modules/.vite/deps/react-dom-BEjadErz.js?v=d60f55b8:17230
[   30731ms] [ERROR] Failed to load resource: the server responded with a status of 401 (Unauthorized) @ http://localhost:3001/api/ha-oidc/providers/enabled:0
[   30796ms] [INFO] %cDownload the React DevTools for a better development experience: https://reactjs.org/link/react-devtools font-weight:bold @ http://localhost:3001/node_modules/.vite/deps/react-dom-BEjadErz.js?v=d60f55b8:17230
[   30835ms] [ERROR] Failed to load resource: the server responded with a status of 401 (Unauthorized) @ http://localhost:3001/api/ha-oidc/providers/enabled:0
[   30900ms] [INFO] %cDownload the React DevTools for a better development experience: https://reactjs.org/link/react-devtools font-weight:bold @ http://localhost:3001/node_modules/.vite/deps/react-dom-BEjadErz.js?v=d60f55b8:17230
[   30936ms] [ERROR] Failed to load resource: the server responded with a status of 401 (Unauthorized) @ http://localhost:3001/api/ha-oidc/providers/enabled:0
[   30998ms] [INFO] %cDownload the React DevTools for a better development experience: https://reactjs.org/link/react-devtools font-weight:bold @ http://localhost:3001/node_modules/.vite/deps/react-dom-BEjadErz.js?v=d60f55b8:17230
[   31039ms] [ERROR] Failed to load resource: the server responded with a status of 401 (Unauthorized) @ http://localhost:3001/api/ha-oidc/providers/enabled:0
[   31101ms] [INFO] %cDownload the React DevTools for a better development experience: https://reactjs.org/link/react-devtools font-weight:bold @ http://localhost:3001/node_modules/.vite/deps/react-dom-BEjadErz.js?v=d60f55b8:17230
[   31142ms] [ERROR] Failed to load resource: the server responded with a status of 401 (Unauthorized) @ http://localhost:3001/api/ha-oidc/providers/enabled:0
[   31204ms] [INFO] %cDownload the React DevTools for a better development experience: https://reactjs.org/link/react-devtools font-weight:bold @ http://localhost:3001/node_modules/.vite/deps/react-dom-BEjadErz.js?v=d60f55b8:17230
[   31245ms] [ERROR] Failed to load resource: the server responded with a status of 401 (Unauthorized) @ http://localhost:3001/api/ha-oidc/providers/enabled:0
[   31306ms] [INFO] %cDownload the React DevTools for a better development experience: https://reactjs.org/link/react-devtools font-weight:bold @ http://localhost:3001/node_modules/.vite/deps/react-dom-BEjadErz.js?v=d60f55b8:17230
[   31344ms] [ERROR] Failed to load resource: the server responded with a status of 401 (Unauthorized) @ http://localhost:3001/api/ha-oidc/providers/enabled:0
[   31405ms] [INFO] %cDownload the React DevTools for a better development experience: https://reactjs.org/link/react-devtools font-weight:bold @ http://localhost:3001/node_modules/.vite/deps/react-dom-BEjadErz.js?v=d60f55b8:17230
[   31445ms] [ERROR] Failed to load resource: the server responded with a status of 401 (Unauthorized) @ http://localhost:3001/api/ha-oidc/providers/enabled:0
[   31507ms] [INFO] %cDownload the React DevTools for a better development experience: https://reactjs.org/link/react-devtools font-weight:bold @ http://localhost:3001/node_modules/.vite/deps/react-dom-BEjadErz.js?v=d60f55b8:17230
[   31544ms] [ERROR] Failed to load resource: the server responded with a status of 401 (Unauthorized) @ http://localhost:3001/api/ha-oidc/providers/enabled:0
[   31608ms] [INFO] %cDownload the React DevTools for a better development experience: https://reactjs.org/link/react-devtools font-weight:bold @ http://localhost:3001/node_modules/.vite/deps/react-dom-BEjadErz.js?v=d60f55b8:17230
[   31648ms] [ERROR] Failed to load resource: the server responded with a status of 401 (Unauthorized) @ http://localhost:3001/api/ha-oidc/providers/enabled:0
[   31712ms] [INFO] %cDownload the React DevTools for a better development experience: https://reactjs.org/link/react-devtools font-weight:bold @ http://localhost:3001/node_modules/.vite/deps/react-dom-BEjadErz.js?v=d60f55b8:17230
[   31749ms] [ERROR] Failed to load resource: the server responded with a status of 401 (Unauthorized) @ http://localhost:3001/api/ha-oidc/providers/enabled:0
[   31820ms] [INFO] %cDownload the React DevTools for a better development experience: https://reactjs.org/link/react-devtools font-weight:bold @ http://localhost:3001/node_modules/.vite/deps/react-dom-BEjadErz.js?v=d60f55b8:17230
[   31862ms] [ERROR] Failed to load resource: the server responded with a status of 401 (Unauthorized) @ http://localhost:3001/api/ha-oidc/providers/enabled:0
[   31949ms] [INFO] %cDownload the React DevTools for a better development experience: https://reactjs.org/link/react-devtools font-weight:bold @ http://localhost:3001/node_modules/.vite/deps/react-dom-BEjadErz.js?v=d60f55b8:17230
[   31994ms] [ERROR] Failed to load resource: the server responded with a status of 401 (Unauthorized) @ http://localhost:3001/api/ha-oidc/providers/enabled:0
[   32059ms] [INFO] %cDownload the React DevTools for a better development experience: https://reactjs.org/link/react-devtools font-weight:bold @ http://localhost:3001/node_modules/.vite/deps/react-dom-BEjadErz.js?v=d60f55b8:17230
[   32108ms] [ERROR] Failed to load resource: the server responded with a status of 401 (Unauthorized) @ http://localhost:3001/api/ha-oidc/providers/enabled:0
[   32175ms] [INFO] %cDownload the React DevTools for a better development experience: https://reactjs.org/link/react-devtools font-weight:bold @ http://localhost:3001/node_modules/.vite/deps/react-dom-BEjadErz.js?v=d60f55b8:17230
[   32215ms] [ERROR] Failed to load resource: the server responded with a status of 401 (Unauthorized) @ http://localhost:3001/api/ha-oidc/providers/enabled:0
[   32277ms] [INFO] %cDownload the React DevTools for a better development experience: https://reactjs.org/link/react-devtools font-weight:bold @ http://localhost:3001/node_modules/.vite/deps/react-dom-BEjadErz.js?v=d60f55b8:17230
[   32313ms] [ERROR] Failed to load resource: the server responded with a status of 401 (Unauthorized) @ http://localhost:3001/api/ha-oidc/providers/enabled:0
[   32375ms] [INFO] %cDownload the React DevTools for a better development experience: https://reactjs.org/link/react-devtools font-weight:bold @ http://localhost:3001/node_modules/.vite/deps/react-dom-BEjadErz.js?v=d60f55b8:17230
[   32416ms] [ERROR] Failed to load resource: the server responded with a status of 401 (Unauthorized) @ http://localhost:3001/api/ha-oidc/providers/enabled:0
[   32479ms] [INFO] %cDownload the React DevTools for a better development experience: https://reactjs.org/link/react-devtools font-weight:bold @ http://localhost:3001/node_modules/.vite/deps/react-dom-BEjadErz.js?v=d60f55b8:17230
[   32517ms] [ERROR] Failed to load resource: the server responded with a status of 401 (Unauthorized) @ http://localhost:3001/api/ha-oidc/providers/enabled:0
[   32579ms] [INFO] %cDownload the React DevTools for a better development experience: https://reactjs.org/link/react-devtools font-weight:bold @ http://localhost:3001/node_modules/.vite/deps/react-dom-BEjadErz.js?v=d60f55b8:17230
[   32618ms] [ERROR] Failed to load resource: the server responded with a status of 401 (Unauthorized) @ http://localhost:3001/api/ha-oidc/providers/enabled:0
[   32679ms] [INFO] %cDownload the React DevTools for a better development experience: https://reactjs.org/link/react-devtools font-weight:bold @ http://localhost:3001/node_modules/.vite/deps/react-dom-BEjadErz.js?v=d60f55b8:17230
[   32716ms] [ERROR] Failed to load resource: the server responded with a status of 401 (Unauthorized) @ http://localhost:3001/api/ha-oidc/providers/enabled:0
[   32779ms] [INFO] %cDownload the React DevTools for a better development experience: https://reactjs.org/link/react-devtools font-weight:bold @ http://localhost:3001/node_modules/.vite/deps/react-dom-BEjadErz.js?v=d60f55b8:17230
[   32818ms] [ERROR] Failed to load resource: the server responded with a status of 401 (Unauthorized) @ http://localhost:3001/api/ha-oidc/providers/enabled:0
[   32882ms] [INFO] %cDownload the React DevTools for a better development experience: https://reactjs.org/link/react-devtools font-weight:bold @ http://localhost:3001/node_modules/.vite/deps/react-dom-BEjadErz.js?v=d60f55b8:17230
[   32916ms] [ERROR] Failed to load resource: the server responded with a status of 401 (Unauthorized) @ http://localhost:3001/api/ha-oidc/providers/enabled:0
[   32978ms] [INFO] %cDownload the React DevTools for a better development experience: https://reactjs.org/link/react-devtools font-weight:bold @ http://localhost:3001/node_modules/.vite/deps/react-dom-BEjadErz.js?v=d60f55b8:17230
[   33025ms] [ERROR] Failed to load resource: the server responded with a status of 401 (Unauthorized) @ http://localhost:3001/api/ha-oidc/providers/enabled:0
[   33098ms] [INFO] %cDownload the React DevTools for a better development experience: https://reactjs.org/link/react-devtools font-weight:bold @ http://localhost:3001/node_modules/.vite/deps/react-dom-BEjadErz.js?v=d60f55b8:17230
[   33136ms] [ERROR] Failed to load resource: the server responded with a status of 401 (Unauthorized) @ http://localhost:3001/api/ha-oidc/providers/enabled:0
[   33198ms] [INFO] %cDownload the React DevTools for a better development experience: https://reactjs.org/link/react-devtools font-weight:bold @ http://localhost:3001/node_modules/.vite/deps/react-dom-BEjadErz.js?v=d60f55b8:17230
[   33240ms] [ERROR] Failed to load resource: the server responded with a status of 401 (Unauthorized) @ http://localhost:3001/api/ha-oidc/providers/enabled:0
[   33306ms] [INFO] %cDownload the React DevTools for a better development experience: https://reactjs.org/link/react-devtools font-weight:bold @ http://localhost:3001/node_modules/.vite/deps/react-dom-BEjadErz.js?v=d60f55b8:17230
[   33349ms] [ERROR] Failed to load resource: the server responded with a status of 401 (Unauthorized) @ http://localhost:3001/api/ha-oidc/providers/enabled:0
[   33413ms] [INFO] %cDownload the React DevTools for a better development experience: https://reactjs.org/link/react-devtools font-weight:bold @ http://localhost:3001/node_modules/.vite/deps/react-dom-BEjadErz.js?v=d60f55b8:17230
[   33453ms] [ERROR] Failed to load resource: the server responded with a status of 401 (Unauthorized) @ http://localhost:3001/api/ha-oidc/providers/enabled:0
[   33514ms] [INFO] %cDownload the React DevTools for a better development experience: https://reactjs.org/link/react-devtools font-weight:bold @ http://localhost:3001/node_modules/.vite/deps/react-dom-BEjadErz.js?v=d60f55b8:17230
[   33551ms] [ERROR] Failed to load resource: the server responded with a status of 401 (Unauthorized) @ http://localhost:3001/api/ha-oidc/providers/enabled:0
[   33613ms] [INFO] %cDownload the React DevTools for a better development experience: https://reactjs.org/link/react-devtools font-weight:bold @ http://localhost:3001/node_modules/.vite/deps/react-dom-BEjadErz.js?v=d60f55b8:17230
[   33649ms] [ERROR] Failed to load resource: the server responded with a status of 401 (Unauthorized) @ http://localhost:3001/api/ha-oidc/providers/enabled:0
[   33713ms] [INFO] %cDownload the React DevTools for a better development experience: https://reactjs.org/link/react-devtools font-weight:bold @ http://localhost:3001/node_modules/.vite/deps/react-dom-BEjadErz.js?v=d60f55b8:17230
[   33750ms] [ERROR] Failed to load resource: the server responded with a status of 401 (Unauthorized) @ http://localhost:3001/api/ha-oidc/providers/enabled:0
[   33815ms] [INFO] %cDownload the React DevTools for a better development experience: https://reactjs.org/link/react-devtools font-weight:bold @ http://localhost:3001/node_modules/.vite/deps/react-dom-BEjadErz.js?v=d60f55b8:17230
[   33856ms] [ERROR] Failed to load resource: the server responded with a status of 401 (Unauthorized) @ http://localhost:3001/api/ha-oidc/providers/enabled:0
[   33921ms] [INFO] %cDownload the React DevTools for a better development experience: https://reactjs.org/link/react-devtools font-weight:bold @ http://localhost:3001/node_modules/.vite/deps/react-dom-BEjadErz.js?v=d60f55b8:17230
[   33954ms] [ERROR] Failed to load resource: the server responded with a status of 401 (Unauthorized) @ http://localhost:3001/api/ha-oidc/providers/enabled:0
[   34017ms] [INFO] %cDownload the React DevTools for a better development experience: https://reactjs.org/link/react-devtools font-weight:bold @ http://localhost:3001/node_modules/.vite/deps/react-dom-BEjadErz.js?v=d60f55b8:17230
[   34057ms] [ERROR] Failed to load resource: the server responded with a status of 401 (Unauthorized) @ http://localhost:3001/api/ha-oidc/providers/enabled:0
[   34122ms] [INFO] %cDownload the React DevTools for a better development experience: https://reactjs.org/link/react-devtools font-weight:bold @ http://localhost:3001/node_modules/.vite/deps/react-dom-BEjadErz.js?v=d60f55b8:17230
[   34160ms] [ERROR] Failed to load resource: the server responded with a status of 401 (Unauthorized) @ http://localhost:3001/api/ha-oidc/providers/enabled:0
[   34222ms] [INFO] %cDownload the React DevTools for a better development experience: https://reactjs.org/link/react-devtools font-weight:bold @ http://localhost:3001/node_modules/.vite/deps/react-dom-BEjadErz.js?v=d60f55b8:17230
[   34263ms] [ERROR] Failed to load resource: the server responded with a status of 401 (Unauthorized) @ http://localhost:3001/api/ha-oidc/providers/enabled:0
[   34327ms] [INFO] %cDownload the React DevTools for a better development experience: https://reactjs.org/link/react-devtools font-weight:bold @ http://localhost:3001/node_modules/.vite/deps/react-dom-BEjadErz.js?v=d60f55b8:17230
[   34364ms] [ERROR] Failed to load resource: the server responded with a status of 401 (Unauthorized) @ http://localhost:3001/api/ha-oidc/providers/enabled:0
[   34427ms] [INFO] %cDownload the React DevTools for a better development experience: https://reactjs.org/link/react-devtools font-weight:bold @ http://localhost:3001/node_modules/.vite/deps/react-dom-BEjadErz.js?v=d60f55b8:17230
[   34467ms] [ERROR] Failed to load resource: the server responded with a status of 401 (Unauthorized) @ http://localhost:3001/api/ha-oidc/providers/enabled:0
[   34535ms] [INFO] %cDownload the React DevTools for a better development experience: https://reactjs.org/link/react-devtools font-weight:bold @ http://localhost:3001/node_modules/.vite/deps/react-dom-BEjadErz.js?v=d60f55b8:17230
[   34571ms] [ERROR] Failed to load resource: the server responded with a status of 401 (Unauthorized) @ http://localhost:3001/api/ha-oidc/providers/enabled:0
[   34633ms] [INFO] %cDownload the React DevTools for a better development experience: https://reactjs.org/link/react-devtools font-weight:bold @ http://localhost:3001/node_modules/.vite/deps/react-dom-BEjadErz.js?v=d60f55b8:17230
[   34672ms] [ERROR] Failed to load resource: the server responded with a status of 401 (Unauthorized) @ http://localhost:3001/api/ha-oidc/providers/enabled:0
[   34737ms] [INFO] %cDownload the React DevTools for a better development experience: https://reactjs.org/link/react-devtools font-weight:bold @ http://localhost:3001/node_modules/.vite/deps/react-dom-BEjadErz.js?v=d60f55b8:17230
[   34774ms] [ERROR] Failed to load resource: the server responded with a status of 401 (Unauthorized) @ http://localhost:3001/api/ha-oidc/providers/enabled:0
[   34838ms] [INFO] %cDownload the React DevTools for a better development experience: https://reactjs.org/link/react-devtools font-weight:bold @ http://localhost:3001/node_modules/.vite/deps/react-dom-BEjadErz.js?v=d60f55b8:17230
[   34876ms] [ERROR] Failed to load resource: the server responded with a status of 401 (Unauthorized) @ http://localhost:3001/api/ha-oidc/providers/enabled:0
[   34939ms] [INFO] %cDownload the React DevTools for a better development experience: https://reactjs.org/link/react-devtools font-weight:bold @ http://localhost:3001/node_modules/.vite/deps/react-dom-BEjadErz.js?v=d60f55b8:17230
[   34977ms] [ERROR] Failed to load resource: the server responded with a status of 401 (Unauthorized) @ http://localhost:3001/api/ha-oidc/providers/enabled:0
[   35041ms] [INFO] %cDownload the React DevTools for a better development experience: https://reactjs.org/link/react-devtools font-weight:bold @ http://localhost:3001/node_modules/.vite/deps/react-dom-BEjadErz.js?v=d60f55b8:17230
[   35085ms] [ERROR] Failed to load resource: the server responded with a status of 401 (Unauthorized) @ http://localhost:3001/api/ha-oidc/providers/enabled:0
[   35149ms] [INFO] %cDownload the React DevTools for a better development experience: https://reactjs.org/link/react-devtools font-weight:bold @ http://localhost:3001/node_modules/.vite/deps/react-dom-BEjadErz.js?v=d60f55b8:17230
[   35185ms] [ERROR] Failed to load resource: the server responded with a status of 401 (Unauthorized) @ http://localhost:3001/api/ha-oidc/providers/enabled:0
[   35246ms] [INFO] %cDownload the React DevTools for a better development experience: https://reactjs.org/link/react-devtools font-weight:bold @ http://localhost:3001/node_modules/.vite/deps/react-dom-BEjadErz.js?v=d60f55b8:17230
[   35286ms] [ERROR] Failed to load resource: the server responded with a status of 401 (Unauthorized) @ http://localhost:3001/api/ha-oidc/providers/enabled:0
[   35370ms] [INFO] %cDownload the React DevTools for a better development experience: https://reactjs.org/link/react-devtools font-weight:bold @ http://localhost:3001/node_modules/.vite/deps/react-dom-BEjadErz.js?v=d60f55b8:17230
[   35415ms] [ERROR] Failed to load resource: the server responded with a status of 401 (Unauthorized) @ http://localhost:3001/api/ha-oidc/providers/enabled:0
[   35481ms] [INFO] %cDownload the React DevTools for a better development experience: https://reactjs.org/link/react-devtools font-weight:bold @ http://localhost:3001/node_modules/.vite/deps/react-dom-BEjadErz.js?v=d60f55b8:17230
[   35527ms] [ERROR] Failed to load resource: the server responded with a status of 401 (Unauthorized) @ http://localhost:3001/api/ha-oidc/providers/enabled:0
[   35592ms] [INFO] %cDownload the React DevTools for a better development experience: https://reactjs.org/link/react-devtools font-weight:bold @ http://localhost:3001/node_modules/.vite/deps/react-dom-BEjadErz.js?v=d60f55b8:17230
[   35632ms] [ERROR] Failed to load resource: the server responded with a status of 401 (Unauthorized) @ http://localhost:3001/api/ha-oidc/providers/enabled:0
[   35696ms] [INFO] %cDownload the React DevTools for a better development experience: https://reactjs.org/link/react-devtools font-weight:bold @ http://localhost:3001/node_modules/.vite/deps/react-dom-BEjadErz.js?v=d60f55b8:17230
[   35734ms] [ERROR] Failed to load resource: the server responded with a status of 401 (Unauthorized) @ http://localhost:3001/api/ha-oidc/providers/enabled:0
[   35797ms] [INFO] %cDownload the React DevTools for a better development experience: https://reactjs.org/link/react-devtools font-weight:bold @ http://localhost:3001/node_modules/.vite/deps/react-dom-BEjadErz.js?v=d60f55b8:17230
[   35837ms] [ERROR] Failed to load resource: the server responded with a status of 401 (Unauthorized) @ http://localhost:3001/api/ha-oidc/providers/enabled:0
[   35903ms] [INFO] %cDownload the React DevTools for a better development experience: https://reactjs.org/link/react-devtools font-weight:bold @ http://localhost:3001/node_modules/.vite/deps/react-dom-BEjadErz.js?v=d60f55b8:17230
[   35937ms] [ERROR] Failed to load resource: the server responded with a status of 401 (Unauthorized) @ http://localhost:3001/api/ha-oidc/providers/enabled:0
[   36015ms] [INFO] %cDownload the React DevTools for a better development experience: https://reactjs.org/link/react-devtools font-weight:bold @ http://localhost:3001/node_modules/.vite/deps/react-dom-BEjadErz.js?v=d60f55b8:17230
[   36055ms] [ERROR] Failed to load resource: the server responded with a status of 401 (Unauthorized) @ http://localhost:3001/api/ha-oidc/providers/enabled:0
[   36116ms] [INFO] %cDownload the React DevTools for a better development experience: https://reactjs.org/link/react-devtools font-weight:bold @ http://localhost:3001/node_modules/.vite/deps/react-dom-BEjadErz.js?v=d60f55b8:17230
[   36157ms] [ERROR] Failed to load resource: the server responded with a status of 401 (Unauthorized) @ http://localhost:3001/api/ha-oidc/providers/enabled:0
[   36219ms] [INFO] %cDownload the React DevTools for a better development experience: https://reactjs.org/link/react-devtools font-weight:bold @ http://localhost:3001/node_modules/.vite/deps/react-dom-BEjadErz.js?v=d60f55b8:17230
[   36260ms] [ERROR] Failed to load resource: the server responded with a status of 401 (Unauthorized) @ http://localhost:3001/api/ha-oidc/providers/enabled:0
[   36325ms] [INFO] %cDownload the React DevTools for a better development experience: https://reactjs.org/link/react-devtools font-weight:bold @ http://localhost:3001/node_modules/.vite/deps/react-dom-BEjadErz.js?v=d60f55b8:17230
[   36363ms] [ERROR] Failed to load resource: the server responded with a status of 401 (Unauthorized) @ http://localhost:3001/api/ha-oidc/providers/enabled:0
[   36432ms] [INFO] %cDownload the React DevTools for a better development experience: https://reactjs.org/link/react-devtools font-weight:bold @ http://localhost:3001/node_modules/.vite/deps/react-dom-BEjadErz.js?v=d60f55b8:17230
[   36473ms] [ERROR] Failed to load resource: the server responded with a status of 401 (Unauthorized) @ http://localhost:3001/api/ha-oidc/providers/enabled:0
[   36536ms] [INFO] %cDownload the React DevTools for a better development experience: https://reactjs.org/link/react-devtools font-weight:bold @ http://localhost:3001/node_modules/.vite/deps/react-dom-BEjadErz.js?v=d60f55b8:17230
[   36573ms] [ERROR] Failed to load resource: the server responded with a status of 401 (Unauthorized) @ http://localhost:3001/api/ha-oidc/providers/enabled:0
[   36642ms] [INFO] %cDownload the React DevTools for a better development experience: https://reactjs.org/link/react-devtools font-weight:bold @ http://localhost:3001/node_modules/.vite/deps/react-dom-BEjadErz.js?v=d60f55b8:17230
[   36684ms] [ERROR] Failed to load resource: the server responded with a status of 401 (Unauthorized) @ http://localhost:3001/api/ha-oidc/providers/enabled:0
[   36749ms] [INFO] %cDownload the React DevTools for a better development experience: https://reactjs.org/link/react-devtools font-weight:bold @ http://localhost:3001/node_modules/.vite/deps/react-dom-BEjadErz.js?v=d60f55b8:17230
[   36786ms] [ERROR] Failed to load resource: the server responded with a status of 401 (Unauthorized) @ http://localhost:3001/api/ha-oidc/providers/enabled:0
[   36850ms] [INFO] %cDownload the React DevTools for a better development experience: https://reactjs.org/link/react-devtools font-weight:bold @ http://localhost:3001/node_modules/.vite/deps/react-dom-BEjadErz.js?v=d60f55b8:17230
[   36892ms] [ERROR] Failed to load resource: the server responded with a status of 401 (Unauthorized) @ http://localhost:3001/api/ha-oidc/providers/enabled:0
[   36956ms] [INFO] %cDownload the React DevTools for a better development experience: https://reactjs.org/link/react-devtools font-weight:bold @ http://localhost:3001/node_modules/.vite/deps/react-dom-BEjadErz.js?v=d60f55b8:17230
[   36993ms] [ERROR] Failed to load resource: the server responded with a status of 401 (Unauthorized) @ http://localhost:3001/api/ha-oidc/providers/enabled:0
[   37055ms] [INFO] %cDownload the React DevTools for a better development experience: https://reactjs.org/link/react-devtools font-weight:bold @ http://localhost:3001/node_modules/.vite/deps/react-dom-BEjadErz.js?v=d60f55b8:17230
[   37096ms] [ERROR] Failed to load resource: the server responded with a status of 401 (Unauthorized) @ http://localhost:3001/api/ha-oidc/providers/enabled:0
[   37158ms] [INFO] %cDownload the React DevTools for a better development experience: https://reactjs.org/link/react-devtools font-weight:bold @ http://localhost:3001/node_modules/.vite/deps/react-dom-BEjadErz.js?v=d60f55b8:17230
[   37202ms] [ERROR] Failed to load resource: the server responded with a status of 401 (Unauthorized) @ http://localhost:3001/api/ha-oidc/providers/enabled:0
[   37266ms] [INFO] %cDownload the React DevTools for a better development experience: https://reactjs.org/link/react-devtools font-weight:bold @ http://localhost:3001/node_modules/.vite/deps/react-dom-BEjadErz.js?v=d60f55b8:17230
[   37306ms] [ERROR] Failed to load resource: the server responded with a status of 401 (Unauthorized) @ http://localhost:3001/api/ha-oidc/providers/enabled:0
[   37369ms] [INFO] %cDownload the React DevTools for a better development experience: https://reactjs.org/link/react-devtools font-weight:bold @ http://localhost:3001/node_modules/.vite/deps/react-dom-BEjadErz.js?v=d60f55b8:17230
[   37406ms] [ERROR] Failed to load resource: the server responded with a status of 401 (Unauthorized) @ http://localhost:3001/api/ha-oidc/providers/enabled:0
[   37472ms] [INFO] %cDownload the React DevTools for a better development experience: https://reactjs.org/link/react-devtools font-weight:bold @ http://localhost:3001/node_modules/.vite/deps/react-dom-BEjadErz.js?v=d60f55b8:17230
[   37510ms] [ERROR] Failed to load resource: the server responded with a status of 401 (Unauthorized) @ http://localhost:3001/api/ha-oidc/providers/enabled:0
[   37575ms] [INFO] %cDownload the React DevTools for a better development experience: https://reactjs.org/link/react-devtools font-weight:bold @ http://localhost:3001/node_modules/.vite/deps/react-dom-BEjadErz.js?v=d60f55b8:17230
[   37610ms] [ERROR] Failed to load resource: the server responded with a status of 401 (Unauthorized) @ http://localhost:3001/api/ha-oidc/providers/enabled:0
[   37673ms] [INFO] %cDownload the React DevTools for a better development experience: https://reactjs.org/link/react-devtools font-weight:bold @ http://localhost:3001/node_modules/.vite/deps/react-dom-BEjadErz.js?v=d60f55b8:17230
[   37711ms] [ERROR] Failed to load resource: the server responded with a status of 401 (Unauthorized) @ http://localhost:3001/api/ha-oidc/providers/enabled:0
[   37776ms] [INFO] %cDownload the React DevTools for a better development experience: https://reactjs.org/link/react-devtools font-weight:bold @ http://localhost:3001/node_modules/.vite/deps/react-dom-BEjadErz.js?v=d60f55b8:17230
[   37812ms] [ERROR] Failed to load resource: the server responded with a status of 401 (Unauthorized) @ http://localhost:3001/api/ha-oidc/providers/enabled:0
[   37882ms] [INFO] %cDownload the React DevTools for a better development experience: https://reactjs.org/link/react-devtools font-weight:bold @ http://localhost:3001/node_modules/.vite/deps/react-dom-BEjadErz.js?v=d60f55b8:17230
[   37923ms] [ERROR] Failed to load resource: the server responded with a status of 401 (Unauthorized) @ http://localhost:3001/api/ha-oidc/providers/enabled:0
[   37990ms] [INFO] %cDownload the React DevTools for a better development experience: https://reactjs.org/link/react-devtools font-weight:bold @ http://localhost:3001/node_modules/.vite/deps/react-dom-BEjadErz.js?v=d60f55b8:17230
[   38026ms] [ERROR] Failed to load resource: the server responded with a status of 401 (Unauthorized) @ http://localhost:3001/api/ha-oidc/providers/enabled:0
[   38089ms] [INFO] %cDownload the React DevTools for a better development experience: https://reactjs.org/link/react-devtools font-weight:bold @ http://localhost:3001/node_modules/.vite/deps/react-dom-BEjadErz.js?v=d60f55b8:17230
[   38128ms] [ERROR] Failed to load resource: the server responded with a status of 401 (Unauthorized) @ http://localhost:3001/api/ha-oidc/providers/enabled:0
[   38190ms] [INFO] %cDownload the React DevTools for a better development experience: https://reactjs.org/link/react-devtools font-weight:bold @ http://localhost:3001/node_modules/.vite/deps/react-dom-BEjadErz.js?v=d60f55b8:17230
[   38231ms] [ERROR] Failed to load resource: the server responded with a status of 401 (Unauthorized) @ http://localhost:3001/api/ha-oidc/providers/enabled:0
[   38293ms] [INFO] %cDownload the React DevTools for a better development experience: https://reactjs.org/link/react-devtools font-weight:bold @ http://localhost:3001/node_modules/.vite/deps/react-dom-BEjadErz.js?v=d60f55b8:17230
[   38332ms] [ERROR] Failed to load resource: the server responded with a status of 401 (Unauthorized) @ http://localhost:3001/api/ha-oidc/providers/enabled:0
[   38396ms] [INFO] %cDownload the React DevTools for a better development experience: https://reactjs.org/link/react-devtools font-weight:bold @ http://localhost:3001/node_modules/.vite/deps/react-dom-BEjadErz.js?v=d60f55b8:17230
[   38432ms] [ERROR] Failed to load resource: the server responded with a status of 401 (Unauthorized) @ http://localhost:3001/api/ha-oidc/providers/enabled:0
[   38501ms] [INFO] %cDownload the React DevTools for a better development experience: https://reactjs.org/link/react-devtools font-weight:bold @ http://localhost:3001/node_modules/.vite/deps/react-dom-BEjadErz.js?v=d60f55b8:17230
[   38539ms] [ERROR] Failed to load resource: the server responded with a status of 401 (Unauthorized) @ http://localhost:3001/api/ha-oidc/providers/enabled:0
[   38602ms] [INFO] %cDownload the React DevTools for a better development experience: https://reactjs.org/link/react-devtools font-weight:bold @ http://localhost:3001/node_modules/.vite/deps/react-dom-BEjadErz.js?v=d60f55b8:17230
[   38639ms] [ERROR] Failed to load resource: the server responded with a status of 401 (Unauthorized) @ http://localhost:3001/api/ha-oidc/providers/enabled:0
[   38701ms] [INFO] %cDownload the React DevTools for a better development experience: https://reactjs.org/link/react-devtools font-weight:bold @ http://localhost:3001/node_modules/.vite/deps/react-dom-BEjadErz.js?v=d60f55b8:17230
[   38740ms] [ERROR] Failed to load resource: the server responded with a status of 401 (Unauthorized) @ http://localhost:3001/api/ha-oidc/providers/enabled:0
[   38803ms] [INFO] %cDownload the React DevTools for a better development experience: https://reactjs.org/link/react-devtools font-weight:bold @ http://localhost:3001/node_modules/.vite/deps/react-dom-BEjadErz.js?v=d60f55b8:17230
[   38840ms] [ERROR] Failed to load resource: the server responded with a status of 401 (Unauthorized) @ http://localhost:3001/api/ha-oidc/providers/enabled:0
[   38910ms] [INFO] %cDownload the React DevTools for a better development experience: https://reactjs.org/link/react-devtools font-weight:bold @ http://localhost:3001/node_modules/.vite/deps/react-dom-BEjadErz.js?v=d60f55b8:17230
[   38949ms] [ERROR] Failed to load resource: the server responded with a status of 401 (Unauthorized) @ http://localhost:3001/api/ha-oidc/providers/enabled:0
[   39014ms] [INFO] %cDownload the React DevTools for a better development experience: https://reactjs.org/link/react-devtools font-weight:bold @ http://localhost:3001/node_modules/.vite/deps/react-dom-BEjadErz.js?v=d60f55b8:17230
[   39051ms] [ERROR] Failed to load resource: the server responded with a status of 401 (Unauthorized) @ http://localhost:3001/api/ha-oidc/providers/enabled:0
[   39113ms] [INFO] %cDownload the React DevTools for a better development experience: https://reactjs.org/link/react-devtools font-weight:bold @ http://localhost:3001/node_modules/.vite/deps/react-dom-BEjadErz.js?v=d60f55b8:17230
[   39169ms] [ERROR] Failed to load resource: the server responded with a status of 401 (Unauthorized) @ http://localhost:3001/api/ha-oidc/providers/enabled:0
[   39250ms] [INFO] %cDownload the React DevTools for a better development experience: https://reactjs.org/link/react-devtools font-weight:bold @ http://localhost:3001/node_modules/.vite/deps/react-dom-BEjadErz.js?v=d60f55b8:17230
[   39299ms] [ERROR] Failed to load resource: the server responded with a status of 401 (Unauthorized) @ http://localhost:3001/api/ha-oidc/providers/enabled:0
[   39367ms] [INFO] %cDownload the React DevTools for a better development experience: https://reactjs.org/link/react-devtools font-weight:bold @ http://localhost:3001/node_modules/.vite/deps/react-dom-BEjadErz.js?v=d60f55b8:17230
[   39413ms] [ERROR] Failed to load resource: the server responded with a status of 401 (Unauthorized) @ http://localhost:3001/api/ha-oidc/providers/enabled:0
[   39478ms] [INFO] %cDownload the React DevTools for a better development experience: https://reactjs.org/link/react-devtools font-weight:bold @ http://localhost:3001/node_modules/.vite/deps/react-dom-BEjadErz.js?v=d60f55b8:17230
[   39518ms] [ERROR] Failed to load resource: the server responded with a status of 401 (Unauthorized) @ http://localhost:3001/api/ha-oidc/providers/enabled:0
[   39580ms] [INFO] %cDownload the React DevTools for a better development experience: https://reactjs.org/link/react-devtools font-weight:bold @ http://localhost:3001/node_modules/.vite/deps/react-dom-BEjadErz.js?v=d60f55b8:17230
[   39619ms] [ERROR] Failed to load resource: the server responded with a status of 401 (Unauthorized) @ http://localhost:3001/api/ha-oidc/providers/enabled:0
[   39688ms] [INFO] %cDownload the React DevTools for a better development experience: https://reactjs.org/link/react-devtools font-weight:bold @ http://localhost:3001/node_modules/.vite/deps/react-dom-BEjadErz.js?v=d60f55b8:17230
[   39729ms] [ERROR] Failed to load resource: the server responded with a status of 401 (Unauthorized) @ http://localhost:3001/api/ha-oidc/providers/enabled:0
[   39798ms] [INFO] %cDownload the React DevTools for a better development experience: https://reactjs.org/link/react-devtools font-weight:bold @ http://localhost:3001/node_modules/.vite/deps/react-dom-BEjadErz.js?v=d60f55b8:17230
[   39834ms] [ERROR] Failed to load resource: the server responded with a status of 401 (Unauthorized) @ http://localhost:3001/api/ha-oidc/providers/enabled:0
[   39911ms] [INFO] %cDownload the React DevTools for a better development experience: https://reactjs.org/link/react-devtools font-weight:bold @ http://localhost:3001/node_modules/.vite/deps/react-dom-BEjadErz.js?v=d60f55b8:17230
[   39950ms] [ERROR] Failed to load resource: the server responded with a status of 401 (Unauthorized) @ http://localhost:3001/api/ha-oidc/providers/enabled:0
[   40025ms] [INFO] %cDownload the React DevTools for a better development experience: https://reactjs.org/link/react-devtools font-weight:bold @ http://localhost:3001/node_modules/.vite/deps/react-dom-BEjadErz.js?v=d60f55b8:17230
[   40062ms] [ERROR] Failed to load resource: the server responded with a status of 401 (Unauthorized) @ http://localhost:3001/api/ha-oidc/providers/enabled:0
[   40132ms] [INFO] %cDownload the React DevTools for a better development experience: https://reactjs.org/link/react-devtools font-weight:bold @ http://localhost:3001/node_modules/.vite/deps/react-dom-BEjadErz.js?v=d60f55b8:17230
[   40170ms] [ERROR] Failed to load resource: the server responded with a status of 401 (Unauthorized) @ http://localhost:3001/api/ha-oidc/providers/enabled:0
[   40242ms] [INFO] %cDownload the React DevTools for a better development experience: https://reactjs.org/link/react-devtools font-weight:bold @ http://localhost:3001/node_modules/.vite/deps/react-dom-BEjadErz.js?v=d60f55b8:17230
[   40280ms] [ERROR] Failed to load resource: the server responded with a status of 401 (Unauthorized) @ http://localhost:3001/api/ha-oidc/providers/enabled:0
[   40349ms] [INFO] %cDownload the React DevTools for a better development experience: https://reactjs.org/link/react-devtools font-weight:bold @ http://localhost:3001/node_modules/.vite/deps/react-dom-BEjadErz.js?v=d60f55b8:17230
[   40390ms] [ERROR] Failed to load resource: the server responded with a status of 401 (Unauthorized) @ http://localhost:3001/api/ha-oidc/providers/enabled:0
[   40461ms] [INFO] %cDownload the React DevTools for a better development experience: https://reactjs.org/link/react-devtools font-weight:bold @ http://localhost:3001/node_modules/.vite/deps/react-dom-BEjadErz.js?v=d60f55b8:17230
[   40498ms] [ERROR] Failed to load resource: the server responded with a status of 401 (Unauthorized) @ http://localhost:3001/api/ha-oidc/providers/enabled:0
[   40569ms] [INFO] %cDownload the React DevTools for a better development experience: https://reactjs.org/link/react-devtools font-weight:bold @ http://localhost:3001/node_modules/.vite/deps/react-dom-BEjadErz.js?v=d60f55b8:17230
[   40606ms] [ERROR] Failed to load resource: the server responded with a status of 401 (Unauthorized) @ http://localhost:3001/api/ha-oidc/providers/enabled:0
[   40669ms] [INFO] %cDownload the React DevTools for a better development experience: https://reactjs.org/link/react-devtools font-weight:bold @ http://localhost:3001/node_modules/.vite/deps/react-dom-BEjadErz.js?v=d60f55b8:17230
[   40703ms] [ERROR] Failed to load resource: the server responded with a status of 401 (Unauthorized) @ http://localhost:3001/api/ha-oidc/providers/enabled:0
[   40767ms] [INFO] %cDownload the React DevTools for a better development experience: https://reactjs.org/link/react-devtools font-weight:bold @ http://localhost:3001/node_modules/.vite/deps/react-dom-BEjadErz.js?v=d60f55b8:17230
[   40809ms] [ERROR] Failed to load resource: the server responded with a status of 401 (Unauthorized) @ http://localhost:3001/api/ha-oidc/providers/enabled:0
[   40881ms] [INFO] %cDownload the React DevTools for a better development experience: https://reactjs.org/link/react-devtools font-weight:bold @ http://localhost:3001/node_modules/.vite/deps/react-dom-BEjadErz.js?v=d60f55b8:17230
[   40925ms] [ERROR] Failed to load resource: the server responded with a status of 401 (Unauthorized) @ http://localhost:3001/api/ha-oidc/providers/enabled:0
[   40988ms] [INFO] %cDownload the React DevTools for a better development experience: https://reactjs.org/link/react-devtools font-weight:bold @ http://localhost:3001/node_modules/.vite/deps/react-dom-BEjadErz.js?v=d60f55b8:17230
[   41028ms] [ERROR] Failed to load resource: the server responded with a status of 401 (Unauthorized) @ http://localhost:3001/api/ha-oidc/providers/enabled:0
[   41096ms] [INFO] %cDownload the React DevTools for a better development experience: https://reactjs.org/link/react-devtools font-weight:bold @ http://localhost:3001/node_modules/.vite/deps/react-dom-BEjadErz.js?v=d60f55b8:17230
[   41135ms] [ERROR] Failed to load resource: the server responded with a status of 401 (Unauthorized) @ http://localhost:3001/api/ha-oidc/providers/enabled:0
[   41198ms] [INFO] %cDownload the React DevTools for a better development experience: https://reactjs.org/link/react-devtools font-weight:bold @ http://localhost:3001/node_modules/.vite/deps/react-dom-BEjadErz.js?v=d60f55b8:17230
[   41242ms] [ERROR] Failed to load resource: the server responded with a status of 401 (Unauthorized) @ http://localhost:3001/api/ha-oidc/providers/enabled:0
[   41304ms] [INFO] %cDownload the React DevTools for a better development experience: https://reactjs.org/link/react-devtools font-weight:bold @ http://localhost:3001/node_modules/.vite/deps/react-dom-BEjadErz.js?v=d60f55b8:17230
[   41342ms] [ERROR] Failed to load resource: the server responded with a status of 401 (Unauthorized) @ http://localhost:3001/api/ha-oidc/providers/enabled:0
[   41404ms] [INFO] %cDownload the React DevTools for a better development experience: https://reactjs.org/link/react-devtools font-weight:bold @ http://localhost:3001/node_modules/.vite/deps/react-dom-BEjadErz.js?v=d60f55b8:17230
[   41452ms] [ERROR] Failed to load resource: the server responded with a status of 401 (Unauthorized) @ http://localhost:3001/api/ha-oidc/providers/enabled:0
[   41514ms] [INFO] %cDownload the React DevTools for a better development experience: https://reactjs.org/link/react-devtools font-weight:bold @ http://localhost:3001/node_modules/.vite/deps/react-dom-BEjadErz.js?v=d60f55b8:17230
[   41550ms] [ERROR] Failed to load resource: the server responded with a status of 401 (Unauthorized) @ http://localhost:3001/api/ha-oidc/providers/enabled:0
[   41613ms] [INFO] %cDownload the React DevTools for a better development experience: https://reactjs.org/link/react-devtools font-weight:bold @ http://localhost:3001/node_modules/.vite/deps/react-dom-BEjadErz.js?v=d60f55b8:17230
[   41652ms] [ERROR] Failed to load resource: the server responded with a status of 401 (Unauthorized) @ http://localhost:3001/api/ha-oidc/providers/enabled:0
[   41726ms] [INFO] %cDownload the React DevTools for a better development experience: https://reactjs.org/link/react-devtools font-weight:bold @ http://localhost:3001/node_modules/.vite/deps/react-dom-BEjadErz.js?v=d60f55b8:17230
[   41769ms] [ERROR] Failed to load resource: the server responded with a status of 401 (Unauthorized) @ http://localhost:3001/api/ha-oidc/providers/enabled:0
[   41835ms] [INFO] %cDownload the React DevTools for a better development experience: https://reactjs.org/link/react-devtools font-weight:bold @ http://localhost:3001/node_modules/.vite/deps/react-dom-BEjadErz.js?v=d60f55b8:17230
[   41879ms] [ERROR] Failed to load resource: the server responded with a status of 401 (Unauthorized) @ http://localhost:3001/api/ha-oidc/providers/enabled:0
[   41944ms] [INFO] %cDownload the React DevTools for a better development experience: https://reactjs.org/link/react-devtools font-weight:bold @ http://localhost:3001/node_modules/.vite/deps/react-dom-BEjadErz.js?v=d60f55b8:17230
[   41982ms] [ERROR] Failed to load resource: the server responded with a status of 401 (Unauthorized) @ http://localhost:3001/api/ha-oidc/providers/enabled:0
[   42045ms] [INFO] %cDownload the React DevTools for a better development experience: https://reactjs.org/link/react-devtools font-weight:bold @ http://localhost:3001/node_modules/.vite/deps/react-dom-BEjadErz.js?v=d60f55b8:17230
[   42086ms] [ERROR] Failed to load resource: the server responded with a status of 401 (Unauthorized) @ http://localhost:3001/api/ha-oidc/providers/enabled:0
[   42150ms] [INFO] %cDownload the React DevTools for a better development experience: https://reactjs.org/link/react-devtools font-weight:bold @ http://localhost:3001/node_modules/.vite/deps/react-dom-BEjadErz.js?v=d60f55b8:17230
[   42186ms] [ERROR] Failed to load resource: the server responded with a status of 401 (Unauthorized) @ http://localhost:3001/api/ha-oidc/providers/enabled:0
[   42248ms] [INFO] %cDownload the React DevTools for a better development experience: https://reactjs.org/link/react-devtools font-weight:bold @ http://localhost:3001/node_modules/.vite/deps/react-dom-BEjadErz.js?v=d60f55b8:17230
[   42290ms] [ERROR] Failed to load resource: the server responded with a status of 401 (Unauthorized) @ http://localhost:3001/api/ha-oidc/providers/enabled:0
[   42352ms] [INFO] %cDownload the React DevTools for a better development experience: https://reactjs.org/link/react-devtools font-weight:bold @ http://localhost:3001/node_modules/.vite/deps/react-dom-BEjadErz.js?v=d60f55b8:17230
[   42396ms] [ERROR] Failed to load resource: the server responded with a status of 401 (Unauthorized) @ http://localhost:3001/api/ha-oidc/providers/enabled:0
[   42475ms] [INFO] %cDownload the React DevTools for a better development experience: https://reactjs.org/link/react-devtools font-weight:bold @ http://localhost:3001/node_modules/.vite/deps/react-dom-BEjadErz.js?v=d60f55b8:17230
[   42520ms] [ERROR] Failed to load resource: the server responded with a status of 401 (Unauthorized) @ http://localhost:3001/api/ha-oidc/providers/enabled:0
[   42589ms] [INFO] %cDownload the React DevTools for a better development experience: https://reactjs.org/link/react-devtools font-weight:bold @ http://localhost:3001/node_modules/.vite/deps/react-dom-BEjadErz.js?v=d60f55b8:17230
[   42626ms] [ERROR] Failed to load resource: the server responded with a status of 401 (Unauthorized) @ http://localhost:3001/api/ha-oidc/providers/enabled:0
[   42722ms] [INFO] %cDownload the React DevTools for a better development experience: https://reactjs.org/link/react-devtools font-weight:bold @ http://localhost:3001/node_modules/.vite/deps/react-dom-BEjadErz.js?v=d60f55b8:17230
[   42762ms] [ERROR] Failed to load resource: the server responded with a status of 401 (Unauthorized) @ http://localhost:3001/api/ha-oidc/providers/enabled:0
[   42848ms] [INFO] %cDownload the React DevTools for a better development experience: https://reactjs.org/link/react-devtools font-weight:bold @ http://localhost:3001/node_modules/.vite/deps/react-dom-BEjadErz.js?v=d60f55b8:17230
[   42891ms] [ERROR] Failed to load resource: the server responded with a status of 401 (Unauthorized) @ http://localhost:3001/api/ha-oidc/providers/enabled:0
[   42957ms] [INFO] %cDownload the React DevTools for a better development experience: https://reactjs.org/link/react-devtools font-weight:bold @ http://localhost:3001/node_modules/.vite/deps/react-dom-BEjadErz.js?v=d60f55b8:17230
[   43005ms] [ERROR] Failed to load resource: the server responded with a status of 401 (Unauthorized) @ http://localhost:3001/api/ha-oidc/providers/enabled:0
[   43071ms] [INFO] %cDownload the React DevTools for a better development experience: https://reactjs.org/link/react-devtools font-weight:bold @ http://localhost:3001/node_modules/.vite/deps/react-dom-BEjadErz.js?v=d60f55b8:17230
[   43110ms] [ERROR] Failed to load resource: the server responded with a status of 401 (Unauthorized) @ http://localhost:3001/api/ha-oidc/providers/enabled:0
[   43173ms] [INFO] %cDownload the React DevTools for a better development experience: https://reactjs.org/link/react-devtools font-weight:bold @ http://localhost:3001/node_modules/.vite/deps/react-dom-BEjadErz.js?v=d60f55b8:17230
[   43210ms] [ERROR] Failed to load resource: the server responded with a status of 401 (Unauthorized) @ http://localhost:3001/api/ha-oidc/providers/enabled:0
[   43271ms] [INFO] %cDownload the React DevTools for a better development experience: https://reactjs.org/link/react-devtools font-weight:bold @ http://localhost:3001/node_modules/.vite/deps/react-dom-BEjadErz.js?v=d60f55b8:17230
[   43311ms] [ERROR] Failed to load resource: the server responded with a status of 401 (Unauthorized) @ http://localhost:3001/api/ha-oidc/providers/enabled:0
[   43374ms] [INFO] %cDownload the React DevTools for a better development experience: https://reactjs.org/link/react-devtools font-weight:bold @ http://localhost:3001/node_modules/.vite/deps/react-dom-BEjadErz.js?v=d60f55b8:17230
[   43410ms] [ERROR] Failed to load resource: the server responded with a status of 401 (Unauthorized) @ http://localhost:3001/api/ha-oidc/providers/enabled:0
[   43473ms] [INFO] %cDownload the React DevTools for a better development experience: https://reactjs.org/link/react-devtools font-weight:bold @ http://localhost:3001/node_modules/.vite/deps/react-dom-BEjadErz.js?v=d60f55b8:17230
[   43512ms] [ERROR] Failed to load resource: the server responded with a status of 401 (Unauthorized) @ http://localhost:3001/api/ha-oidc/providers/enabled:0
[   43575ms] [INFO] %cDownload the React DevTools for a better development experience: https://reactjs.org/link/react-devtools font-weight:bold @ http://localhost:3001/node_modules/.vite/deps/react-dom-BEjadErz.js?v=d60f55b8:17230
[   43618ms] [ERROR] Failed to load resource: the server responded with a status of 401 (Unauthorized) @ http://localhost:3001/api/ha-oidc/providers/enabled:0
[   43684ms] [INFO] %cDownload the React DevTools for a better development experience: https://reactjs.org/link/react-devtools font-weight:bold @ http://localhost:3001/node_modules/.vite/deps/react-dom-BEjadErz.js?v=d60f55b8:17230
[   43723ms] [ERROR] Failed to load resource: the server responded with a status of 401 (Unauthorized) @ http://localhost:3001/api/ha-oidc/providers/enabled:0
[   43788ms] [INFO] %cDownload the React DevTools for a better development experience: https://reactjs.org/link/react-devtools font-weight:bold @ http://localhost:3001/node_modules/.vite/deps/react-dom-BEjadErz.js?v=d60f55b8:17230
[   43824ms] [ERROR] Failed to load resource: the server responded with a status of 401 (Unauthorized) @ http://localhost:3001/api/ha-oidc/providers/enabled:0
[   43889ms] [INFO] %cDownload the React DevTools for a better development experience: https://reactjs.org/link/react-devtools font-weight:bold @ http://localhost:3001/node_modules/.vite/deps/react-dom-BEjadErz.js?v=d60f55b8:17230
[   43928ms] [ERROR] Failed to load resource: the server responded with a status of 401 (Unauthorized) @ http://localhost:3001/api/ha-oidc/providers/enabled:0
[   43990ms] [INFO] %cDownload the React DevTools for a better development experience: https://reactjs.org/link/react-devtools font-weight:bold @ http://localhost:3001/node_modules/.vite/deps/react-dom-BEjadErz.js?v=d60f55b8:17230
[   44027ms] [ERROR] Failed to load resource: the server responded with a status of 401 (Unauthorized) @ http://localhost:3001/api/ha-oidc/providers/enabled:0
[   44090ms] [INFO] %cDownload the React DevTools for a better development experience: https://reactjs.org/link/react-devtools font-weight:bold @ http://localhost:3001/node_modules/.vite/deps/react-dom-BEjadErz.js?v=d60f55b8:17230
[   44130ms] [ERROR] Failed to load resource: the server responded with a status of 401 (Unauthorized) @ http://localhost:3001/api/ha-oidc/providers/enabled:0
[   44197ms] [INFO] %cDownload the React DevTools for a better development experience: https://reactjs.org/link/react-devtools font-weight:bold @ http://localhost:3001/node_modules/.vite/deps/react-dom-BEjadErz.js?v=d60f55b8:17230
[   44234ms] [ERROR] Failed to load resource: the server responded with a status of 401 (Unauthorized) @ http://localhost:3001/api/ha-oidc/providers/enabled:0
[   44297ms] [INFO] %cDownload the React DevTools for a better development experience: https://reactjs.org/link/react-devtools font-weight:bold @ http://localhost:3001/node_modules/.vite/deps/react-dom-BEjadErz.js?v=d60f55b8:17230
[   44335ms] [ERROR] Failed to load resource: the server responded with a status of 401 (Unauthorized) @ http://localhost:3001/api/ha-oidc/providers/enabled:0
[   44399ms] [INFO] %cDownload the React DevTools for a better development experience: https://reactjs.org/link/react-devtools font-weight:bold @ http://localhost:3001/node_modules/.vite/deps/react-dom-BEjadErz.js?v=d60f55b8:17230
[   44435ms] [ERROR] Failed to load resource: the server responded with a status of 401 (Unauthorized) @ http://localhost:3001/api/ha-oidc/providers/enabled:0
[   44498ms] [INFO] %cDownload the React DevTools for a better development experience: https://reactjs.org/link/react-devtools font-weight:bold @ http://localhost:3001/node_modules/.vite/deps/react-dom-BEjadErz.js?v=d60f55b8:17230
[   44538ms] [ERROR] Failed to load resource: the server responded with a status of 401 (Unauthorized) @ http://localhost:3001/api/ha-oidc/providers/enabled:0
[   44601ms] [INFO] %cDownload the React DevTools for a better development experience: https://reactjs.org/link/react-devtools font-weight:bold @ http://localhost:3001/node_modules/.vite/deps/react-dom-BEjadErz.js?v=d60f55b8:17230
[   44644ms] [ERROR] Failed to load resource: the server responded with a status of 401 (Unauthorized) @ http://localhost:3001/api/ha-oidc/providers/enabled:0
[   44711ms] [INFO] %cDownload the React DevTools for a better development experience: https://reactjs.org/link/react-devtools font-weight:bold @ http://localhost:3001/node_modules/.vite/deps/react-dom-BEjadErz.js?v=d60f55b8:17230
[   44749ms] [ERROR] Failed to load resource: the server responded with a status of 401 (Unauthorized) @ http://localhost:3001/api/ha-oidc/providers/enabled:0
[   44812ms] [INFO] %cDownload the React DevTools for a better development experience: https://reactjs.org/link/react-devtools font-weight:bold @ http://localhost:3001/node_modules/.vite/deps/react-dom-BEjadErz.js?v=d60f55b8:17230
[   44849ms] [ERROR] Failed to load resource: the server responded with a status of 401 (Unauthorized) @ http://localhost:3001/api/ha-oidc/providers/enabled:0
[   44921ms] [INFO] %cDownload the React DevTools for a better development experience: https://reactjs.org/link/react-devtools font-weight:bold @ http://localhost:3001/node_modules/.vite/deps/react-dom-BEjadErz.js?v=d60f55b8:17230
[   44959ms] [ERROR] Failed to load resource: the server responded with a status of 401 (Unauthorized) @ http://localhost:3001/api/ha-oidc/providers/enabled:0
[   45023ms] [INFO] %cDownload the React DevTools for a better development experience: https://reactjs.org/link/react-devtools font-weight:bold @ http://localhost:3001/node_modules/.vite/deps/react-dom-BEjadErz.js?v=d60f55b8:17230
[   45059ms] [ERROR] Failed to load resource: the server responded with a status of 401 (Unauthorized) @ http://localhost:3001/api/ha-oidc/providers/enabled:0
[   45124ms] [INFO] %cDownload the React DevTools for a better development experience: https://reactjs.org/link/react-devtools font-weight:bold @ http://localhost:3001/node_modules/.vite/deps/react-dom-BEjadErz.js?v=d60f55b8:17230
[   45163ms] [ERROR] Failed to load resource: the server responded with a status of 401 (Unauthorized) @ http://localhost:3001/api/ha-oidc/providers/enabled:0
[   45228ms] [INFO] %cDownload the React DevTools for a better development experience: https://reactjs.org/link/react-devtools font-weight:bold @ http://localhost:3001/node_modules/.vite/deps/react-dom-BEjadErz.js?v=d60f55b8:17230
[   45265ms] [ERROR] Failed to load resource: the server responded with a status of 401 (Unauthorized) @ http://localhost:3001/api/ha-oidc/providers/enabled:0
[   45328ms] [INFO] %cDownload the React DevTools for a better development experience: https://reactjs.org/link/react-devtools font-weight:bold @ http://localhost:3001/node_modules/.vite/deps/react-dom-BEjadErz.js?v=d60f55b8:17230
[   45368ms] [ERROR] Failed to load resource: the server responded with a status of 401 (Unauthorized) @ http://localhost:3001/api/ha-oidc/providers/enabled:0
[   45432ms] [INFO] %cDownload the React DevTools for a better development experience: https://reactjs.org/link/react-devtools font-weight:bold @ http://localhost:3001/node_modules/.vite/deps/react-dom-BEjadErz.js?v=d60f55b8:17230
[   45468ms] [ERROR] Failed to load resource: the server responded with a status of 401 (Unauthorized) @ http://localhost:3001/api/ha-oidc/providers/enabled:0
[   45530ms] [INFO] %cDownload the React DevTools for a better development experience: https://reactjs.org/link/react-devtools font-weight:bold @ http://localhost:3001/node_modules/.vite/deps/react-dom-BEjadErz.js?v=d60f55b8:17230
[   45570ms] [ERROR] Failed to load resource: the server responded with a status of 401 (Unauthorized) @ http://localhost:3001/api/ha-oidc/providers/enabled:0
[   45632ms] [INFO] %cDownload the React DevTools for a better development experience: https://reactjs.org/link/react-devtools font-weight:bold @ http://localhost:3001/node_modules/.vite/deps/react-dom-BEjadErz.js?v=d60f55b8:17230
[   45675ms] [ERROR] Failed to load resource: the server responded with a status of 401 (Unauthorized) @ http://localhost:3001/api/ha-oidc/providers/enabled:0
[   45740ms] [INFO] %cDownload the React DevTools for a better development experience: https://reactjs.org/link/react-devtools font-weight:bold @ http://localhost:3001/node_modules/.vite/deps/react-dom-BEjadErz.js?v=d60f55b8:17230
[   45779ms] [ERROR] Failed to load resource: the server responded with a status of 401 (Unauthorized) @ http://localhost:3001/api/ha-oidc/providers/enabled:0
[   45841ms] [INFO] %cDownload the React DevTools for a better development experience: https://reactjs.org/link/react-devtools font-weight:bold @ http://localhost:3001/node_modules/.vite/deps/react-dom-BEjadErz.js?v=d60f55b8:17230
[   45876ms] [ERROR] Failed to load resource: the server responded with a status of 401 (Unauthorized) @ http://localhost:3001/api/ha-oidc/providers/enabled:0
[   45937ms] [INFO] %cDownload the React DevTools for a better development experience: https://reactjs.org/link/react-devtools font-weight:bold @ http://localhost:3001/node_modules/.vite/deps/react-dom-BEjadErz.js?v=d60f55b8:17230
[   45975ms] [ERROR] Failed to load resource: the server responded with a status of 401 (Unauthorized) @ http://localhost:3001/api/ha-oidc/providers/enabled:0
[   46044ms] [INFO] %cDownload the React DevTools for a better development experience: https://reactjs.org/link/react-devtools font-weight:bold @ http://localhost:3001/node_modules/.vite/deps/react-dom-BEjadErz.js?v=d60f55b8:17230
[   46080ms] [ERROR] Failed to load resource: the server responded with a status of 401 (Unauthorized) @ http://localhost:3001/api/ha-oidc/providers/enabled:0
[   46144ms] [INFO] %cDownload the React DevTools for a better development experience: https://reactjs.org/link/react-devtools font-weight:bold @ http://localhost:3001/node_modules/.vite/deps/react-dom-BEjadErz.js?v=d60f55b8:17230
[   46183ms] [ERROR] Failed to load resource: the server responded with a status of 401 (Unauthorized) @ http://localhost:3001/api/ha-oidc/providers/enabled:0
[   46251ms] [INFO] %cDownload the React DevTools for a better development experience: https://reactjs.org/link/react-devtools font-weight:bold @ http://localhost:3001/node_modules/.vite/deps/react-dom-BEjadErz.js?v=d60f55b8:17230
[   46290ms] [ERROR] Failed to load resource: the server responded with a status of 401 (Unauthorized) @ http://localhost:3001/api/ha-oidc/providers/enabled:0
[   46356ms] [INFO] %cDownload the React DevTools for a better development experience: https://reactjs.org/link/react-devtools font-weight:bold @ http://localhost:3001/node_modules/.vite/deps/react-dom-BEjadErz.js?v=d60f55b8:17230
[   46396ms] [ERROR] Failed to load resource: the server responded with a status of 401 (Unauthorized) @ http://localhost:3001/api/ha-oidc/providers/enabled:0
[   46482ms] [INFO] %cDownload the React DevTools for a better development experience: https://reactjs.org/link/react-devtools font-weight:bold @ http://localhost:3001/node_modules/.vite/deps/react-dom-BEjadErz.js?v=d60f55b8:17230
[   46527ms] [ERROR] Failed to load resource: the server responded with a status of 401 (Unauthorized) @ http://localhost:3001/api/ha-oidc/providers/enabled:0
[   46591ms] [INFO] %cDownload the React DevTools for a better development experience: https://reactjs.org/link/react-devtools font-weight:bold @ http://localhost:3001/node_modules/.vite/deps/react-dom-BEjadErz.js?v=d60f55b8:17230
[   46639ms] [ERROR] Failed to load resource: the server responded with a status of 401 (Unauthorized) @ http://localhost:3001/api/ha-oidc/providers/enabled:0
[   46705ms] [INFO] %cDownload the React DevTools for a better development experience: https://reactjs.org/link/react-devtools font-weight:bold @ http://localhost:3001/node_modules/.vite/deps/react-dom-BEjadErz.js?v=d60f55b8:17230
[   46753ms] [ERROR] Failed to load resource: the server responded with a status of 401 (Unauthorized) @ http://localhost:3001/api/ha-oidc/providers/enabled:0
[   46814ms] [INFO] %cDownload the React DevTools for a better development experience: https://reactjs.org/link/react-devtools font-weight:bold @ http://localhost:3001/node_modules/.vite/deps/react-dom-BEjadErz.js?v=d60f55b8:17230
[   46851ms] [ERROR] Failed to load resource: the server responded with a status of 401 (Unauthorized) @ http://localhost:3001/api/ha-oidc/providers/enabled:0
[   46912ms] [INFO] %cDownload the React DevTools for a better development experience: https://reactjs.org/link/react-devtools font-weight:bold @ http://localhost:3001/node_modules/.vite/deps/react-dom-BEjadErz.js?v=d60f55b8:17230
[   46954ms] [ERROR] Failed to load resource: the server responded with a status of 401 (Unauthorized) @ http://localhost:3001/api/ha-oidc/providers/enabled:0
[   47017ms] [INFO] %cDownload the React DevTools for a better development experience: https://reactjs.org/link/react-devtools font-weight:bold @ http://localhost:3001/node_modules/.vite/deps/react-dom-BEjadErz.js?v=d60f55b8:17230
[   47054ms] [ERROR] Failed to load resource: the server responded with a status of 401 (Unauthorized) @ http://localhost:3001/api/ha-oidc/providers/enabled:0
[   47122ms] [INFO] %cDownload the React DevTools for a better development experience: https://reactjs.org/link/react-devtools font-weight:bold @ http://localhost:3001/node_modules/.vite/deps/react-dom-BEjadErz.js?v=d60f55b8:17230
[   47161ms] [ERROR] Failed to load resource: the server responded with a status of 401 (Unauthorized) @ http://localhost:3001/api/ha-oidc/providers/enabled:0
[   47224ms] [INFO] %cDownload the React DevTools for a better development experience: https://reactjs.org/link/react-devtools font-weight:bold @ http://localhost:3001/node_modules/.vite/deps/react-dom-BEjadErz.js?v=d60f55b8:17230
[   47260ms] [ERROR] Failed to load resource: the server responded with a status of 401 (Unauthorized) @ http://localhost:3001/api/ha-oidc/providers/enabled:0
[   47324ms] [INFO] %cDownload the React DevTools for a better development experience: https://reactjs.org/link/react-devtools font-weight:bold @ http://localhost:3001/node_modules/.vite/deps/react-dom-BEjadErz.js?v=d60f55b8:17230
[   47364ms] [ERROR] Failed to load resource: the server responded with a status of 401 (Unauthorized) @ http://localhost:3001/api/ha-oidc/providers/enabled:0
[   47428ms] [INFO] %cDownload the React DevTools for a better development experience: https://reactjs.org/link/react-devtools font-weight:bold @ http://localhost:3001/node_modules/.vite/deps/react-dom-BEjadErz.js?v=d60f55b8:17230
[   47465ms] [ERROR] Failed to load resource: the server responded with a status of 401 (Unauthorized) @ http://localhost:3001/api/ha-oidc/providers/enabled:0
[   47528ms] [INFO] %cDownload the React DevTools for a better development experience: https://reactjs.org/link/react-devtools font-weight:bold @ http://localhost:3001/node_modules/.vite/deps/react-dom-BEjadErz.js?v=d60f55b8:17230
[   47569ms] [ERROR] Failed to load resource: the server responded with a status of 401 (Unauthorized) @ http://localhost:3001/api/ha-oidc/providers/enabled:0
[   47631ms] [INFO] %cDownload the React DevTools for a better development experience: https://reactjs.org/link/react-devtools font-weight:bold @ http://localhost:3001/node_modules/.vite/deps/react-dom-BEjadErz.js?v=d60f55b8:17230
[   47669ms] [ERROR] Failed to load resource: the server responded with a status of 401 (Unauthorized) @ http://localhost:3001/api/ha-oidc/providers/enabled:0
[   47732ms] [INFO] %cDownload the React DevTools for a better development experience: https://reactjs.org/link/react-devtools font-weight:bold @ http://localhost:3001/node_modules/.vite/deps/react-dom-BEjadErz.js?v=d60f55b8:17230
[   47779ms] [ERROR] Failed to load resource: the server responded with a status of 401 (Unauthorized) @ http://localhost:3001/api/ha-oidc/providers/enabled:0
[   47842ms] [INFO] %cDownload the React DevTools for a better development experience: https://reactjs.org/link/react-devtools font-weight:bold @ http://localhost:3001/node_modules/.vite/deps/react-dom-BEjadErz.js?v=d60f55b8:17230
[   47878ms] [ERROR] Failed to load resource: the server responded with a status of 401 (Unauthorized) @ http://localhost:3001/api/ha-oidc/providers/enabled:0
[   47944ms] [INFO] %cDownload the React DevTools for a better development experience: https://reactjs.org/link/react-devtools font-weight:bold @ http://localhost:3001/node_modules/.vite/deps/react-dom-BEjadErz.js?v=d60f55b8:17230
[   47982ms] [ERROR] Failed to load resource: the server responded with a status of 401 (Unauthorized) @ http://localhost:3001/api/ha-oidc/providers/enabled:0
[   48049ms] [INFO] %cDownload the React DevTools for a better development experience: https://reactjs.org/link/react-devtools font-weight:bold @ http://localhost:3001/node_modules/.vite/deps/react-dom-BEjadErz.js?v=d60f55b8:17230
[   48085ms] [ERROR] Failed to load resource: the server responded with a status of 401 (Unauthorized) @ http://localhost:3001/api/ha-oidc/providers/enabled:0
[   48153ms] [INFO] %cDownload the React DevTools for a better development experience: https://reactjs.org/link/react-devtools font-weight:bold @ http://localhost:3001/node_modules/.vite/deps/react-dom-BEjadErz.js?v=d60f55b8:17230
[   48195ms] [ERROR] Failed to load resource: the server responded with a status of 401 (Unauthorized) @ http://localhost:3001/api/ha-oidc/providers/enabled:0
[   48262ms] [INFO] %cDownload the React DevTools for a better development experience: https://reactjs.org/link/react-devtools font-weight:bold @ http://localhost:3001/node_modules/.vite/deps/react-dom-BEjadErz.js?v=d60f55b8:17230
[   48296ms] [ERROR] Failed to load resource: the server responded with a status of 401 (Unauthorized) @ http://localhost:3001/api/ha-oidc/providers/enabled:0
[   48367ms] [INFO] %cDownload the React DevTools for a better development experience: https://reactjs.org/link/react-devtools font-weight:bold @ http://localhost:3001/node_modules/.vite/deps/react-dom-BEjadErz.js?v=d60f55b8:17230
[   48406ms] [ERROR] Failed to load resource: the server responded with a status of 401 (Unauthorized) @ http://localhost:3001/api/ha-oidc/providers/enabled:0
[   48492ms] [INFO] %cDownload the React DevTools for a better development experience: https://reactjs.org/link/react-devtools font-weight:bold @ http://localhost:3001/node_modules/.vite/deps/react-dom-BEjadErz.js?v=d60f55b8:17230
[   48530ms] [ERROR] Failed to load resource: the server responded with a status of 401 (Unauthorized) @ http://localhost:3001/api/ha-oidc/providers/enabled:0
[   48597ms] [INFO] %cDownload the React DevTools for a better development experience: https://reactjs.org/link/react-devtools font-weight:bold @ http://localhost:3001/node_modules/.vite/deps/react-dom-BEjadErz.js?v=d60f55b8:17230
[   48638ms] [ERROR] Failed to load resource: the server responded with a status of 401 (Unauthorized) @ http://localhost:3001/api/ha-oidc/providers/enabled:0
[   48704ms] [INFO] %cDownload the React DevTools for a better development experience: https://reactjs.org/link/react-devtools font-weight:bold @ http://localhost:3001/node_modules/.vite/deps/react-dom-BEjadErz.js?v=d60f55b8:17230
[   48741ms] [ERROR] Failed to load resource: the server responded with a status of 401 (Unauthorized) @ http://localhost:3001/api/ha-oidc/providers/enabled:0
[   48812ms] [INFO] %cDownload the React DevTools for a better development experience: https://reactjs.org/link/react-devtools font-weight:bold @ http://localhost:3001/node_modules/.vite/deps/react-dom-BEjadErz.js?v=d60f55b8:17230
[   48851ms] [ERROR] Failed to load resource: the server responded with a status of 401 (Unauthorized) @ http://localhost:3001/api/ha-oidc/providers/enabled:0
[   48914ms] [INFO] %cDownload the React DevTools for a better development experience: https://reactjs.org/link/react-devtools font-weight:bold @ http://localhost:3001/node_modules/.vite/deps/react-dom-BEjadErz.js?v=d60f55b8:17230
[   48953ms] [ERROR] Failed to load resource: the server responded with a status of 401 (Unauthorized) @ http://localhost:3001/api/ha-oidc/providers/enabled:0
[   49031ms] [INFO] %cDownload the React DevTools for a better development experience: https://reactjs.org/link/react-devtools font-weight:bold @ http://localhost:3001/node_modules/.vite/deps/react-dom-BEjadErz.js?v=d60f55b8:17230
[   49067ms] [ERROR] Failed to load resource: the server responded with a status of 401 (Unauthorized) @ http://localhost:3001/api/ha-oidc/providers/enabled:0
[   49131ms] [INFO] %cDownload the React DevTools for a better development experience: https://reactjs.org/link/react-devtools font-weight:bold @ http://localhost:3001/node_modules/.vite/deps/react-dom-BEjadErz.js?v=d60f55b8:17230
[   49164ms] [ERROR] Failed to load resource: the server responded with a status of 401 (Unauthorized) @ http://localhost:3001/api/ha-oidc/providers/enabled:0
[   49237ms] [INFO] %cDownload the React DevTools for a better development experience: https://reactjs.org/link/react-devtools font-weight:bold @ http://localhost:3001/node_modules/.vite/deps/react-dom-BEjadErz.js?v=d60f55b8:17230
[   49284ms] [ERROR] Failed to load resource: the server responded with a status of 401 (Unauthorized) @ http://localhost:3001/api/ha-oidc/providers/enabled:0
[   49349ms] [INFO] %cDownload the React DevTools for a better development experience: https://reactjs.org/link/react-devtools font-weight:bold @ http://localhost:3001/node_modules/.vite/deps/react-dom-BEjadErz.js?v=d60f55b8:17230
[   49385ms] [ERROR] Failed to load resource: the server responded with a status of 401 (Unauthorized) @ http://localhost:3001/api/ha-oidc/providers/enabled:0
[   49449ms] [INFO] %cDownload the React DevTools for a better development experience: https://reactjs.org/link/react-devtools font-weight:bold @ http://localhost:3001/node_modules/.vite/deps/react-dom-BEjadErz.js?v=d60f55b8:17230
[   49488ms] [ERROR] Failed to load resource: the server responded with a status of 401 (Unauthorized) @ http://localhost:3001/api/ha-oidc/providers/enabled:0
[   49553ms] [INFO] %cDownload the React DevTools for a better development experience: https://reactjs.org/link/react-devtools font-weight:bold @ http://localhost:3001/node_modules/.vite/deps/react-dom-BEjadErz.js?v=d60f55b8:17230
[   49592ms] [ERROR] Failed to load resource: the server responded with a status of 401 (Unauthorized) @ http://localhost:3001/api/ha-oidc/providers/enabled:0
[   49654ms] [INFO] %cDownload the React DevTools for a better development experience: https://reactjs.org/link/react-devtools font-weight:bold @ http://localhost:3001/node_modules/.vite/deps/react-dom-BEjadErz.js?v=d60f55b8:17230
[   49693ms] [ERROR] Failed to load resource: the server responded with a status of 401 (Unauthorized) @ http://localhost:3001/api/ha-oidc/providers/enabled:0
[   49775ms] [INFO] %cDownload the React DevTools for a better development experience: https://reactjs.org/link/react-devtools font-weight:bold @ http://localhost:3001/node_modules/.vite/deps/react-dom-BEjadErz.js?v=d60f55b8:17230
[   49821ms] [ERROR] Failed to load resource: the server responded with a status of 401 (Unauthorized) @ http://localhost:3001/api/ha-oidc/providers/enabled:0
[   49888ms] [INFO] %cDownload the React DevTools for a better development experience: https://reactjs.org/link/react-devtools font-weight:bold @ http://localhost:3001/node_modules/.vite/deps/react-dom-BEjadErz.js?v=d60f55b8:17230
[   49942ms] [ERROR] Failed to load resource: the server responded with a status of 401 (Unauthorized) @ http://localhost:3001/api/ha-oidc/providers/enabled:0
[   50008ms] [INFO] %cDownload the React DevTools for a better development experience: https://reactjs.org/link/react-devtools font-weight:bold @ http://localhost:3001/node_modules/.vite/deps/react-dom-BEjadErz.js?v=d60f55b8:17230
[   50044ms] [ERROR] Failed to load resource: the server responded with a status of 401 (Unauthorized) @ http://localhost:3001/api/ha-oidc/providers/enabled:0
[   50108ms] [INFO] %cDownload the React DevTools for a better development experience: https://reactjs.org/link/react-devtools font-weight:bold @ http://localhost:3001/node_modules/.vite/deps/react-dom-BEjadErz.js?v=d60f55b8:17230
[   50146ms] [ERROR] Failed to load resource: the server responded with a status of 401 (Unauthorized) @ http://localhost:3001/api/ha-oidc/providers/enabled:0
[   50209ms] [INFO] %cDownload the React DevTools for a better development experience: https://reactjs.org/link/react-devtools font-weight:bold @ http://localhost:3001/node_modules/.vite/deps/react-dom-BEjadErz.js?v=d60f55b8:17230
[   50251ms] [ERROR] Failed to load resource: the server responded with a status of 401 (Unauthorized) @ http://localhost:3001/api/ha-oidc/providers/enabled:0
[   50313ms] [INFO] %cDownload the React DevTools for a better development experience: https://reactjs.org/link/react-devtools font-weight:bold @ http://localhost:3001/node_modules/.vite/deps/react-dom-BEjadErz.js?v=d60f55b8:17230
[   50350ms] [ERROR] Failed to load resource: the server responded with a status of 401 (Unauthorized) @ http://localhost:3001/api/ha-oidc/providers/enabled:0
[   50414ms] [INFO] %cDownload the React DevTools for a better development experience: https://reactjs.org/link/react-devtools font-weight:bold @ http://localhost:3001/node_modules/.vite/deps/react-dom-BEjadErz.js?v=d60f55b8:17230
[   50454ms] [ERROR] Failed to load resource: the server responded with a status of 401 (Unauthorized) @ http://localhost:3001/api/ha-oidc/providers/enabled:0
[   50516ms] [INFO] %cDownload the React DevTools for a better development experience: https://reactjs.org/link/react-devtools font-weight:bold @ http://localhost:3001/node_modules/.vite/deps/react-dom-BEjadErz.js?v=d60f55b8:17230
[   50554ms] [ERROR] Failed to load resource: the server responded with a status of 401 (Unauthorized) @ http://localhost:3001/api/ha-oidc/providers/enabled:0
[   50616ms] [INFO] %cDownload the React DevTools for a better development experience: https://reactjs.org/link/react-devtools font-weight:bold @ http://localhost:3001/node_modules/.vite/deps/react-dom-BEjadErz.js?v=d60f55b8:17230
[   50652ms] [ERROR] Failed to load resource: the server responded with a status of 401 (Unauthorized) @ http://localhost:3001/api/ha-oidc/providers/enabled:0
[   50713ms] [INFO] %cDownload the React DevTools for a better development experience: https://reactjs.org/link/react-devtools font-weight:bold @ http://localhost:3001/node_modules/.vite/deps/react-dom-BEjadErz.js?v=d60f55b8:17230
[   50752ms] [ERROR] Failed to load resource: the server responded with a status of 401 (Unauthorized) @ http://localhost:3001/api/ha-oidc/providers/enabled:0
[   50812ms] [INFO] %cDownload the React DevTools for a better development experience: https://reactjs.org/link/react-devtools font-weight:bold @ http://localhost:3001/node_modules/.vite/deps/react-dom-BEjadErz.js?v=d60f55b8:17230
[   50852ms] [ERROR] Failed to load resource: the server responded with a status of 401 (Unauthorized) @ http://localhost:3001/api/ha-oidc/providers/enabled:0
[   50913ms] [INFO] %cDownload the React DevTools for a better development experience: https://reactjs.org/link/react-devtools font-weight:bold @ http://localhost:3001/node_modules/.vite/deps/react-dom-BEjadErz.js?v=d60f55b8:17230
[   50978ms] [ERROR] Failed to load resource: the server responded with a status of 401 (Unauthorized) @ http://localhost:3001/api/ha-oidc/providers/enabled:0
[   51041ms] [INFO] %cDownload the React DevTools for a better development experience: https://reactjs.org/link/react-devtools font-weight:bold @ http://localhost:3001/node_modules/.vite/deps/react-dom-BEjadErz.js?v=d60f55b8:17230
[   51077ms] [ERROR] Failed to load resource: the server responded with a status of 401 (Unauthorized) @ http://localhost:3001/api/ha-oidc/providers/enabled:0
[   51140ms] [INFO] %cDownload the React DevTools for a better development experience: https://reactjs.org/link/react-devtools font-weight:bold @ http://localhost:3001/node_modules/.vite/deps/react-dom-BEjadErz.js?v=d60f55b8:17230
[   51173ms] [ERROR] Failed to load resource: the server responded with a status of 401 (Unauthorized) @ http://localhost:3001/api/ha-oidc/providers/enabled:0
[   51231ms] [ERROR] Failed to load resource: the server responded with a status of 403 (Forbidden) @ http://localhost:3001/api/authenticate:0
[   51243ms] [INFO] %cDownload the React DevTools for a better development experience: https://reactjs.org/link/react-devtools font-weight:bold @ http://localhost:3001/node_modules/.vite/deps/react-dom-BEjadErz.js?v=d60f55b8:17230
[   51283ms] [ERROR] Failed to load resource: the server responded with a status of 401 (Unauthorized) @ http://localhost:3001/api/ha-oidc/providers/enabled:0
[   51350ms] [INFO] %cDownload the React DevTools for a better development experience: https://reactjs.org/link/react-devtools font-weight:bold @ http://localhost:3001/node_modules/.vite/deps/react-dom-BEjadErz.js?v=d60f55b8:17230
[   51390ms] [ERROR] Failed to load resource: the server responded with a status of 401 (Unauthorized) @ http://localhost:3001/api/ha-oidc/providers/enabled:0
[   51456ms] [INFO] %cDownload the React DevTools for a better development experience: https://reactjs.org/link/react-devtools font-weight:bold @ http://localhost:3001/node_modules/.vite/deps/react-dom-BEjadErz.js?v=d60f55b8:17230
[   51496ms] [ERROR] Failed to load resource: the server responded with a status of 401 (Unauthorized) @ http://localhost:3001/api/ha-oidc/providers/enabled:0
[   51564ms] [INFO] %cDownload the React DevTools for a better development experience: https://reactjs.org/link/react-devtools font-weight:bold @ http://localhost:3001/node_modules/.vite/deps/react-dom-BEjadErz.js?v=d60f55b8:17230
[   51600ms] [ERROR] Failed to load resource: the server responded with a status of 401 (Unauthorized) @ http://localhost:3001/api/ha-oidc/providers/enabled:0
[   51664ms] [INFO] %cDownload the React DevTools for a better development experience: https://reactjs.org/link/react-devtools font-weight:bold @ http://localhost:3001/node_modules/.vite/deps/react-dom-BEjadErz.js?v=d60f55b8:17230
[   51704ms] [ERROR] Failed to load resource: the server responded with a status of 401 (Unauthorized) @ http://localhost:3001/api/ha-oidc/providers/enabled:0
[   51767ms] [INFO] %cDownload the React DevTools for a better development experience: https://reactjs.org/link/react-devtools font-weight:bold @ http://localhost:3001/node_modules/.vite/deps/react-dom-BEjadErz.js?v=d60f55b8:17230
[   51803ms] [ERROR] Failed to load resource: the server responded with a status of 401 (Unauthorized) @ http://localhost:3001/api/ha-oidc/providers/enabled:0
[   51865ms] [INFO] %cDownload the React DevTools for a better development experience: https://reactjs.org/link/react-devtools font-weight:bold @ http://localhost:3001/node_modules/.vite/deps/react-dom-BEjadErz.js?v=d60f55b8:17230
[   51905ms] [ERROR] Failed to load resource: the server responded with a status of 401 (Unauthorized) @ http://localhost:3001/api/ha-oidc/providers/enabled:0
[   51968ms] [INFO] %cDownload the React DevTools for a better development experience: https://reactjs.org/link/react-devtools font-weight:bold @ http://localhost:3001/node_modules/.vite/deps/react-dom-BEjadErz.js?v=d60f55b8:17230
[   52011ms] [ERROR] Failed to load resource: the server responded with a status of 401 (Unauthorized) @ http://localhost:3001/api/ha-oidc/providers/enabled:0
[   52074ms] [INFO] %cDownload the React DevTools for a better development experience: https://reactjs.org/link/react-devtools font-weight:bold @ http://localhost:3001/node_modules/.vite/deps/react-dom-BEjadErz.js?v=d60f55b8:17230
[   52111ms] [ERROR] Failed to load resource: the server responded with a status of 401 (Unauthorized) @ http://localhost:3001/api/ha-oidc/providers/enabled:0
[   52173ms] [INFO] %cDownload the React DevTools for a better development experience: https://reactjs.org/link/react-devtools font-weight:bold @ http://localhost:3001/node_modules/.vite/deps/react-dom-BEjadErz.js?v=d60f55b8:17230
[   52209ms] [ERROR] Failed to load resource: the server responded with a status of 401 (Unauthorized) @ http://localhost:3001/api/ha-oidc/providers/enabled:0
[   52271ms] [INFO] %cDownload the React DevTools for a better development experience: https://reactjs.org/link/react-devtools font-weight:bold @ http://localhost:3001/node_modules/.vite/deps/react-dom-BEjadErz.js?v=d60f55b8:17230
[   52311ms] [ERROR] Failed to load resource: the server responded with a status of 401 (Unauthorized) @ http://localhost:3001/api/ha-oidc/providers/enabled:0
[   52374ms] [INFO] %cDownload the React DevTools for a better development experience: https://reactjs.org/link/react-devtools font-weight:bold @ http://localhost:3001/node_modules/.vite/deps/react-dom-BEjadErz.js?v=d60f55b8:17230
[   52409ms] [ERROR] Failed to load resource: the server responded with a status of 401 (Unauthorized) @ http://localhost:3001/api/ha-oidc/providers/enabled:0
[   52473ms] [INFO] %cDownload the React DevTools for a better development experience: https://reactjs.org/link/react-devtools font-weight:bold @ http://localhost:3001/node_modules/.vite/deps/react-dom-BEjadErz.js?v=d60f55b8:17230
[   52512ms] [ERROR] Failed to load resource: the server responded with a status of 401 (Unauthorized) @ http://localhost:3001/api/ha-oidc/providers/enabled:0
[   52574ms] [INFO] %cDownload the React DevTools for a better development experience: https://reactjs.org/link/react-devtools font-weight:bold @ http://localhost:3001/node_modules/.vite/deps/react-dom-BEjadErz.js?v=d60f55b8:17230
[   52610ms] [ERROR] Failed to load resource: the server responded with a status of 401 (Unauthorized) @ http://localhost:3001/api/ha-oidc/providers/enabled:0
[   52672ms] [INFO] %cDownload the React DevTools for a better development experience: https://reactjs.org/link/react-devtools font-weight:bold @ http://localhost:3001/node_modules/.vite/deps/react-dom-BEjadErz.js?v=d60f55b8:17230
[   52711ms] [ERROR] Failed to load resource: the server responded with a status of 401 (Unauthorized) @ http://localhost:3001/api/ha-oidc/providers/enabled:0
[   52774ms] [INFO] %cDownload the React DevTools for a better development experience: https://reactjs.org/link/react-devtools font-weight:bold @ http://localhost:3001/node_modules/.vite/deps/react-dom-BEjadErz.js?v=d60f55b8:17230
[   52810ms] [ERROR] Failed to load resource: the server responded with a status of 401 (Unauthorized) @ http://localhost:3001/api/ha-oidc/providers/enabled:0
[   52872ms] [INFO] %cDownload the React DevTools for a better development experience: https://reactjs.org/link/react-devtools font-weight:bold @ http://localhost:3001/node_modules/.vite/deps/react-dom-BEjadErz.js?v=d60f55b8:17230
[   52912ms] [ERROR] Failed to load resource: the server responded with a status of 401 (Unauthorized) @ http://localhost:3001/api/ha-oidc/providers/enabled:0
[   52984ms] [INFO] %cDownload the React DevTools for a better development experience: https://reactjs.org/link/react-devtools font-weight:bold @ http://localhost:3001/node_modules/.vite/deps/react-dom-BEjadErz.js?v=d60f55b8:17230
[   53026ms] [ERROR] Failed to load resource: the server responded with a status of 401 (Unauthorized) @ http://localhost:3001/api/ha-oidc/providers/enabled:0
[   53089ms] [INFO] %cDownload the React DevTools for a better development experience: https://reactjs.org/link/react-devtools font-weight:bold @ http://localhost:3001/node_modules/.vite/deps/react-dom-BEjadErz.js?v=d60f55b8:17230
[   53129ms] [ERROR] Failed to load resource: the server responded with a status of 401 (Unauthorized) @ http://localhost:3001/api/ha-oidc/providers/enabled:0
[   53193ms] [INFO] %cDownload the React DevTools for a better development experience: https://reactjs.org/link/react-devtools font-weight:bold @ http://localhost:3001/node_modules/.vite/deps/react-dom-BEjadErz.js?v=d60f55b8:17230
[   53230ms] [ERROR] Failed to load resource: the server responded with a status of 401 (Unauthorized) @ http://localhost:3001/api/ha-oidc/providers/enabled:0
[   53291ms] [INFO] %cDownload the React DevTools for a better development experience: https://reactjs.org/link/react-devtools font-weight:bold @ http://localhost:3001/node_modules/.vite/deps/react-dom-BEjadErz.js?v=d60f55b8:17230
[   53331ms] [ERROR] Failed to load resource: the server responded with a status of 401 (Unauthorized) @ http://localhost:3001/api/ha-oidc/providers/enabled:0
[   53396ms] [INFO] %cDownload the React DevTools for a better development experience: https://reactjs.org/link/react-devtools font-weight:bold @ http://localhost:3001/node_modules/.vite/deps/react-dom-BEjadErz.js?v=d60f55b8:17230
[   53433ms] [ERROR] Failed to load resource: the server responded with a status of 401 (Unauthorized) @ http://localhost:3001/api/ha-oidc/providers/enabled:0
[   53499ms] [INFO] %cDownload the React DevTools for a better development experience: https://reactjs.org/link/react-devtools font-weight:bold @ http://localhost:3001/node_modules/.vite/deps/react-dom-BEjadErz.js?v=d60f55b8:17230
[   53540ms] [ERROR] Failed to load resource: the server responded with a status of 401 (Unauthorized) @ http://localhost:3001/api/ha-oidc/providers/enabled:0
[   53605ms] [INFO] %cDownload the React DevTools for a better development experience: https://reactjs.org/link/react-devtools font-weight:bold @ http://localhost:3001/node_modules/.vite/deps/react-dom-BEjadErz.js?v=d60f55b8:17230
[   53644ms] [ERROR] Failed to load resource: the server responded with a status of 401 (Unauthorized) @ http://localhost:3001/api/ha-oidc/providers/enabled:0
[   53709ms] [INFO] %cDownload the React DevTools for a better development experience: https://reactjs.org/link/react-devtools font-weight:bold @ http://localhost:3001/node_modules/.vite/deps/react-dom-BEjadErz.js?v=d60f55b8:17230
[   53764ms] [ERROR] Failed to load resource: the server responded with a status of 401 (Unauthorized) @ http://localhost:3001/api/ha-oidc/providers/enabled:0
[   53847ms] [INFO] %cDownload the React DevTools for a better development experience: https://reactjs.org/link/react-devtools font-weight:bold @ http://localhost:3001/node_modules/.vite/deps/react-dom-BEjadErz.js?v=d60f55b8:17230
[   53895ms] [ERROR] Failed to load resource: the server responded with a status of 401 (Unauthorized) @ http://localhost:3001/api/ha-oidc/providers/enabled:0
[   53964ms] [INFO] %cDownload the React DevTools for a better development experience: https://reactjs.org/link/react-devtools font-weight:bold @ http://localhost:3001/node_modules/.vite/deps/react-dom-BEjadErz.js?v=d60f55b8:17230
[   54011ms] [ERROR] Failed to load resource: the server responded with a status of 401 (Unauthorized) @ http://localhost:3001/api/ha-oidc/providers/enabled:0
[   54079ms] [INFO] %cDownload the React DevTools for a better development experience: https://reactjs.org/link/react-devtools font-weight:bold @ http://localhost:3001/node_modules/.vite/deps/react-dom-BEjadErz.js?v=d60f55b8:17230
[   54117ms] [ERROR] Failed to load resource: the server responded with a status of 401 (Unauthorized) @ http://localhost:3001/api/ha-oidc/providers/enabled:0
[   54179ms] [INFO] %cDownload the React DevTools for a better development experience: https://reactjs.org/link/react-devtools font-weight:bold @ http://localhost:3001/node_modules/.vite/deps/react-dom-BEjadErz.js?v=d60f55b8:17230
[   54217ms] [ERROR] Failed to load resource: the server responded with a status of 401 (Unauthorized) @ http://localhost:3001/api/ha-oidc/providers/enabled:0
[   54279ms] [INFO] %cDownload the React DevTools for a better development experience: https://reactjs.org/link/react-devtools font-weight:bold @ http://localhost:3001/node_modules/.vite/deps/react-dom-BEjadErz.js?v=d60f55b8:17230
[   54321ms] [ERROR] Failed to load resource: the server responded with a status of 401 (Unauthorized) @ http://localhost:3001/api/ha-oidc/providers/enabled:0
[   54384ms] [INFO] %cDownload the React DevTools for a better development experience: https://reactjs.org/link/react-devtools font-weight:bold @ http://localhost:3001/node_modules/.vite/deps/react-dom-BEjadErz.js?v=d60f55b8:17230
[   54423ms] [ERROR] Failed to load resource: the server responded with a status of 401 (Unauthorized) @ http://localhost:3001/api/ha-oidc/providers/enabled:0
[   54490ms] [INFO] %cDownload the React DevTools for a better development experience: https://reactjs.org/link/react-devtools font-weight:bold @ http://localhost:3001/node_modules/.vite/deps/react-dom-BEjadErz.js?v=d60f55b8:17230
[   54531ms] [ERROR] Failed to load resource: the server responded with a status of 401 (Unauthorized) @ http://localhost:3001/api/ha-oidc/providers/enabled:0
[   54595ms] [INFO] %cDownload the React DevTools for a better development experience: https://reactjs.org/link/react-devtools font-weight:bold @ http://localhost:3001/node_modules/.vite/deps/react-dom-BEjadErz.js?v=d60f55b8:17230
[   54631ms] [ERROR] Failed to load resource: the server responded with a status of 401 (Unauthorized) @ http://localhost:3001/api/ha-oidc/providers/enabled:0
[   54696ms] [INFO] %cDownload the React DevTools for a better development experience: https://reactjs.org/link/react-devtools font-weight:bold @ http://localhost:3001/node_modules/.vite/deps/react-dom-BEjadErz.js?v=d60f55b8:17230
[   54734ms] [ERROR] Failed to load resource: the server responded with a status of 401 (Unauthorized) @ http://localhost:3001/api/ha-oidc/providers/enabled:0
[   54797ms] [INFO] %cDownload the React DevTools for a better development experience: https://reactjs.org/link/react-devtools font-weight:bold @ http://localhost:3001/node_modules/.vite/deps/react-dom-BEjadErz.js?v=d60f55b8:17230
[   54834ms] [ERROR] Failed to load resource: the server responded with a status of 401 (Unauthorized) @ http://localhost:3001/api/ha-oidc/providers/enabled:0
[   54895ms] [INFO] %cDownload the React DevTools for a better development experience: https://reactjs.org/link/react-devtools font-weight:bold @ http://localhost:3001/node_modules/.vite/deps/react-dom-BEjadErz.js?v=d60f55b8:17230
[   54935ms] [ERROR] Failed to load resource: the server responded with a status of 401 (Unauthorized) @ http://localhost:3001/api/ha-oidc/providers/enabled:0
[   54997ms] [INFO] %cDownload the React DevTools for a better development experience: https://reactjs.org/link/react-devtools font-weight:bold @ http://localhost:3001/node_modules/.vite/deps/react-dom-BEjadErz.js?v=d60f55b8:17230
[   55038ms] [ERROR] Failed to load resource: the server responded with a status of 401 (Unauthorized) @ http://localhost:3001/api/ha-oidc/providers/enabled:0
[   55101ms] [INFO] %cDownload the React DevTools for a better development experience: https://reactjs.org/link/react-devtools font-weight:bold @ http://localhost:3001/node_modules/.vite/deps/react-dom-BEjadErz.js?v=d60f55b8:17230
[   55146ms] [ERROR] Failed to load resource: the server responded with a status of 401 (Unauthorized) @ http://localhost:3001/api/ha-oidc/providers/enabled:0
[   55210ms] [INFO] %cDownload the React DevTools for a better development experience: https://reactjs.org/link/react-devtools font-weight:bold @ http://localhost:3001/node_modules/.vite/deps/react-dom-BEjadErz.js?v=d60f55b8:17230
[   55248ms] [ERROR] Failed to load resource: the server responded with a status of 401 (Unauthorized) @ http://localhost:3001/api/ha-oidc/providers/enabled:0
[   55312ms] [INFO] %cDownload the React DevTools for a better development experience: https://reactjs.org/link/react-devtools font-weight:bold @ http://localhost:3001/node_modules/.vite/deps/react-dom-BEjadErz.js?v=d60f55b8:17230
[   55353ms] [ERROR] Failed to load resource: the server responded with a status of 401 (Unauthorized) @ http://localhost:3001/api/ha-oidc/providers/enabled:0
[   55420ms] [INFO] %cDownload the React DevTools for a better development experience: https://reactjs.org/link/react-devtools font-weight:bold @ http://localhost:3001/node_modules/.vite/deps/react-dom-BEjadErz.js?v=d60f55b8:17230
[   55456ms] [ERROR] Failed to load resource: the server responded with a status of 401 (Unauthorized) @ http://localhost:3001/api/ha-oidc/providers/enabled:0
[   55526ms] [INFO] %cDownload the React DevTools for a better development experience: https://reactjs.org/link/react-devtools font-weight:bold @ http://localhost:3001/node_modules/.vite/deps/react-dom-BEjadErz.js?v=d60f55b8:17230
[   55567ms] [ERROR] Failed to load resource: the server responded with a status of 401 (Unauthorized) @ http://localhost:3001/api/ha-oidc/providers/enabled:0
[   55644ms] [INFO] %cDownload the React DevTools for a better development experience: https://reactjs.org/link/react-devtools font-weight:bold @ http://localhost:3001/node_modules/.vite/deps/react-dom-BEjadErz.js?v=d60f55b8:17230
[   55681ms] [ERROR] Failed to load resource: the server responded with a status of 401 (Unauthorized) @ http://localhost:3001/api/ha-oidc/providers/enabled:0
[   55746ms] [INFO] %cDownload the React DevTools for a better development experience: https://reactjs.org/link/react-devtools font-weight:bold @ http://localhost:3001/node_modules/.vite/deps/react-dom-BEjadErz.js?v=d60f55b8:17230
[   55787ms] [ERROR] Failed to load resource: the server responded with a status of 401 (Unauthorized) @ http://localhost:3001/api/ha-oidc/providers/enabled:0
[   55853ms] [INFO] %cDownload the React DevTools for a better development experience: https://reactjs.org/link/react-devtools font-weight:bold @ http://localhost:3001/node_modules/.vite/deps/react-dom-BEjadErz.js?v=d60f55b8:17230
[   55898ms] [ERROR] Failed to load resource: the server responded with a status of 401 (Unauthorized) @ http://localhost:3001/api/ha-oidc/providers/enabled:0
[   55968ms] [INFO] %cDownload the React DevTools for a better development experience: https://reactjs.org/link/react-devtools font-weight:bold @ http://localhost:3001/node_modules/.vite/deps/react-dom-BEjadErz.js?v=d60f55b8:17230
[   56009ms] [ERROR] Failed to load resource: the server responded with a status of 401 (Unauthorized) @ http://localhost:3001/api/ha-oidc/providers/enabled:0
[   56075ms] [INFO] %cDownload the React DevTools for a better development experience: https://reactjs.org/link/react-devtools font-weight:bold @ http://localhost:3001/node_modules/.vite/deps/react-dom-BEjadErz.js?v=d60f55b8:17230
[   56109ms] [ERROR] Failed to load resource: the server responded with a status of 401 (Unauthorized) @ http://localhost:3001/api/ha-oidc/providers/enabled:0
[   56179ms] [INFO] %cDownload the React DevTools for a better development experience: https://reactjs.org/link/react-devtools font-weight:bold @ http://localhost:3001/node_modules/.vite/deps/react-dom-BEjadErz.js?v=d60f55b8:17230
[   56218ms] [ERROR] Failed to load resource: the server responded with a status of 401 (Unauthorized) @ http://localhost:3001/api/ha-oidc/providers/enabled:0
[   56286ms] [INFO] %cDownload the React DevTools for a better development experience: https://reactjs.org/link/react-devtools font-weight:bold @ http://localhost:3001/node_modules/.vite/deps/react-dom-BEjadErz.js?v=d60f55b8:17230
[   56330ms] [ERROR] Failed to load resource: the server responded with a status of 401 (Unauthorized) @ http://localhost:3001/api/ha-oidc/providers/enabled:0
[   56394ms] [INFO] %cDownload the React DevTools for a better development experience: https://reactjs.org/link/react-devtools font-weight:bold @ http://localhost:3001/node_modules/.vite/deps/react-dom-BEjadErz.js?v=d60f55b8:17230
[   56434ms] [ERROR] Failed to load resource: the server responded with a status of 401 (Unauthorized) @ http://localhost:3001/api/ha-oidc/providers/enabled:0
[   56509ms] [INFO] %cDownload the React DevTools for a better development experience: https://reactjs.org/link/react-devtools font-weight:bold @ http://localhost:3001/node_modules/.vite/deps/react-dom-BEjadErz.js?v=d60f55b8:17230
[   56545ms] [ERROR] Failed to load resource: the server responded with a status of 401 (Unauthorized) @ http://localhost:3001/api/ha-oidc/providers/enabled:0
[   56610ms] [INFO] %cDownload the React DevTools for a better development experience: https://reactjs.org/link/react-devtools font-weight:bold @ http://localhost:3001/node_modules/.vite/deps/react-dom-BEjadErz.js?v=d60f55b8:17230
[   56651ms] [ERROR] Failed to load resource: the server responded with a status of 401 (Unauthorized) @ http://localhost:3001/api/ha-oidc/providers/enabled:0
[   56715ms] [INFO] %cDownload the React DevTools for a better development experience: https://reactjs.org/link/react-devtools font-weight:bold @ http://localhost:3001/node_modules/.vite/deps/react-dom-BEjadErz.js?v=d60f55b8:17230
[   56751ms] [ERROR] Failed to load resource: the server responded with a status of 401 (Unauthorized) @ http://localhost:3001/api/ha-oidc/providers/enabled:0
[   56812ms] [INFO] %cDownload the React DevTools for a better development experience: https://reactjs.org/link/react-devtools font-weight:bold @ http://localhost:3001/node_modules/.vite/deps/react-dom-BEjadErz.js?v=d60f55b8:17230
[   56854ms] [ERROR] Failed to load resource: the server responded with a status of 401 (Unauthorized) @ http://localhost:3001/api/ha-oidc/providers/enabled:0
[   56915ms] [INFO] %cDownload the React DevTools for a better development experience: https://reactjs.org/link/react-devtools font-weight:bold @ http://localhost:3001/node_modules/.vite/deps/react-dom-BEjadErz.js?v=d60f55b8:17230
[   56951ms] [ERROR] Failed to load resource: the server responded with a status of 401 (Unauthorized) @ http://localhost:3001/api/ha-oidc/providers/enabled:0
[   57014ms] [INFO] %cDownload the React DevTools for a better development experience: https://reactjs.org/link/react-devtools font-weight:bold @ http://localhost:3001/node_modules/.vite/deps/react-dom-BEjadErz.js?v=d60f55b8:17230
[   57053ms] [ERROR] Failed to load resource: the server responded with a status of 401 (Unauthorized) @ http://localhost:3001/api/ha-oidc/providers/enabled:0
[   57115ms] [INFO] %cDownload the React DevTools for a better development experience: https://reactjs.org/link/react-devtools font-weight:bold @ http://localhost:3001/node_modules/.vite/deps/react-dom-BEjadErz.js?v=d60f55b8:17230
[   57151ms] [ERROR] Failed to load resource: the server responded with a status of 401 (Unauthorized) @ http://localhost:3001/api/ha-oidc/providers/enabled:0
[   57213ms] [INFO] %cDownload the React DevTools for a better development experience: https://reactjs.org/link/react-devtools font-weight:bold @ http://localhost:3001/node_modules/.vite/deps/react-dom-BEjadErz.js?v=d60f55b8:17230
[   57261ms] [ERROR] Failed to load resource: the server responded with a status of 401 (Unauthorized) @ http://localhost:3001/api/ha-oidc/providers/enabled:0
[   57338ms] [INFO] %cDownload the React DevTools for a better development experience: https://reactjs.org/link/react-devtools font-weight:bold @ http://localhost:3001/node_modules/.vite/deps/react-dom-BEjadErz.js?v=d60f55b8:17230
[   57379ms] [ERROR] Failed to load resource: the server responded with a status of 401 (Unauthorized) @ http://localhost:3001/api/ha-oidc/providers/enabled:0
[   57448ms] [INFO] %cDownload the React DevTools for a better development experience: https://reactjs.org/link/react-devtools font-weight:bold @ http://localhost:3001/node_modules/.vite/deps/react-dom-BEjadErz.js?v=d60f55b8:17230
[   57495ms] [ERROR] Failed to load resource: the server responded with a status of 401 (Unauthorized) @ http://localhost:3001/api/ha-oidc/providers/enabled:0
[   57562ms] [INFO] %cDownload the React DevTools for a better development experience: https://reactjs.org/link/react-devtools font-weight:bold @ http://localhost:3001/node_modules/.vite/deps/react-dom-BEjadErz.js?v=d60f55b8:17230
[   57600ms] [ERROR] Failed to load resource: the server responded with a status of 401 (Unauthorized) @ http://localhost:3001/api/ha-oidc/providers/enabled:0
[   57663ms] [INFO] %cDownload the React DevTools for a better development experience: https://reactjs.org/link/react-devtools font-weight:bold @ http://localhost:3001/node_modules/.vite/deps/react-dom-BEjadErz.js?v=d60f55b8:17230
[   57700ms] [ERROR] Failed to load resource: the server responded with a status of 401 (Unauthorized) @ http://localhost:3001/api/ha-oidc/providers/enabled:0
[   57761ms] [INFO] %cDownload the React DevTools for a better development experience: https://reactjs.org/link/react-devtools font-weight:bold @ http://localhost:3001/node_modules/.vite/deps/react-dom-BEjadErz.js?v=d60f55b8:17230
[   57802ms] [ERROR] Failed to load resource: the server responded with a status of 401 (Unauthorized) @ http://localhost:3001/api/ha-oidc/providers/enabled:0
[   57865ms] [INFO] %cDownload the React DevTools for a better development experience: https://reactjs.org/link/react-devtools font-weight:bold @ http://localhost:3001/node_modules/.vite/deps/react-dom-BEjadErz.js?v=d60f55b8:17230
[   57905ms] [ERROR] Failed to load resource: the server responded with a status of 401 (Unauthorized) @ http://localhost:3001/api/ha-oidc/providers/enabled:0
[   58000ms] [INFO] %cDownload the React DevTools for a better development experience: https://reactjs.org/link/react-devtools font-weight:bold @ http://localhost:3001/node_modules/.vite/deps/react-dom-BEjadErz.js?v=d60f55b8:17230
[   58048ms] [ERROR] Failed to load resource: the server responded with a status of 401 (Unauthorized) @ http://localhost:3001/api/ha-oidc/providers/enabled:0
[   58114ms] [INFO] %cDownload the React DevTools for a better development experience: https://reactjs.org/link/react-devtools font-weight:bold @ http://localhost:3001/node_modules/.vite/deps/react-dom-BEjadErz.js?v=d60f55b8:17230
[   58152ms] [ERROR] Failed to load resource: the server responded with a status of 401 (Unauthorized) @ http://localhost:3001/api/ha-oidc/providers/enabled:0
[   58215ms] [INFO] %cDownload the React DevTools for a better development experience: https://reactjs.org/link/react-devtools font-weight:bold @ http://localhost:3001/node_modules/.vite/deps/react-dom-BEjadErz.js?v=d60f55b8:17230
[   58255ms] [ERROR] Failed to load resource: the server responded with a status of 401 (Unauthorized) @ http://localhost:3001/api/ha-oidc/providers/enabled:0
[   58316ms] [INFO] %cDownload the React DevTools for a better development experience: https://reactjs.org/link/react-devtools font-weight:bold @ http://localhost:3001/node_modules/.vite/deps/react-dom-BEjadErz.js?v=d60f55b8:17230
[   58359ms] [ERROR] Failed to load resource: the server responded with a status of 401 (Unauthorized) @ http://localhost:3001/api/ha-oidc/providers/enabled:0
[   58424ms] [INFO] %cDownload the React DevTools for a better development experience: https://reactjs.org/link/react-devtools font-weight:bold @ http://localhost:3001/node_modules/.vite/deps/react-dom-BEjadErz.js?v=d60f55b8:17230
[   58462ms] [ERROR] Failed to load resource: the server responded with a status of 401 (Unauthorized) @ http://localhost:3001/api/ha-oidc/providers/enabled:0
[   58526ms] [INFO] %cDownload the React DevTools for a better development experience: https://reactjs.org/link/react-devtools font-weight:bold @ http://localhost:3001/node_modules/.vite/deps/react-dom-BEjadErz.js?v=d60f55b8:17230
[   58563ms] [ERROR] Failed to load resource: the server responded with a status of 401 (Unauthorized) @ http://localhost:3001/api/ha-oidc/providers/enabled:0
[   58624ms] [INFO] %cDownload the React DevTools for a better development experience: https://reactjs.org/link/react-devtools font-weight:bold @ http://localhost:3001/node_modules/.vite/deps/react-dom-BEjadErz.js?v=d60f55b8:17230
[   58664ms] [ERROR] Failed to load resource: the server responded with a status of 401 (Unauthorized) @ http://localhost:3001/api/ha-oidc/providers/enabled:0
[   58728ms] [INFO] %cDownload the React DevTools for a better development experience: https://reactjs.org/link/react-devtools font-weight:bold @ http://localhost:3001/node_modules/.vite/deps/react-dom-BEjadErz.js?v=d60f55b8:17230
[   58764ms] [ERROR] Failed to load resource: the server responded with a status of 401 (Unauthorized) @ http://localhost:3001/api/ha-oidc/providers/enabled:0
[   58830ms] [INFO] %cDownload the React DevTools for a better development experience: https://reactjs.org/link/react-devtools font-weight:bold @ http://localhost:3001/node_modules/.vite/deps/react-dom-BEjadErz.js?v=d60f55b8:17230
[   58866ms] [ERROR] Failed to load resource: the server responded with a status of 401 (Unauthorized) @ http://localhost:3001/api/ha-oidc/providers/enabled:0
[   58932ms] [INFO] %cDownload the React DevTools for a better development experience: https://reactjs.org/link/react-devtools font-weight:bold @ http://localhost:3001/node_modules/.vite/deps/react-dom-BEjadErz.js?v=d60f55b8:17230
[   58968ms] [ERROR] Failed to load resource: the server responded with a status of 401 (Unauthorized) @ http://localhost:3001/api/ha-oidc/providers/enabled:0
[   59030ms] [INFO] %cDownload the React DevTools for a better development experience: https://reactjs.org/link/react-devtools font-weight:bold @ http://localhost:3001/node_modules/.vite/deps/react-dom-BEjadErz.js?v=d60f55b8:17230
[   59067ms] [ERROR] Failed to load resource: the server responded with a status of 401 (Unauthorized) @ http://localhost:3001/api/ha-oidc/providers/enabled:0
[   59135ms] [INFO] %cDownload the React DevTools for a better development experience: https://reactjs.org/link/react-devtools font-weight:bold @ http://localhost:3001/node_modules/.vite/deps/react-dom-BEjadErz.js?v=d60f55b8:17230
[   59169ms] [ERROR] Failed to load resource: the server responded with a status of 401 (Unauthorized) @ http://localhost:3001/api/ha-oidc/providers/enabled:0
[   59232ms] [INFO] %cDownload the React DevTools for a better development experience: https://reactjs.org/link/react-devtools font-weight:bold @ http://localhost:3001/node_modules/.vite/deps/react-dom-BEjadErz.js?v=d60f55b8:17230
[   59270ms] [ERROR] Failed to load resource: the server responded with a status of 401 (Unauthorized) @ http://localhost:3001/api/ha-oidc/providers/enabled:0
[   59333ms] [INFO] %cDownload the React DevTools for a better development experience: https://reactjs.org/link/react-devtools font-weight:bold @ http://localhost:3001/node_modules/.vite/deps/react-dom-BEjadErz.js?v=d60f55b8:17230
[   59375ms] [ERROR] Failed to load resource: the server responded with a status of 401 (Unauthorized) @ http://localhost:3001/api/ha-oidc/providers/enabled:0
[   59438ms] [INFO] %cDownload the React DevTools for a better development experience: https://reactjs.org/link/react-devtools font-weight:bold @ http://localhost:3001/node_modules/.vite/deps/react-dom-BEjadErz.js?v=d60f55b8:17230
[   59477ms] [ERROR] Failed to load resource: the server responded with a status of 401 (Unauthorized) @ http://localhost:3001/api/ha-oidc/providers/enabled:0
[   59541ms] [INFO] %cDownload the React DevTools for a better development experience: https://reactjs.org/link/react-devtools font-weight:bold @ http://localhost:3001/node_modules/.vite/deps/react-dom-BEjadErz.js?v=d60f55b8:17230
[   59577ms] [ERROR] Failed to load resource: the server responded with a status of 401 (Unauthorized) @ http://localhost:3001/api/ha-oidc/providers/enabled:0
[   59639ms] [INFO] %cDownload the React DevTools for a better development experience: https://reactjs.org/link/react-devtools font-weight:bold @ http://localhost:3001/node_modules/.vite/deps/react-dom-BEjadErz.js?v=d60f55b8:17230
[   59677ms] [ERROR] Failed to load resource: the server responded with a status of 401 (Unauthorized) @ http://localhost:3001/api/ha-oidc/providers/enabled:0
[   59740ms] [INFO] %cDownload the React DevTools for a better development experience: https://reactjs.org/link/react-devtools font-weight:bold @ http://localhost:3001/node_modules/.vite/deps/react-dom-BEjadErz.js?v=d60f55b8:17230
[   59776ms] [ERROR] Failed to load resource: the server responded with a status of 401 (Unauthorized) @ http://localhost:3001/api/ha-oidc/providers/enabled:0
[   59837ms] [INFO] %cDownload the React DevTools for a better development experience: https://reactjs.org/link/react-devtools font-weight:bold @ http://localhost:3001/node_modules/.vite/deps/react-dom-BEjadErz.js?v=d60f55b8:17230
[   59877ms] [ERROR] Failed to load resource: the server responded with a status of 401 (Unauthorized) @ http://localhost:3001/api/ha-oidc/providers/enabled:0
[   59940ms] [INFO] %cDownload the React DevTools for a better development experience: https://reactjs.org/link/react-devtools font-weight:bold @ http://localhost:3001/node_modules/.vite/deps/react-dom-BEjadErz.js?v=d60f55b8:17230
[   59975ms] [ERROR] Failed to load resource: the server responded with a status of 401 (Unauthorized) @ http://localhost:3001/api/ha-oidc/providers/enabled:0
[   60042ms] [INFO] %cDownload the React DevTools for a better development experience: https://reactjs.org/link/react-devtools font-weight:bold @ http://localhost:3001/node_modules/.vite/deps/react-dom-BEjadErz.js?v=d60f55b8:17230
[   60081ms] [ERROR] Failed to load resource: the server responded with a status of 401 (Unauthorized) @ http://localhost:3001/api/ha-oidc/providers/enabled:0
[   60144ms] [INFO] %cDownload the React DevTools for a better development experience: https://reactjs.org/link/react-devtools font-weight:bold @ http://localhost:3001/node_modules/.vite/deps/react-dom-BEjadErz.js?v=d60f55b8:17230
[   60182ms] [ERROR] Failed to load resource: the server responded with a status of 401 (Unauthorized) @ http://localhost:3001/api/ha-oidc/providers/enabled:0
[   60246ms] [INFO] %cDownload the React DevTools for a better development experience: https://reactjs.org/link/react-devtools font-weight:bold @ http://localhost:3001/node_modules/.vite/deps/react-dom-BEjadErz.js?v=d60f55b8:17230
[   60285ms] [ERROR] Failed to load resource: the server responded with a status of 401 (Unauthorized) @ http://localhost:3001/api/ha-oidc/providers/enabled:0
[   60349ms] [INFO] %cDownload the React DevTools for a better development experience: https://reactjs.org/link/react-devtools font-weight:bold @ http://localhost:3001/node_modules/.vite/deps/react-dom-BEjadErz.js?v=d60f55b8:17230
[   60389ms] [ERROR] Failed to load resource: the server responded with a status of 401 (Unauthorized) @ http://localhost:3001/api/ha-oidc/providers/enabled:0
[   60452ms] [INFO] %cDownload the React DevTools for a better development experience: https://reactjs.org/link/react-devtools font-weight:bold @ http://localhost:3001/node_modules/.vite/deps/react-dom-BEjadErz.js?v=d60f55b8:17230
[   60491ms] [ERROR] Failed to load resource: the server responded with a status of 401 (Unauthorized) @ http://localhost:3001/api/ha-oidc/providers/enabled:0
[   60554ms] [INFO] %cDownload the React DevTools for a better development experience: https://reactjs.org/link/react-devtools font-weight:bold @ http://localhost:3001/node_modules/.vite/deps/react-dom-BEjadErz.js?v=d60f55b8:17230
[   60593ms] [ERROR] Failed to load resource: the server responded with a status of 401 (Unauthorized) @ http://localhost:3001/api/ha-oidc/providers/enabled:0
[   60657ms] [INFO] %cDownload the React DevTools for a better development experience: https://reactjs.org/link/react-devtools font-weight:bold @ http://localhost:3001/node_modules/.vite/deps/react-dom-BEjadErz.js?v=d60f55b8:17230
[   60696ms] [ERROR] Failed to load resource: the server responded with a status of 401 (Unauthorized) @ http://localhost:3001/api/ha-oidc/providers/enabled:0
[   60761ms] [INFO] %cDownload the React DevTools for a better development experience: https://reactjs.org/link/react-devtools font-weight:bold @ http://localhost:3001/node_modules/.vite/deps/react-dom-BEjadErz.js?v=d60f55b8:17230
[   60798ms] [ERROR] Failed to load resource: the server responded with a status of 401 (Unauthorized) @ http://localhost:3001/api/ha-oidc/providers/enabled:0
[   60860ms] [INFO] %cDownload the React DevTools for a better development experience: https://reactjs.org/link/react-devtools font-weight:bold @ http://localhost:3001/node_modules/.vite/deps/react-dom-BEjadErz.js?v=d60f55b8:17230
[   60899ms] [ERROR] Failed to load resource: the server responded with a status of 401 (Unauthorized) @ http://localhost:3001/api/ha-oidc/providers/enabled:0
[   60961ms] [INFO] %cDownload the React DevTools for a better development experience: https://reactjs.org/link/react-devtools font-weight:bold @ http://localhost:3001/node_modules/.vite/deps/react-dom-BEjadErz.js?v=d60f55b8:17230
[   60998ms] [ERROR] Failed to load resource: the server responded with a status of 401 (Unauthorized) @ http://localhost:3001/api/ha-oidc/providers/enabled:0
[   61061ms] [INFO] %cDownload the React DevTools for a better development experience: https://reactjs.org/link/react-devtools font-weight:bold @ http://localhost:3001/node_modules/.vite/deps/react-dom-BEjadErz.js?v=d60f55b8:17230
[   61099ms] [ERROR] Failed to load resource: the server responded with a status of 401 (Unauthorized) @ http://localhost:3001/api/ha-oidc/providers/enabled:0
[   61164ms] [INFO] %cDownload the React DevTools for a better development experience: https://reactjs.org/link/react-devtools font-weight:bold @ http://localhost:3001/node_modules/.vite/deps/react-dom-BEjadErz.js?v=d60f55b8:17230
[   61201ms] [ERROR] Failed to load resource: the server responded with a status of 401 (Unauthorized) @ http://localhost:3001/api/ha-oidc/providers/enabled:0
[   61266ms] [INFO] %cDownload the React DevTools for a better development experience: https://reactjs.org/link/react-devtools font-weight:bold @ http://localhost:3001/node_modules/.vite/deps/react-dom-BEjadErz.js?v=d60f55b8:17230
[   61305ms] [ERROR] Failed to load resource: the server responded with a status of 401 (Unauthorized) @ http://localhost:3001/api/ha-oidc/providers/enabled:0
[   61374ms] [INFO] %cDownload the React DevTools for a better development experience: https://reactjs.org/link/react-devtools font-weight:bold @ http://localhost:3001/node_modules/.vite/deps/react-dom-BEjadErz.js?v=d60f55b8:17230
[   61415ms] [ERROR] Failed to load resource: the server responded with a status of 401 (Unauthorized) @ http://localhost:3001/api/ha-oidc/providers/enabled:0
[   61480ms] [INFO] %cDownload the React DevTools for a better development experience: https://reactjs.org/link/react-devtools font-weight:bold @ http://localhost:3001/node_modules/.vite/deps/react-dom-BEjadErz.js?v=d60f55b8:17230
[   61531ms] [ERROR] Failed to load resource: the server responded with a status of 401 (Unauthorized) @ http://localhost:3001/api/ha-oidc/providers/enabled:0
[   61619ms] [INFO] %cDownload the React DevTools for a better development experience: https://reactjs.org/link/react-devtools font-weight:bold @ http://localhost:3001/node_modules/.vite/deps/react-dom-BEjadErz.js?v=d60f55b8:17230
[   61662ms] [ERROR] Failed to load resource: the server responded with a status of 401 (Unauthorized) @ http://localhost:3001/api/ha-oidc/providers/enabled:0
[   61729ms] [INFO] %cDownload the React DevTools for a better development experience: https://reactjs.org/link/react-devtools font-weight:bold @ http://localhost:3001/node_modules/.vite/deps/react-dom-BEjadErz.js?v=d60f55b8:17230
[   61774ms] [ERROR] Failed to load resource: the server responded with a status of 401 (Unauthorized) @ http://localhost:3001/api/ha-oidc/providers/enabled:0
[   61844ms] [INFO] %cDownload the React DevTools for a better development experience: https://reactjs.org/link/react-devtools font-weight:bold @ http://localhost:3001/node_modules/.vite/deps/react-dom-BEjadErz.js?v=d60f55b8:17230
[   61882ms] [ERROR] Failed to load resource: the server responded with a status of 401 (Unauthorized) @ http://localhost:3001/api/ha-oidc/providers/enabled:0
[   61946ms] [INFO] %cDownload the React DevTools for a better development experience: https://reactjs.org/link/react-devtools font-weight:bold @ http://localhost:3001/node_modules/.vite/deps/react-dom-BEjadErz.js?v=d60f55b8:17230
[   61988ms] [ERROR] Failed to load resource: the server responded with a status of 401 (Unauthorized) @ http://localhost:3001/api/ha-oidc/providers/enabled:0
[   62049ms] [INFO] %cDownload the React DevTools for a better development experience: https://reactjs.org/link/react-devtools font-weight:bold @ http://localhost:3001/node_modules/.vite/deps/react-dom-BEjadErz.js?v=d60f55b8:17230
[   62091ms] [ERROR] Failed to load resource: the server responded with a status of 401 (Unauthorized) @ http://localhost:3001/api/ha-oidc/providers/enabled:0
[   62153ms] [INFO] %cDownload the React DevTools for a better development experience: https://reactjs.org/link/react-devtools font-weight:bold @ http://localhost:3001/node_modules/.vite/deps/react-dom-BEjadErz.js?v=d60f55b8:17230
[   62191ms] [ERROR] Failed to load resource: the server responded with a status of 401 (Unauthorized) @ http://localhost:3001/api/ha-oidc/providers/enabled:0
[   62254ms] [INFO] %cDownload the React DevTools for a better development experience: https://reactjs.org/link/react-devtools font-weight:bold @ http://localhost:3001/node_modules/.vite/deps/react-dom-BEjadErz.js?v=d60f55b8:17230
[   62294ms] [ERROR] Failed to load resource: the server responded with a status of 401 (Unauthorized) @ http://localhost:3001/api/ha-oidc/providers/enabled:0
[   62357ms] [INFO] %cDownload the React DevTools for a better development experience: https://reactjs.org/link/react-devtools font-weight:bold @ http://localhost:3001/node_modules/.vite/deps/react-dom-BEjadErz.js?v=d60f55b8:17230
[   62394ms] [ERROR] Failed to load resource: the server responded with a status of 401 (Unauthorized) @ http://localhost:3001/api/ha-oidc/providers/enabled:0
[   62458ms] [INFO] %cDownload the React DevTools for a better development experience: https://reactjs.org/link/react-devtools font-weight:bold @ http://localhost:3001/node_modules/.vite/deps/react-dom-BEjadErz.js?v=d60f55b8:17230
[   62503ms] [ERROR] Failed to load resource: the server responded with a status of 401 (Unauthorized) @ http://localhost:3001/api/ha-oidc/providers/enabled:0
[   62565ms] [INFO] %cDownload the React DevTools for a better development experience: https://reactjs.org/link/react-devtools font-weight:bold @ http://localhost:3001/node_modules/.vite/deps/react-dom-BEjadErz.js?v=d60f55b8:17230
[   62605ms] [ERROR] Failed to load resource: the server responded with a status of 401 (Unauthorized) @ http://localhost:3001/api/ha-oidc/providers/enabled:0
[   62679ms] [INFO] %cDownload the React DevTools for a better development experience: https://reactjs.org/link/react-devtools font-weight:bold @ http://localhost:3001/node_modules/.vite/deps/react-dom-BEjadErz.js?v=d60f55b8:17230
[   62717ms] [ERROR] Failed to load resource: the server responded with a status of 401 (Unauthorized) @ http://localhost:3001/api/ha-oidc/providers/enabled:0
[   62786ms] [INFO] %cDownload the React DevTools for a better development experience: https://reactjs.org/link/react-devtools font-weight:bold @ http://localhost:3001/node_modules/.vite/deps/react-dom-BEjadErz.js?v=d60f55b8:17230
[   62825ms] [ERROR] Failed to load resource: the server responded with a status of 401 (Unauthorized) @ http://localhost:3001/api/ha-oidc/providers/enabled:0
[   62893ms] [INFO] %cDownload the React DevTools for a better development experience: https://reactjs.org/link/react-devtools font-weight:bold @ http://localhost:3001/node_modules/.vite/deps/react-dom-BEjadErz.js?v=d60f55b8:17230
[   62934ms] [ERROR] Failed to load resource: the server responded with a status of 401 (Unauthorized) @ http://localhost:3001/api/ha-oidc/providers/enabled:0
[   63000ms] [INFO] %cDownload the React DevTools for a better development experience: https://reactjs.org/link/react-devtools font-weight:bold @ http://localhost:3001/node_modules/.vite/deps/react-dom-BEjadErz.js?v=d60f55b8:17230
[   63035ms] [ERROR] Failed to load resource: the server responded with a status of 401 (Unauthorized) @ http://localhost:3001/api/ha-oidc/providers/enabled:0
[   63098ms] [INFO] %cDownload the React DevTools for a better development experience: https://reactjs.org/link/react-devtools font-weight:bold @ http://localhost:3001/node_modules/.vite/deps/react-dom-BEjadErz.js?v=d60f55b8:17230
[   63137ms] [ERROR] Failed to load resource: the server responded with a status of 401 (Unauthorized) @ http://localhost:3001/api/ha-oidc/providers/enabled:0
[   63199ms] [INFO] %cDownload the React DevTools for a better development experience: https://reactjs.org/link/react-devtools font-weight:bold @ http://localhost:3001/node_modules/.vite/deps/react-dom-BEjadErz.js?v=d60f55b8:17230
[   63233ms] [ERROR] Failed to load resource: the server responded with a status of 401 (Unauthorized) @ http://localhost:3001/api/ha-oidc/providers/enabled:0
[   63299ms] [INFO] %cDownload the React DevTools for a better development experience: https://reactjs.org/link/react-devtools font-weight:bold @ http://localhost:3001/node_modules/.vite/deps/react-dom-BEjadErz.js?v=d60f55b8:17230
[   63339ms] [ERROR] Failed to load resource: the server responded with a status of 401 (Unauthorized) @ http://localhost:3001/api/ha-oidc/providers/enabled:0
[   63401ms] [INFO] %cDownload the React DevTools for a better development experience: https://reactjs.org/link/react-devtools font-weight:bold @ http://localhost:3001/node_modules/.vite/deps/react-dom-BEjadErz.js?v=d60f55b8:17230
[   63440ms] [ERROR] Failed to load resource: the server responded with a status of 401 (Unauthorized) @ http://localhost:3001/api/ha-oidc/providers/enabled:0
[   63502ms] [INFO] %cDownload the React DevTools for a better development experience: https://reactjs.org/link/react-devtools font-weight:bold @ http://localhost:3001/node_modules/.vite/deps/react-dom-BEjadErz.js?v=d60f55b8:17230
[   63549ms] [ERROR] Failed to load resource: the server responded with a status of 401 (Unauthorized) @ http://localhost:3001/api/ha-oidc/providers/enabled:0
[   63612ms] [INFO] %cDownload the React DevTools for a better development experience: https://reactjs.org/link/react-devtools font-weight:bold @ http://localhost:3001/node_modules/.vite/deps/react-dom-BEjadErz.js?v=d60f55b8:17230
[   63648ms] [ERROR] Failed to load resource: the server responded with a status of 401 (Unauthorized) @ http://localhost:3001/api/ha-oidc/providers/enabled:0
[   63711ms] [INFO] %cDownload the React DevTools for a better development experience: https://reactjs.org/link/react-devtools font-weight:bold @ http://localhost:3001/node_modules/.vite/deps/react-dom-BEjadErz.js?v=d60f55b8:17230
[   63754ms] [ERROR] Failed to load resource: the server responded with a status of 401 (Unauthorized) @ http://localhost:3001/api/ha-oidc/providers/enabled:0
[   63816ms] [INFO] %cDownload the React DevTools for a better development experience: https://reactjs.org/link/react-devtools font-weight:bold @ http://localhost:3001/node_modules/.vite/deps/react-dom-BEjadErz.js?v=d60f55b8:17230
[   63854ms] [ERROR] Failed to load resource: the server responded with a status of 401 (Unauthorized) @ http://localhost:3001/api/ha-oidc/providers/enabled:0
[   63918ms] [INFO] %cDownload the React DevTools for a better development experience: https://reactjs.org/link/react-devtools font-weight:bold @ http://localhost:3001/node_modules/.vite/deps/react-dom-BEjadErz.js?v=d60f55b8:17230
[   63958ms] [ERROR] Failed to load resource: the server responded with a status of 401 (Unauthorized) @ http://localhost:3001/api/ha-oidc/providers/enabled:0
[   64022ms] [INFO] %cDownload the React DevTools for a better development experience: https://reactjs.org/link/react-devtools font-weight:bold @ http://localhost:3001/node_modules/.vite/deps/react-dom-BEjadErz.js?v=d60f55b8:17230
[   64058ms] [ERROR] Failed to load resource: the server responded with a status of 401 (Unauthorized) @ http://localhost:3001/api/ha-oidc/providers/enabled:0
[   64126ms] [INFO] %cDownload the React DevTools for a better development experience: https://reactjs.org/link/react-devtools font-weight:bold @ http://localhost:3001/node_modules/.vite/deps/react-dom-BEjadErz.js?v=d60f55b8:17230
[   64166ms] [ERROR] Failed to load resource: the server responded with a status of 401 (Unauthorized) @ http://localhost:3001/api/ha-oidc/providers/enabled:0
[   64228ms] [INFO] %cDownload the React DevTools for a better development experience: https://reactjs.org/link/react-devtools font-weight:bold @ http://localhost:3001/node_modules/.vite/deps/react-dom-BEjadErz.js?v=d60f55b8:17230
[   64265ms] [ERROR] Failed to load resource: the server responded with a status of 401 (Unauthorized) @ http://localhost:3001/api/ha-oidc/providers/enabled:0
[   64327ms] [INFO] %cDownload the React DevTools for a better development experience: https://reactjs.org/link/react-devtools font-weight:bold @ http://localhost:3001/node_modules/.vite/deps/react-dom-BEjadErz.js?v=d60f55b8:17230
[   64367ms] [ERROR] Failed to load resource: the server responded with a status of 401 (Unauthorized) @ http://localhost:3001/api/ha-oidc/providers/enabled:0
[   64429ms] [INFO] %cDownload the React DevTools for a better development experience: https://reactjs.org/link/react-devtools font-weight:bold @ http://localhost:3001/node_modules/.vite/deps/react-dom-BEjadErz.js?v=d60f55b8:17230
[   64466ms] [ERROR] Failed to load resource: the server responded with a status of 401 (Unauthorized) @ http://localhost:3001/api/ha-oidc/providers/enabled:0
[   64529ms] [INFO] %cDownload the React DevTools for a better development experience: https://reactjs.org/link/react-devtools font-weight:bold @ http://localhost:3001/node_modules/.vite/deps/react-dom-BEjadErz.js?v=d60f55b8:17230
[   64573ms] [ERROR] Failed to load resource: the server responded with a status of 401 (Unauthorized) @ http://localhost:3001/api/ha-oidc/providers/enabled:0
[   64636ms] [INFO] %cDownload the React DevTools for a better development experience: https://reactjs.org/link/react-devtools font-weight:bold @ http://localhost:3001/node_modules/.vite/deps/react-dom-BEjadErz.js?v=d60f55b8:17230
[   64673ms] [ERROR] Failed to load resource: the server responded with a status of 401 (Unauthorized) @ http://localhost:3001/api/ha-oidc/providers/enabled:0
[   64735ms] [INFO] %cDownload the React DevTools for a better development experience: https://reactjs.org/link/react-devtools font-weight:bold @ http://localhost:3001/node_modules/.vite/deps/react-dom-BEjadErz.js?v=d60f55b8:17230
[   64775ms] [ERROR] Failed to load resource: the server responded with a status of 401 (Unauthorized) @ http://localhost:3001/api/ha-oidc/providers/enabled:0
[   64837ms] [INFO] %cDownload the React DevTools for a better development experience: https://reactjs.org/link/react-devtools font-weight:bold @ http://localhost:3001/node_modules/.vite/deps/react-dom-BEjadErz.js?v=d60f55b8:17230
[   64873ms] [ERROR] Failed to load resource: the server responded with a status of 401 (Unauthorized) @ http://localhost:3001/api/ha-oidc/providers/enabled:0
[   64937ms] [INFO] %cDownload the React DevTools for a better development experience: https://reactjs.org/link/react-devtools font-weight:bold @ http://localhost:3001/node_modules/.vite/deps/react-dom-BEjadErz.js?v=d60f55b8:17230
[   64978ms] [ERROR] Failed to load resource: the server responded with a status of 401 (Unauthorized) @ http://localhost:3001/api/ha-oidc/providers/enabled:0
[   65062ms] [INFO] %cDownload the React DevTools for a better development experience: https://reactjs.org/link/react-devtools font-weight:bold @ http://localhost:3001/node_modules/.vite/deps/react-dom-BEjadErz.js?v=d60f55b8:17230
[   65105ms] [ERROR] Failed to load resource: the server responded with a status of 401 (Unauthorized) @ http://localhost:3001/api/ha-oidc/providers/enabled:0
[   65171ms] [INFO] %cDownload the React DevTools for a better development experience: https://reactjs.org/link/react-devtools font-weight:bold @ http://localhost:3001/node_modules/.vite/deps/react-dom-BEjadErz.js?v=d60f55b8:17230
[   65219ms] [ERROR] Failed to load resource: the server responded with a status of 401 (Unauthorized) @ http://localhost:3001/api/ha-oidc/providers/enabled:0
[   65285ms] [INFO] %cDownload the React DevTools for a better development experience: https://reactjs.org/link/react-devtools font-weight:bold @ http://localhost:3001/node_modules/.vite/deps/react-dom-BEjadErz.js?v=d60f55b8:17230
[   65326ms] [ERROR] Failed to load resource: the server responded with a status of 401 (Unauthorized) @ http://localhost:3001/api/ha-oidc/providers/enabled:0
[   65388ms] [INFO] %cDownload the React DevTools for a better development experience: https://reactjs.org/link/react-devtools font-weight:bold @ http://localhost:3001/node_modules/.vite/deps/react-dom-BEjadErz.js?v=d60f55b8:17230
[   65428ms] [ERROR] Failed to load resource: the server responded with a status of 401 (Unauthorized) @ http://localhost:3001/api/ha-oidc/providers/enabled:0
[   65489ms] [INFO] %cDownload the React DevTools for a better development experience: https://reactjs.org/link/react-devtools font-weight:bold @ http://localhost:3001/node_modules/.vite/deps/react-dom-BEjadErz.js?v=d60f55b8:17230
[   65530ms] [ERROR] Failed to load resource: the server responded with a status of 401 (Unauthorized) @ http://localhost:3001/api/ha-oidc/providers/enabled:0
[   65593ms] [INFO] %cDownload the React DevTools for a better development experience: https://reactjs.org/link/react-devtools font-weight:bold @ http://localhost:3001/node_modules/.vite/deps/react-dom-BEjadErz.js?v=d60f55b8:17230
[   65634ms] [ERROR] Failed to load resource: the server responded with a status of 401 (Unauthorized) @ http://localhost:3001/api/ha-oidc/providers/enabled:0
[   65697ms] [INFO] %cDownload the React DevTools for a better development experience: https://reactjs.org/link/react-devtools font-weight:bold @ http://localhost:3001/node_modules/.vite/deps/react-dom-BEjadErz.js?v=d60f55b8:17230
[   65735ms] [ERROR] Failed to load resource: the server responded with a status of 401 (Unauthorized) @ http://localhost:3001/api/ha-oidc/providers/enabled:0
[   65798ms] [INFO] %cDownload the React DevTools for a better development experience: https://reactjs.org/link/react-devtools font-weight:bold @ http://localhost:3001/node_modules/.vite/deps/react-dom-BEjadErz.js?v=d60f55b8:17230
[   65834ms] [ERROR] Failed to load resource: the server responded with a status of 401 (Unauthorized) @ http://localhost:3001/api/ha-oidc/providers/enabled:0
[   65898ms] [INFO] %cDownload the React DevTools for a better development experience: https://reactjs.org/link/react-devtools font-weight:bold @ http://localhost:3001/node_modules/.vite/deps/react-dom-BEjadErz.js?v=d60f55b8:17230
[   65937ms] [ERROR] Failed to load resource: the server responded with a status of 401 (Unauthorized) @ http://localhost:3001/api/ha-oidc/providers/enabled:0
[   66005ms] [INFO] %cDownload the React DevTools for a better development experience: https://reactjs.org/link/react-devtools font-weight:bold @ http://localhost:3001/node_modules/.vite/deps/react-dom-BEjadErz.js?v=d60f55b8:17230
[   66043ms] [ERROR] Failed to load resource: the server responded with a status of 401 (Unauthorized) @ http://localhost:3001/api/ha-oidc/providers/enabled:0
[   66105ms] [INFO] %cDownload the React DevTools for a better development experience: https://reactjs.org/link/react-devtools font-weight:bold @ http://localhost:3001/node_modules/.vite/deps/react-dom-BEjadErz.js?v=d60f55b8:17230
[   66145ms] [ERROR] Failed to load resource: the server responded with a status of 401 (Unauthorized) @ http://localhost:3001/api/ha-oidc/providers/enabled:0
[   66206ms] [INFO] %cDownload the React DevTools for a better development experience: https://reactjs.org/link/react-devtools font-weight:bold @ http://localhost:3001/node_modules/.vite/deps/react-dom-BEjadErz.js?v=d60f55b8:17230
[   66244ms] [ERROR] Failed to load resource: the server responded with a status of 401 (Unauthorized) @ http://localhost:3001/api/ha-oidc/providers/enabled:0
[   66307ms] [INFO] %cDownload the React DevTools for a better development experience: https://reactjs.org/link/react-devtools font-weight:bold @ http://localhost:3001/node_modules/.vite/deps/react-dom-BEjadErz.js?v=d60f55b8:17230
[   66349ms] [ERROR] Failed to load resource: the server responded with a status of 401 (Unauthorized) @ http://localhost:3001/api/ha-oidc/providers/enabled:0
[   66411ms] [INFO] %cDownload the React DevTools for a better development experience: https://reactjs.org/link/react-devtools font-weight:bold @ http://localhost:3001/node_modules/.vite/deps/react-dom-BEjadErz.js?v=d60f55b8:17230
[   66447ms] [ERROR] Failed to load resource: the server responded with a status of 401 (Unauthorized) @ http://localhost:3001/api/ha-oidc/providers/enabled:0
[   66510ms] [INFO] %cDownload the React DevTools for a better development experience: https://reactjs.org/link/react-devtools font-weight:bold @ http://localhost:3001/node_modules/.vite/deps/react-dom-BEjadErz.js?v=d60f55b8:17230
[   66548ms] [ERROR] Failed to load resource: the server responded with a status of 401 (Unauthorized) @ http://localhost:3001/api/ha-oidc/providers/enabled:0
[   66611ms] [INFO] %cDownload the React DevTools for a better development experience: https://reactjs.org/link/react-devtools font-weight:bold @ http://localhost:3001/node_modules/.vite/deps/react-dom-BEjadErz.js?v=d60f55b8:17230
[   66652ms] [ERROR] Failed to load resource: the server responded with a status of 401 (Unauthorized) @ http://localhost:3001/api/ha-oidc/providers/enabled:0
[   66717ms] [INFO] %cDownload the React DevTools for a better development experience: https://reactjs.org/link/react-devtools font-weight:bold @ http://localhost:3001/node_modules/.vite/deps/react-dom-BEjadErz.js?v=d60f55b8:17230
[   66760ms] [ERROR] Failed to load resource: the server responded with a status of 401 (Unauthorized) @ http://localhost:3001/api/ha-oidc/providers/enabled:0
[   66823ms] [INFO] %cDownload the React DevTools for a better development experience: https://reactjs.org/link/react-devtools font-weight:bold @ http://localhost:3001/node_modules/.vite/deps/react-dom-BEjadErz.js?v=d60f55b8:17230
[   66857ms] [ERROR] Failed to load resource: the server responded with a status of 401 (Unauthorized) @ http://localhost:3001/api/ha-oidc/providers/enabled:0
[   66920ms] [INFO] %cDownload the React DevTools for a better development experience: https://reactjs.org/link/react-devtools font-weight:bold @ http://localhost:3001/node_modules/.vite/deps/react-dom-BEjadErz.js?v=d60f55b8:17230
[   66958ms] [ERROR] Failed to load resource: the server responded with a status of 401 (Unauthorized) @ http://localhost:3001/api/ha-oidc/providers/enabled:0
[   67022ms] [INFO] %cDownload the React DevTools for a better development experience: https://reactjs.org/link/react-devtools font-weight:bold @ http://localhost:3001/node_modules/.vite/deps/react-dom-BEjadErz.js?v=d60f55b8:17230
[   67058ms] [ERROR] Failed to load resource: the server responded with a status of 401 (Unauthorized) @ http://localhost:3001/api/ha-oidc/providers/enabled:0
[   67121ms] [INFO] %cDownload the React DevTools for a better development experience: https://reactjs.org/link/react-devtools font-weight:bold @ http://localhost:3001/node_modules/.vite/deps/react-dom-BEjadErz.js?v=d60f55b8:17230
[   67159ms] [ERROR] Failed to load resource: the server responded with a status of 401 (Unauthorized) @ http://localhost:3001/api/ha-oidc/providers/enabled:0
[   67221ms] [INFO] %cDownload the React DevTools for a better development experience: https://reactjs.org/link/react-devtools font-weight:bold @ http://localhost:3001/node_modules/.vite/deps/react-dom-BEjadErz.js?v=d60f55b8:17230
[   67261ms] [ERROR] Failed to load resource: the server responded with a status of 401 (Unauthorized) @ http://localhost:3001/api/ha-oidc/providers/enabled:0
[   67322ms] [INFO] %cDownload the React DevTools for a better development experience: https://reactjs.org/link/react-devtools font-weight:bold @ http://localhost:3001/node_modules/.vite/deps/react-dom-BEjadErz.js?v=d60f55b8:17230
[   67362ms] [ERROR] Failed to load resource: the server responded with a status of 401 (Unauthorized) @ http://localhost:3001/api/ha-oidc/providers/enabled:0
[   67424ms] [INFO] %cDownload the React DevTools for a better development experience: https://reactjs.org/link/react-devtools font-weight:bold @ http://localhost:3001/node_modules/.vite/deps/react-dom-BEjadErz.js?v=d60f55b8:17230
[   67461ms] [ERROR] Failed to load resource: the server responded with a status of 401 (Unauthorized) @ http://localhost:3001/api/ha-oidc/providers/enabled:0
[   67523ms] [INFO] %cDownload the React DevTools for a better development experience: https://reactjs.org/link/react-devtools font-weight:bold @ http://localhost:3001/node_modules/.vite/deps/react-dom-BEjadErz.js?v=d60f55b8:17230
[   67564ms] [ERROR] Failed to load resource: the server responded with a status of 401 (Unauthorized) @ http://localhost:3001/api/ha-oidc/providers/enabled:0
[   67631ms] [INFO] %cDownload the React DevTools for a better development experience: https://reactjs.org/link/react-devtools font-weight:bold @ http://localhost:3001/node_modules/.vite/deps/react-dom-BEjadErz.js?v=d60f55b8:17230
[   67672ms] [ERROR] Failed to load resource: the server responded with a status of 401 (Unauthorized) @ http://localhost:3001/api/ha-oidc/providers/enabled:0
[   67737ms] [INFO] %cDownload the React DevTools for a better development experience: https://reactjs.org/link/react-devtools font-weight:bold @ http://localhost:3001/node_modules/.vite/deps/react-dom-BEjadErz.js?v=d60f55b8:17230
[   67781ms] [ERROR] Failed to load resource: the server responded with a status of 401 (Unauthorized) @ http://localhost:3001/api/ha-oidc/providers/enabled:0
[   67850ms] [INFO] %cDownload the React DevTools for a better development experience: https://reactjs.org/link/react-devtools font-weight:bold @ http://localhost:3001/node_modules/.vite/deps/react-dom-BEjadErz.js?v=d60f55b8:17230
[   67887ms] [ERROR] Failed to load resource: the server responded with a status of 401 (Unauthorized) @ http://localhost:3001/api/ha-oidc/providers/enabled:0
[   67961ms] [INFO] %cDownload the React DevTools for a better development experience: https://reactjs.org/link/react-devtools font-weight:bold @ http://localhost:3001/node_modules/.vite/deps/react-dom-BEjadErz.js?v=d60f55b8:17230
[   68004ms] [ERROR] Failed to load resource: the server responded with a status of 401 (Unauthorized) @ http://localhost:3001/api/ha-oidc/providers/enabled:0
[   68073ms] [INFO] %cDownload the React DevTools for a better development experience: https://reactjs.org/link/react-devtools font-weight:bold @ http://localhost:3001/node_modules/.vite/deps/react-dom-BEjadErz.js?v=d60f55b8:17230
[   68111ms] [ERROR] Failed to load resource: the server responded with a status of 401 (Unauthorized) @ http://localhost:3001/api/ha-oidc/providers/enabled:0
[   68180ms] [INFO] %cDownload the React DevTools for a better development experience: https://reactjs.org/link/react-devtools font-weight:bold @ http://localhost:3001/node_modules/.vite/deps/react-dom-BEjadErz.js?v=d60f55b8:17230
[   68219ms] [ERROR] Failed to load resource: the server responded with a status of 401 (Unauthorized) @ http://localhost:3001/api/ha-oidc/providers/enabled:0
[   68290ms] [INFO] %cDownload the React DevTools for a better development experience: https://reactjs.org/link/react-devtools font-weight:bold @ http://localhost:3001/node_modules/.vite/deps/react-dom-BEjadErz.js?v=d60f55b8:17230
[   68327ms] [ERROR] Failed to load resource: the server responded with a status of 401 (Unauthorized) @ http://localhost:3001/api/ha-oidc/providers/enabled:0
[   68395ms] [INFO] %cDownload the React DevTools for a better development experience: https://reactjs.org/link/react-devtools font-weight:bold @ http://localhost:3001/node_modules/.vite/deps/react-dom-BEjadErz.js?v=d60f55b8:17230
[   68434ms] [ERROR] Failed to load resource: the server responded with a status of 401 (Unauthorized) @ http://localhost:3001/api/ha-oidc/providers/enabled:0
[   68501ms] [INFO] %cDownload the React DevTools for a better development experience: https://reactjs.org/link/react-devtools font-weight:bold @ http://localhost:3001/node_modules/.vite/deps/react-dom-BEjadErz.js?v=d60f55b8:17230
[   68536ms] [ERROR] Failed to load resource: the server responded with a status of 401 (Unauthorized) @ http://localhost:3001/api/ha-oidc/providers/enabled:0
[   68606ms] [INFO] %cDownload the React DevTools for a better development experience: https://reactjs.org/link/react-devtools font-weight:bold @ http://localhost:3001/node_modules/.vite/deps/react-dom-BEjadErz.js?v=d60f55b8:17230
[   68645ms] [ERROR] Failed to load resource: the server responded with a status of 401 (Unauthorized) @ http://localhost:3001/api/ha-oidc/providers/enabled:0
[   68713ms] [INFO] %cDownload the React DevTools for a better development experience: https://reactjs.org/link/react-devtools font-weight:bold @ http://localhost:3001/node_modules/.vite/deps/react-dom-BEjadErz.js?v=d60f55b8:17230
[   68755ms] [ERROR] Failed to load resource: the server responded with a status of 401 (Unauthorized) @ http://localhost:3001/api/ha-oidc/providers/enabled:0
[   68825ms] [INFO] %cDownload the React DevTools for a better development experience: https://reactjs.org/link/react-devtools font-weight:bold @ http://localhost:3001/node_modules/.vite/deps/react-dom-BEjadErz.js?v=d60f55b8:17230
[   68866ms] [ERROR] Failed to load resource: the server responded with a status of 401 (Unauthorized) @ http://localhost:3001/api/ha-oidc/providers/enabled:0
[   68934ms] [INFO] %cDownload the React DevTools for a better development experience: https://reactjs.org/link/react-devtools font-weight:bold @ http://localhost:3001/node_modules/.vite/deps/react-dom-BEjadErz.js?v=d60f55b8:17230
[   68971ms] [ERROR] Failed to load resource: the server responded with a status of 401 (Unauthorized) @ http://localhost:3001/api/ha-oidc/providers/enabled:0
[   69043ms] [INFO] %cDownload the React DevTools for a better development experience: https://reactjs.org/link/react-devtools font-weight:bold @ http://localhost:3001/node_modules/.vite/deps/react-dom-BEjadErz.js?v=d60f55b8:17230
[   69081ms] [ERROR] Failed to load resource: the server responded with a status of 401 (Unauthorized) @ http://localhost:3001/api/ha-oidc/providers/enabled:0
[   69162ms] [INFO] %cDownload the React DevTools for a better development experience: https://reactjs.org/link/react-devtools font-weight:bold @ http://localhost:3001/node_modules/.vite/deps/react-dom-BEjadErz.js?v=d60f55b8:17230
[   69199ms] [ERROR] Failed to load resource: the server responded with a status of 401 (Unauthorized) @ http://localhost:3001/api/ha-oidc/providers/enabled:0
[   69268ms] [INFO] %cDownload the React DevTools for a better development experience: https://reactjs.org/link/react-devtools font-weight:bold @ http://localhost:3001/node_modules/.vite/deps/react-dom-BEjadErz.js?v=d60f55b8:17230
[   69310ms] [ERROR] Failed to load resource: the server responded with a status of 401 (Unauthorized) @ http://localhost:3001/api/ha-oidc/providers/enabled:0
[   69414ms] [INFO] %cDownload the React DevTools for a better development experience: https://reactjs.org/link/react-devtools font-weight:bold @ http://localhost:3001/node_modules/.vite/deps/react-dom-BEjadErz.js?v=d60f55b8:17230
[   69459ms] [ERROR] Failed to load resource: the server responded with a status of 401 (Unauthorized) @ http://localhost:3001/api/ha-oidc/providers/enabled:0
[   69532ms] [INFO] %cDownload the React DevTools for a better development experience: https://reactjs.org/link/react-devtools font-weight:bold @ http://localhost:3001/node_modules/.vite/deps/react-dom-BEjadErz.js?v=d60f55b8:17230
[   69581ms] [ERROR] Failed to load resource: the server responded with a status of 401 (Unauthorized) @ http://localhost:3001/api/ha-oidc/providers/enabled:0
[   69658ms] [INFO] %cDownload the React DevTools for a better development experience: https://reactjs.org/link/react-devtools font-weight:bold @ http://localhost:3001/node_modules/.vite/deps/react-dom-BEjadErz.js?v=d60f55b8:17230
[   69700ms] [ERROR] Failed to load resource: the server responded with a status of 401 (Unauthorized) @ http://localhost:3001/api/ha-oidc/providers/enabled:0
[   69763ms] [INFO] %cDownload the React DevTools for a better development experience: https://reactjs.org/link/react-devtools font-weight:bold @ http://localhost:3001/node_modules/.vite/deps/react-dom-BEjadErz.js?v=d60f55b8:17230
[   69804ms] [ERROR] Failed to load resource: the server responded with a status of 401 (Unauthorized) @ http://localhost:3001/api/ha-oidc/providers/enabled:0
[   69866ms] [INFO] %cDownload the React DevTools for a better development experience: https://reactjs.org/link/react-devtools font-weight:bold @ http://localhost:3001/node_modules/.vite/deps/react-dom-BEjadErz.js?v=d60f55b8:17230
[   69906ms] [ERROR] Failed to load resource: the server responded with a status of 401 (Unauthorized) @ http://localhost:3001/api/ha-oidc/providers/enabled:0
[   69969ms] [INFO] %cDownload the React DevTools for a better development experience: https://reactjs.org/link/react-devtools font-weight:bold @ http://localhost:3001/node_modules/.vite/deps/react-dom-BEjadErz.js?v=d60f55b8:17230
[   70009ms] [ERROR] Failed to load resource: the server responded with a status of 401 (Unauthorized) @ http://localhost:3001/api/ha-oidc/providers/enabled:0
[   70079ms] [INFO] %cDownload the React DevTools for a better development experience: https://reactjs.org/link/react-devtools font-weight:bold @ http://localhost:3001/node_modules/.vite/deps/react-dom-BEjadErz.js?v=d60f55b8:17230
[   70120ms] [ERROR] Failed to load resource: the server responded with a status of 401 (Unauthorized) @ http://localhost:3001/api/ha-oidc/providers/enabled:0
[   70184ms] [INFO] %cDownload the React DevTools for a better development experience: https://reactjs.org/link/react-devtools font-weight:bold @ http://localhost:3001/node_modules/.vite/deps/react-dom-BEjadErz.js?v=d60f55b8:17230
[   70217ms] [ERROR] Failed to load resource: the server responded with a status of 401 (Unauthorized) @ http://localhost:3001/api/ha-oidc/providers/enabled:0
[   70288ms] [INFO] %cDownload the React DevTools for a better development experience: https://reactjs.org/link/react-devtools font-weight:bold @ http://localhost:3001/node_modules/.vite/deps/react-dom-BEjadErz.js?v=d60f55b8:17230
[   70325ms] [ERROR] Failed to load resource: the server responded with a status of 401 (Unauthorized) @ http://localhost:3001/api/ha-oidc/providers/enabled:0
[   70390ms] [INFO] %cDownload the React DevTools for a better development experience: https://reactjs.org/link/react-devtools font-weight:bold @ http://localhost:3001/node_modules/.vite/deps/react-dom-BEjadErz.js?v=d60f55b8:17230
[   70427ms] [ERROR] Failed to load resource: the server responded with a status of 401 (Unauthorized) @ http://localhost:3001/api/ha-oidc/providers/enabled:0
[   70492ms] [INFO] %cDownload the React DevTools for a better development experience: https://reactjs.org/link/react-devtools font-weight:bold @ http://localhost:3001/node_modules/.vite/deps/react-dom-BEjadErz.js?v=d60f55b8:17230
[   70531ms] [ERROR] Failed to load resource: the server responded with a status of 401 (Unauthorized) @ http://localhost:3001/api/ha-oidc/providers/enabled:0
[   70594ms] [INFO] %cDownload the React DevTools for a better development experience: https://reactjs.org/link/react-devtools font-weight:bold @ http://localhost:3001/node_modules/.vite/deps/react-dom-BEjadErz.js?v=d60f55b8:17230
[   70631ms] [ERROR] Failed to load resource: the server responded with a status of 401 (Unauthorized) @ http://localhost:3001/api/ha-oidc/providers/enabled:0
[   70700ms] [INFO] %cDownload the React DevTools for a better development experience: https://reactjs.org/link/react-devtools font-weight:bold @ http://localhost:3001/node_modules/.vite/deps/react-dom-BEjadErz.js?v=d60f55b8:17230
[   70740ms] [ERROR] Failed to load resource: the server responded with a status of 401 (Unauthorized) @ http://localhost:3001/api/ha-oidc/providers/enabled:0
[   70815ms] [INFO] %cDownload the React DevTools for a better development experience: https://reactjs.org/link/react-devtools font-weight:bold @ http://localhost:3001/node_modules/.vite/deps/react-dom-BEjadErz.js?v=d60f55b8:17230
[   70853ms] [ERROR] Failed to load resource: the server responded with a status of 401 (Unauthorized) @ http://localhost:3001/api/ha-oidc/providers/enabled:0
[   70929ms] [INFO] %cDownload the React DevTools for a better development experience: https://reactjs.org/link/react-devtools font-weight:bold @ http://localhost:3001/node_modules/.vite/deps/react-dom-BEjadErz.js?v=d60f55b8:17230
[   70968ms] [ERROR] Failed to load resource: the server responded with a status of 401 (Unauthorized) @ http://localhost:3001/api/ha-oidc/providers/enabled:0
[   71050ms] [INFO] %cDownload the React DevTools for a better development experience: https://reactjs.org/link/react-devtools font-weight:bold @ http://localhost:3001/node_modules/.vite/deps/react-dom-BEjadErz.js?v=d60f55b8:17230
[   71088ms] [ERROR] Failed to load resource: the server responded with a status of 401 (Unauthorized) @ http://localhost:3001/api/ha-oidc/providers/enabled:0
[   71159ms] [INFO] %cDownload the React DevTools for a better development experience: https://reactjs.org/link/react-devtools font-weight:bold @ http://localhost:3001/node_modules/.vite/deps/react-dom-BEjadErz.js?v=d60f55b8:17230
[   71199ms] [ERROR] Failed to load resource: the server responded with a status of 401 (Unauthorized) @ http://localhost:3001/api/ha-oidc/providers/enabled:0
[   71272ms] [INFO] %cDownload the React DevTools for a better development experience: https://reactjs.org/link/react-devtools font-weight:bold @ http://localhost:3001/node_modules/.vite/deps/react-dom-BEjadErz.js?v=d60f55b8:17230
[   71311ms] [ERROR] Failed to load resource: the server responded with a status of 401 (Unauthorized) @ http://localhost:3001/api/ha-oidc/providers/enabled:0
[   71400ms] [INFO] %cDownload the React DevTools for a better development experience: https://reactjs.org/link/react-devtools font-weight:bold @ http://localhost:3001/node_modules/.vite/deps/react-dom-BEjadErz.js?v=d60f55b8:17230
[   71449ms] [ERROR] Failed to load resource: the server responded with a status of 401 (Unauthorized) @ http://localhost:3001/api/ha-oidc/providers/enabled:0
[   71526ms] [INFO] %cDownload the React DevTools for a better development experience: https://reactjs.org/link/react-devtools font-weight:bold @ http://localhost:3001/node_modules/.vite/deps/react-dom-BEjadErz.js?v=d60f55b8:17230
[   71561ms] [ERROR] Failed to load resource: the server responded with a status of 401 (Unauthorized) @ http://localhost:3001/api/ha-oidc/providers/enabled:0
[   71642ms] [INFO] %cDownload the React DevTools for a better development experience: https://reactjs.org/link/react-devtools font-weight:bold @ http://localhost:3001/node_modules/.vite/deps/react-dom-BEjadErz.js?v=d60f55b8:17230
[   71679ms] [ERROR] Failed to load resource: the server responded with a status of 401 (Unauthorized) @ http://localhost:3001/api/ha-oidc/providers/enabled:0
[   71743ms] [INFO] %cDownload the React DevTools for a better development experience: https://reactjs.org/link/react-devtools font-weight:bold @ http://localhost:3001/node_modules/.vite/deps/react-dom-BEjadErz.js?v=d60f55b8:17230
[   71782ms] [ERROR] Failed to load resource: the server responded with a status of 401 (Unauthorized) @ http://localhost:3001/api/ha-oidc/providers/enabled:0
[   71880ms] [INFO] %cDownload the React DevTools for a better development experience: https://reactjs.org/link/react-devtools font-weight:bold @ http://localhost:3001/node_modules/.vite/deps/react-dom-BEjadErz.js?v=d60f55b8:17230
[   71929ms] [ERROR] Failed to load resource: the server responded with a status of 401 (Unauthorized) @ http://localhost:3001/api/ha-oidc/providers/enabled:0
[   71994ms] [INFO] %cDownload the React DevTools for a better development experience: https://reactjs.org/link/react-devtools font-weight:bold @ http://localhost:3001/node_modules/.vite/deps/react-dom-BEjadErz.js?v=d60f55b8:17230
[   72032ms] [ERROR] Failed to load resource: the server responded with a status of 401 (Unauthorized) @ http://localhost:3001/api/ha-oidc/providers/enabled:0
[   72095ms] [INFO] %cDownload the React DevTools for a better development experience: https://reactjs.org/link/react-devtools font-weight:bold @ http://localhost:3001/node_modules/.vite/deps/react-dom-BEjadErz.js?v=d60f55b8:17230
[   72136ms] [ERROR] Failed to load resource: the server responded with a status of 401 (Unauthorized) @ http://localhost:3001/api/ha-oidc/providers/enabled:0
[   72201ms] [INFO] %cDownload the React DevTools for a better development experience: https://reactjs.org/link/react-devtools font-weight:bold @ http://localhost:3001/node_modules/.vite/deps/react-dom-BEjadErz.js?v=d60f55b8:17230
[   72236ms] [ERROR] Failed to load resource: the server responded with a status of 401 (Unauthorized) @ http://localhost:3001/api/ha-oidc/providers/enabled:0
[   72300ms] [INFO] %cDownload the React DevTools for a better development experience: https://reactjs.org/link/react-devtools font-weight:bold @ http://localhost:3001/node_modules/.vite/deps/react-dom-BEjadErz.js?v=d60f55b8:17230
[   72337ms] [ERROR] Failed to load resource: the server responded with a status of 401 (Unauthorized) @ http://localhost:3001/api/ha-oidc/providers/enabled:0
[   72400ms] [INFO] %cDownload the React DevTools for a better development experience: https://reactjs.org/link/react-devtools font-weight:bold @ http://localhost:3001/node_modules/.vite/deps/react-dom-BEjadErz.js?v=d60f55b8:17230
[   72434ms] [ERROR] Failed to load resource: the server responded with a status of 401 (Unauthorized) @ http://localhost:3001/api/ha-oidc/providers/enabled:0
[   72500ms] [INFO] %cDownload the React DevTools for a better development experience: https://reactjs.org/link/react-devtools font-weight:bold @ http://localhost:3001/node_modules/.vite/deps/react-dom-BEjadErz.js?v=d60f55b8:17230
[   72543ms] [ERROR] Failed to load resource: the server responded with a status of 401 (Unauthorized) @ http://localhost:3001/api/ha-oidc/providers/enabled:0
[   72604ms] [INFO] %cDownload the React DevTools for a better development experience: https://reactjs.org/link/react-devtools font-weight:bold @ http://localhost:3001/node_modules/.vite/deps/react-dom-BEjadErz.js?v=d60f55b8:17230
[   72641ms] [ERROR] Failed to load resource: the server responded with a status of 401 (Unauthorized) @ http://localhost:3001/api/ha-oidc/providers/enabled:0
[   72705ms] [INFO] %cDownload the React DevTools for a better development experience: https://reactjs.org/link/react-devtools font-weight:bold @ http://localhost:3001/node_modules/.vite/deps/react-dom-BEjadErz.js?v=d60f55b8:17230
[   72746ms] [ERROR] Failed to load resource: the server responded with a status of 401 (Unauthorized) @ http://localhost:3001/api/ha-oidc/providers/enabled:0
[   72850ms] [INFO] %cDownload the React DevTools for a better development experience: https://reactjs.org/link/react-devtools font-weight:bold @ http://localhost:3001/node_modules/.vite/deps/react-dom-BEjadErz.js?v=d60f55b8:17230
[   72896ms] [ERROR] Failed to load resource: the server responded with a status of 401 (Unauthorized) @ http://localhost:3001/api/ha-oidc/providers/enabled:0
[   72965ms] [INFO] %cDownload the React DevTools for a better development experience: https://reactjs.org/link/react-devtools font-weight:bold @ http://localhost:3001/node_modules/.vite/deps/react-dom-BEjadErz.js?v=d60f55b8:17230
[   73015ms] [ERROR] Failed to load resource: the server responded with a status of 401 (Unauthorized) @ http://localhost:3001/api/ha-oidc/providers/enabled:0
[   73086ms] [INFO] %cDownload the React DevTools for a better development experience: https://reactjs.org/link/react-devtools font-weight:bold @ http://localhost:3001/node_modules/.vite/deps/react-dom-BEjadErz.js?v=d60f55b8:17230
[   73127ms] [ERROR] Failed to load resource: the server responded with a status of 401 (Unauthorized) @ http://localhost:3001/api/ha-oidc/providers/enabled:0
[   73204ms] [INFO] %cDownload the React DevTools for a better development experience: https://reactjs.org/link/react-devtools font-weight:bold @ http://localhost:3001/node_modules/.vite/deps/react-dom-BEjadErz.js?v=d60f55b8:17230
[   73246ms] [ERROR] Failed to load resource: the server responded with a status of 401 (Unauthorized) @ http://localhost:3001/api/ha-oidc/providers/enabled:0
[   73313ms] [INFO] %cDownload the React DevTools for a better development experience: https://reactjs.org/link/react-devtools font-weight:bold @ http://localhost:3001/node_modules/.vite/deps/react-dom-BEjadErz.js?v=d60f55b8:17230
[   73359ms] [ERROR] Failed to load resource: the server responded with a status of 401 (Unauthorized) @ http://localhost:3001/api/ha-oidc/providers/enabled:0
[   73424ms] [INFO] %cDownload the React DevTools for a better development experience: https://reactjs.org/link/react-devtools font-weight:bold @ http://localhost:3001/node_modules/.vite/deps/react-dom-BEjadErz.js?v=d60f55b8:17230
[   73462ms] [ERROR] Failed to load resource: the server responded with a status of 401 (Unauthorized) @ http://localhost:3001/api/ha-oidc/providers/enabled:0
[   73524ms] [INFO] %cDownload the React DevTools for a better development experience: https://reactjs.org/link/react-devtools font-weight:bold @ http://localhost:3001/node_modules/.vite/deps/react-dom-BEjadErz.js?v=d60f55b8:17230
[   73561ms] [ERROR] Failed to load resource: the server responded with a status of 401 (Unauthorized) @ http://localhost:3001/api/ha-oidc/providers/enabled:0
[   73621ms] [INFO] %cDownload the React DevTools for a better development experience: https://reactjs.org/link/react-devtools font-weight:bold @ http://localhost:3001/node_modules/.vite/deps/react-dom-BEjadErz.js?v=d60f55b8:17230
[   73661ms] [ERROR] Failed to load resource: the server responded with a status of 401 (Unauthorized) @ http://localhost:3001/api/ha-oidc/providers/enabled:0
[   73723ms] [INFO] %cDownload the React DevTools for a better development experience: https://reactjs.org/link/react-devtools font-weight:bold @ http://localhost:3001/node_modules/.vite/deps/react-dom-BEjadErz.js?v=d60f55b8:17230
[   73760ms] [ERROR] Failed to load resource: the server responded with a status of 401 (Unauthorized) @ http://localhost:3001/api/ha-oidc/providers/enabled:0
[   73823ms] [INFO] %cDownload the React DevTools for a better development experience: https://reactjs.org/link/react-devtools font-weight:bold @ http://localhost:3001/node_modules/.vite/deps/react-dom-BEjadErz.js?v=d60f55b8:17230
[   73861ms] [ERROR] Failed to load resource: the server responded with a status of 401 (Unauthorized) @ http://localhost:3001/api/ha-oidc/providers/enabled:0
[   73923ms] [INFO] %cDownload the React DevTools for a better development experience: https://reactjs.org/link/react-devtools font-weight:bold @ http://localhost:3001/node_modules/.vite/deps/react-dom-BEjadErz.js?v=d60f55b8:17230
[   73959ms] [ERROR] Failed to load resource: the server responded with a status of 401 (Unauthorized) @ http://localhost:3001/api/ha-oidc/providers/enabled:0
[   74024ms] [INFO] %cDownload the React DevTools for a better development experience: https://reactjs.org/link/react-devtools font-weight:bold @ http://localhost:3001/node_modules/.vite/deps/react-dom-BEjadErz.js?v=d60f55b8:17230
[   74105ms] [ERROR] Failed to load resource: the server responded with a status of 401 (Unauthorized) @ http://localhost:3001/api/ha-oidc/providers/enabled:0
[   74171ms] [INFO] %cDownload the React DevTools for a better development experience: https://reactjs.org/link/react-devtools font-weight:bold @ http://localhost:3001/node_modules/.vite/deps/react-dom-BEjadErz.js?v=d60f55b8:17230
[   74205ms] [ERROR] Failed to load resource: the server responded with a status of 401 (Unauthorized) @ http://localhost:3001/api/ha-oidc/providers/enabled:0
[   74270ms] [INFO] %cDownload the React DevTools for a better development experience: https://reactjs.org/link/react-devtools font-weight:bold @ http://localhost:3001/node_modules/.vite/deps/react-dom-BEjadErz.js?v=d60f55b8:17230
[   74310ms] [ERROR] Failed to load resource: the server responded with a status of 401 (Unauthorized) @ http://localhost:3001/api/ha-oidc/providers/enabled:0
[   74373ms] [INFO] %cDownload the React DevTools for a better development experience: https://reactjs.org/link/react-devtools font-weight:bold @ http://localhost:3001/node_modules/.vite/deps/react-dom-BEjadErz.js?v=d60f55b8:17230
[   74411ms] [ERROR] Failed to load resource: the server responded with a status of 401 (Unauthorized) @ http://localhost:3001/api/ha-oidc/providers/enabled:0
[   74474ms] [INFO] %cDownload the React DevTools for a better development experience: https://reactjs.org/link/react-devtools font-weight:bold @ http://localhost:3001/node_modules/.vite/deps/react-dom-BEjadErz.js?v=d60f55b8:17230
[   74511ms] [ERROR] Failed to load resource: the server responded with a status of 401 (Unauthorized) @ http://localhost:3001/api/ha-oidc/providers/enabled:0
[   74574ms] [INFO] %cDownload the React DevTools for a better development experience: https://reactjs.org/link/react-devtools font-weight:bold @ http://localhost:3001/node_modules/.vite/deps/react-dom-BEjadErz.js?v=d60f55b8:17230
[   74610ms] [ERROR] Failed to load resource: the server responded with a status of 401 (Unauthorized) @ http://localhost:3001/api/ha-oidc/providers/enabled:0
[   74674ms] [INFO] %cDownload the React DevTools for a better development experience: https://reactjs.org/link/react-devtools font-weight:bold @ http://localhost:3001/node_modules/.vite/deps/react-dom-BEjadErz.js?v=d60f55b8:17230
[   74711ms] [ERROR] Failed to load resource: the server responded with a status of 401 (Unauthorized) @ http://localhost:3001/api/ha-oidc/providers/enabled:0
[   74774ms] [INFO] %cDownload the React DevTools for a better development experience: https://reactjs.org/link/react-devtools font-weight:bold @ http://localhost:3001/node_modules/.vite/deps/react-dom-BEjadErz.js?v=d60f55b8:17230
[   74811ms] [ERROR] Failed to load resource: the server responded with a status of 401 (Unauthorized) @ http://localhost:3001/api/ha-oidc/providers/enabled:0
[   74873ms] [INFO] %cDownload the React DevTools for a better development experience: https://reactjs.org/link/react-devtools font-weight:bold @ http://localhost:3001/node_modules/.vite/deps/react-dom-BEjadErz.js?v=d60f55b8:17230
[   74912ms] [ERROR] Failed to load resource: the server responded with a status of 401 (Unauthorized) @ http://localhost:3001/api/ha-oidc/providers/enabled:0
[   74974ms] [INFO] %cDownload the React DevTools for a better development experience: https://reactjs.org/link/react-devtools font-weight:bold @ http://localhost:3001/node_modules/.vite/deps/react-dom-BEjadErz.js?v=d60f55b8:17230
[   75013ms] [ERROR] Failed to load resource: the server responded with a status of 401 (Unauthorized) @ http://localhost:3001/api/ha-oidc/providers/enabled:0
[   75075ms] [INFO] %cDownload the React DevTools for a better development experience: https://reactjs.org/link/react-devtools font-weight:bold @ http://localhost:3001/node_modules/.vite/deps/react-dom-BEjadErz.js?v=d60f55b8:17230
[   75125ms] [ERROR] Failed to load resource: the server responded with a status of 401 (Unauthorized) @ http://localhost:3001/api/ha-oidc/providers/enabled:0
[   75193ms] [INFO] %cDownload the React DevTools for a better development experience: https://reactjs.org/link/react-devtools font-weight:bold @ http://localhost:3001/node_modules/.vite/deps/react-dom-BEjadErz.js?v=d60f55b8:17230
[   75231ms] [ERROR] Failed to load resource: the server responded with a status of 401 (Unauthorized) @ http://localhost:3001/api/ha-oidc/providers/enabled:0
[   75316ms] [INFO] %cDownload the React DevTools for a better development experience: https://reactjs.org/link/react-devtools font-weight:bold @ http://localhost:3001/node_modules/.vite/deps/react-dom-BEjadErz.js?v=d60f55b8:17230
[   75357ms] [ERROR] Failed to load resource: the server responded with a status of 401 (Unauthorized) @ http://localhost:3001/api/ha-oidc/providers/enabled:0
[   75419ms] [INFO] %cDownload the React DevTools for a better development experience: https://reactjs.org/link/react-devtools font-weight:bold @ http://localhost:3001/node_modules/.vite/deps/react-dom-BEjadErz.js?v=d60f55b8:17230
[   75458ms] [ERROR] Failed to load resource: the server responded with a status of 401 (Unauthorized) @ http://localhost:3001/api/ha-oidc/providers/enabled:0
[   75520ms] [INFO] %cDownload the React DevTools for a better development experience: https://reactjs.org/link/react-devtools font-weight:bold @ http://localhost:3001/node_modules/.vite/deps/react-dom-BEjadErz.js?v=d60f55b8:17230
[   75565ms] [ERROR] Failed to load resource: the server responded with a status of 401 (Unauthorized) @ http://localhost:3001/api/ha-oidc/providers/enabled:0
[   75638ms] [INFO] %cDownload the React DevTools for a better development experience: https://reactjs.org/link/react-devtools font-weight:bold @ http://localhost:3001/node_modules/.vite/deps/react-dom-BEjadErz.js?v=d60f55b8:17230
[   75676ms] [ERROR] Failed to load resource: the server responded with a status of 401 (Unauthorized) @ http://localhost:3001/api/ha-oidc/providers/enabled:0
[   75737ms] [INFO] %cDownload the React DevTools for a better development experience: https://reactjs.org/link/react-devtools font-weight:bold @ http://localhost:3001/node_modules/.vite/deps/react-dom-BEjadErz.js?v=d60f55b8:17230
[   75779ms] [ERROR] Failed to load resource: the server responded with a status of 401 (Unauthorized) @ http://localhost:3001/api/ha-oidc/providers/enabled:0
[   75840ms] [INFO] %cDownload the React DevTools for a better development experience: https://reactjs.org/link/react-devtools font-weight:bold @ http://localhost:3001/node_modules/.vite/deps/react-dom-BEjadErz.js?v=d60f55b8:17230
[   75879ms] [ERROR] Failed to load resource: the server responded with a status of 401 (Unauthorized) @ http://localhost:3001/api/ha-oidc/providers/enabled:0
[   75946ms] [INFO] %cDownload the React DevTools for a better development experience: https://reactjs.org/link/react-devtools font-weight:bold @ http://localhost:3001/node_modules/.vite/deps/react-dom-BEjadErz.js?v=d60f55b8:17230
[   75986ms] [ERROR] Failed to load resource: the server responded with a status of 401 (Unauthorized) @ http://localhost:3001/api/ha-oidc/providers/enabled:0
[   76069ms] [INFO] %cDownload the React DevTools for a better development experience: https://reactjs.org/link/react-devtools font-weight:bold @ http://localhost:3001/node_modules/.vite/deps/react-dom-BEjadErz.js?v=d60f55b8:17230
[   76106ms] [ERROR] Failed to load resource: the server responded with a status of 401 (Unauthorized) @ http://localhost:3001/api/ha-oidc/providers/enabled:0
[   76177ms] [INFO] %cDownload the React DevTools for a better development experience: https://reactjs.org/link/react-devtools font-weight:bold @ http://localhost:3001/node_modules/.vite/deps/react-dom-BEjadErz.js?v=d60f55b8:17230
[   76220ms] [ERROR] Failed to load resource: the server responded with a status of 401 (Unauthorized) @ http://localhost:3001/api/ha-oidc/providers/enabled:0
[   76287ms] [INFO] %cDownload the React DevTools for a better development experience: https://reactjs.org/link/react-devtools font-weight:bold @ http://localhost:3001/node_modules/.vite/deps/react-dom-BEjadErz.js?v=d60f55b8:17230
[   76323ms] [ERROR] Failed to load resource: the server responded with a status of 401 (Unauthorized) @ http://localhost:3001/api/ha-oidc/providers/enabled:0
[   76387ms] [INFO] %cDownload the React DevTools for a better development experience: https://reactjs.org/link/react-devtools font-weight:bold @ http://localhost:3001/node_modules/.vite/deps/react-dom-BEjadErz.js?v=d60f55b8:17230
[   76427ms] [ERROR] Failed to load resource: the server responded with a status of 401 (Unauthorized) @ http://localhost:3001/api/ha-oidc/providers/enabled:0
[   76488ms] [INFO] %cDownload the React DevTools for a better development experience: https://reactjs.org/link/react-devtools font-weight:bold @ http://localhost:3001/node_modules/.vite/deps/react-dom-BEjadErz.js?v=d60f55b8:17230
[   76525ms] [ERROR] Failed to load resource: the server responded with a status of 401 (Unauthorized) @ http://localhost:3001/api/ha-oidc/providers/enabled:0
[   76590ms] [INFO] %cDownload the React DevTools for a better development experience: https://reactjs.org/link/react-devtools font-weight:bold @ http://localhost:3001/node_modules/.vite/deps/react-dom-BEjadErz.js?v=d60f55b8:17230
[   76630ms] [ERROR] Failed to load resource: the server responded with a status of 401 (Unauthorized) @ http://localhost:3001/api/ha-oidc/providers/enabled:0
[   76696ms] [INFO] %cDownload the React DevTools for a better development experience: https://reactjs.org/link/react-devtools font-weight:bold @ http://localhost:3001/node_modules/.vite/deps/react-dom-BEjadErz.js?v=d60f55b8:17230
[   76734ms] [ERROR] Failed to load resource: the server responded with a status of 401 (Unauthorized) @ http://localhost:3001/api/ha-oidc/providers/enabled:0
[   76801ms] [INFO] %cDownload the React DevTools for a better development experience: https://reactjs.org/link/react-devtools font-weight:bold @ http://localhost:3001/node_modules/.vite/deps/react-dom-BEjadErz.js?v=d60f55b8:17230
[   76858ms] [ERROR] Failed to load resource: the server responded with a status of 401 (Unauthorized) @ http://localhost:3001/api/ha-oidc/providers/enabled:0
[   76944ms] [INFO] %cDownload the React DevTools for a better development experience: https://reactjs.org/link/react-devtools font-weight:bold @ http://localhost:3001/node_modules/.vite/deps/react-dom-BEjadErz.js?v=d60f55b8:17230
[   76986ms] [ERROR] Failed to load resource: the server responded with a status of 401 (Unauthorized) @ http://localhost:3001/api/ha-oidc/providers/enabled:0
[   77052ms] [INFO] %cDownload the React DevTools for a better development experience: https://reactjs.org/link/react-devtools font-weight:bold @ http://localhost:3001/node_modules/.vite/deps/react-dom-BEjadErz.js?v=d60f55b8:17230
[   77098ms] [ERROR] Failed to load resource: the server responded with a status of 401 (Unauthorized) @ http://localhost:3001/api/ha-oidc/providers/enabled:0
[   77167ms] [INFO] %cDownload the React DevTools for a better development experience: https://reactjs.org/link/react-devtools font-weight:bold @ http://localhost:3001/node_modules/.vite/deps/react-dom-BEjadErz.js?v=d60f55b8:17230
[   77206ms] [ERROR] Failed to load resource: the server responded with a status of 401 (Unauthorized) @ http://localhost:3001/api/ha-oidc/providers/enabled:0
[   77271ms] [INFO] %cDownload the React DevTools for a better development experience: https://reactjs.org/link/react-devtools font-weight:bold @ http://localhost:3001/node_modules/.vite/deps/react-dom-BEjadErz.js?v=d60f55b8:17230
[   77305ms] [ERROR] Failed to load resource: the server responded with a status of 401 (Unauthorized) @ http://localhost:3001/api/ha-oidc/providers/enabled:0
[   77371ms] [INFO] %cDownload the React DevTools for a better development experience: https://reactjs.org/link/react-devtools font-weight:bold @ http://localhost:3001/node_modules/.vite/deps/react-dom-BEjadErz.js?v=d60f55b8:17230
[   77409ms] [ERROR] Failed to load resource: the server responded with a status of 401 (Unauthorized) @ http://localhost:3001/api/ha-oidc/providers/enabled:0
[   77510ms] [INFO] %cDownload the React DevTools for a better development experience: https://reactjs.org/link/react-devtools font-weight:bold @ http://localhost:3001/node_modules/.vite/deps/react-dom-BEjadErz.js?v=d60f55b8:17230
[   77551ms] [ERROR] Failed to load resource: the server responded with a status of 401 (Unauthorized) @ http://localhost:3001/api/ha-oidc/providers/enabled:0
[   77613ms] [INFO] %cDownload the React DevTools for a better development experience: https://reactjs.org/link/react-devtools font-weight:bold @ http://localhost:3001/node_modules/.vite/deps/react-dom-BEjadErz.js?v=d60f55b8:17230
[   77652ms] [ERROR] Failed to load resource: the server responded with a status of 401 (Unauthorized) @ http://localhost:3001/api/ha-oidc/providers/enabled:0
[   77721ms] [INFO] %cDownload the React DevTools for a better development experience: https://reactjs.org/link/react-devtools font-weight:bold @ http://localhost:3001/node_modules/.vite/deps/react-dom-BEjadErz.js?v=d60f55b8:17230
[   77759ms] [ERROR] Failed to load resource: the server responded with a status of 401 (Unauthorized) @ http://localhost:3001/api/ha-oidc/providers/enabled:0
[   77821ms] [INFO] %cDownload the React DevTools for a better development experience: https://reactjs.org/link/react-devtools font-weight:bold @ http://localhost:3001/node_modules/.vite/deps/react-dom-BEjadErz.js?v=d60f55b8:17230
[   77860ms] [ERROR] Failed to load resource: the server responded with a status of 401 (Unauthorized) @ http://localhost:3001/api/ha-oidc/providers/enabled:0
[   77926ms] [INFO] %cDownload the React DevTools for a better development experience: https://reactjs.org/link/react-devtools font-weight:bold @ http://localhost:3001/node_modules/.vite/deps/react-dom-BEjadErz.js?v=d60f55b8:17230
[   77962ms] [ERROR] Failed to load resource: the server responded with a status of 401 (Unauthorized) @ http://localhost:3001/api/ha-oidc/providers/enabled:0
[   78029ms] [INFO] %cDownload the React DevTools for a better development experience: https://reactjs.org/link/react-devtools font-weight:bold @ http://localhost:3001/node_modules/.vite/deps/react-dom-BEjadErz.js?v=d60f55b8:17230
[   78068ms] [ERROR] Failed to load resource: the server responded with a status of 401 (Unauthorized) @ http://localhost:3001/api/ha-oidc/providers/enabled:0
[   78135ms] [INFO] %cDownload the React DevTools for a better development experience: https://reactjs.org/link/react-devtools font-weight:bold @ http://localhost:3001/node_modules/.vite/deps/react-dom-BEjadErz.js?v=d60f55b8:17230
[   78171ms] [ERROR] Failed to load resource: the server responded with a status of 401 (Unauthorized) @ http://localhost:3001/api/ha-oidc/providers/enabled:0
[   78235ms] [INFO] %cDownload the React DevTools for a better development experience: https://reactjs.org/link/react-devtools font-weight:bold @ http://localhost:3001/node_modules/.vite/deps/react-dom-BEjadErz.js?v=d60f55b8:17230
[   78272ms] [ERROR] Failed to load resource: the server responded with a status of 401 (Unauthorized) @ http://localhost:3001/api/ha-oidc/providers/enabled:0
[   78339ms] [INFO] %cDownload the React DevTools for a better development experience: https://reactjs.org/link/react-devtools font-weight:bold @ http://localhost:3001/node_modules/.vite/deps/react-dom-BEjadErz.js?v=d60f55b8:17230
[   78377ms] [ERROR] Failed to load resource: the server responded with a status of 401 (Unauthorized) @ http://localhost:3001/api/ha-oidc/providers/enabled:0
[   78444ms] [INFO] %cDownload the React DevTools for a better development experience: https://reactjs.org/link/react-devtools font-weight:bold @ http://localhost:3001/node_modules/.vite/deps/react-dom-BEjadErz.js?v=d60f55b8:17230
[   78485ms] [ERROR] Failed to load resource: the server responded with a status of 401 (Unauthorized) @ http://localhost:3001/api/ha-oidc/providers/enabled:0
[   78546ms] [INFO] %cDownload the React DevTools for a better development experience: https://reactjs.org/link/react-devtools font-weight:bold @ http://localhost:3001/node_modules/.vite/deps/react-dom-BEjadErz.js?v=d60f55b8:17230
[   78598ms] [ERROR] Failed to load resource: the server responded with a status of 401 (Unauthorized) @ http://localhost:3001/api/ha-oidc/providers/enabled:0
[   78662ms] [INFO] %cDownload the React DevTools for a better development experience: https://reactjs.org/link/react-devtools font-weight:bold @ http://localhost:3001/node_modules/.vite/deps/react-dom-BEjadErz.js?v=d60f55b8:17230
[   78700ms] [ERROR] Failed to load resource: the server responded with a status of 401 (Unauthorized) @ http://localhost:3001/api/ha-oidc/providers/enabled:0
[   78764ms] [INFO] %cDownload the React DevTools for a better development experience: https://reactjs.org/link/react-devtools font-weight:bold @ http://localhost:3001/node_modules/.vite/deps/react-dom-BEjadErz.js?v=d60f55b8:17230
[   78806ms] [ERROR] Failed to load resource: the server responded with a status of 401 (Unauthorized) @ http://localhost:3001/api/ha-oidc/providers/enabled:0
[   78868ms] [INFO] %cDownload the React DevTools for a better development experience: https://reactjs.org/link/react-devtools font-weight:bold @ http://localhost:3001/node_modules/.vite/deps/react-dom-BEjadErz.js?v=d60f55b8:17230
[   78906ms] [ERROR] Failed to load resource: the server responded with a status of 401 (Unauthorized) @ http://localhost:3001/api/ha-oidc/providers/enabled:0
[   78968ms] [INFO] %cDownload the React DevTools for a better development experience: https://reactjs.org/link/react-devtools font-weight:bold @ http://localhost:3001/node_modules/.vite/deps/react-dom-BEjadErz.js?v=d60f55b8:17230
[   79004ms] [ERROR] Failed to load resource: the server responded with a status of 401 (Unauthorized) @ http://localhost:3001/api/ha-oidc/providers/enabled:0
[   79078ms] [INFO] %cDownload the React DevTools for a better development experience: https://reactjs.org/link/react-devtools font-weight:bold @ http://localhost:3001/node_modules/.vite/deps/react-dom-BEjadErz.js?v=d60f55b8:17230
[   79127ms] [ERROR] Failed to load resource: the server responded with a status of 401 (Unauthorized) @ http://localhost:3001/api/ha-oidc/providers/enabled:0
[   79210ms] [INFO] %cDownload the React DevTools for a better development experience: https://reactjs.org/link/react-devtools font-weight:bold @ http://localhost:3001/node_modules/.vite/deps/react-dom-BEjadErz.js?v=d60f55b8:17230
[   79248ms] [ERROR] Failed to load resource: the server responded with a status of 401 (Unauthorized) @ http://localhost:3001/api/ha-oidc/providers/enabled:0
[   79316ms] [INFO] %cDownload the React DevTools for a better development experience: https://reactjs.org/link/react-devtools font-weight:bold @ http://localhost:3001/node_modules/.vite/deps/react-dom-BEjadErz.js?v=d60f55b8:17230
[   79354ms] [ERROR] Failed to load resource: the server responded with a status of 401 (Unauthorized) @ http://localhost:3001/api/ha-oidc/providers/enabled:0
[   79421ms] [INFO] %cDownload the React DevTools for a better development experience: https://reactjs.org/link/react-devtools font-weight:bold @ http://localhost:3001/node_modules/.vite/deps/react-dom-BEjadErz.js?v=d60f55b8:17230
[   79464ms] [ERROR] Failed to load resource: the server responded with a status of 401 (Unauthorized) @ http://localhost:3001/api/ha-oidc/providers/enabled:0
[   79533ms] [INFO] %cDownload the React DevTools for a better development experience: https://reactjs.org/link/react-devtools font-weight:bold @ http://localhost:3001/node_modules/.vite/deps/react-dom-BEjadErz.js?v=d60f55b8:17230
[   79580ms] [ERROR] Failed to load resource: the server responded with a status of 401 (Unauthorized) @ http://localhost:3001/api/ha-oidc/providers/enabled:0
[   79645ms] [INFO] %cDownload the React DevTools for a better development experience: https://reactjs.org/link/react-devtools font-weight:bold @ http://localhost:3001/node_modules/.vite/deps/react-dom-BEjadErz.js?v=d60f55b8:17230
[   79688ms] [ERROR] Failed to load resource: the server responded with a status of 401 (Unauthorized) @ http://localhost:3001/api/ha-oidc/providers/enabled:0
[   79751ms] [INFO] %cDownload the React DevTools for a better development experience: https://reactjs.org/link/react-devtools font-weight:bold @ http://localhost:3001/node_modules/.vite/deps/react-dom-BEjadErz.js?v=d60f55b8:17230
[   79791ms] [ERROR] Failed to load resource: the server responded with a status of 401 (Unauthorized) @ http://localhost:3001/api/ha-oidc/providers/enabled:0
[   79864ms] [INFO] %cDownload the React DevTools for a better development experience: https://reactjs.org/link/react-devtools font-weight:bold @ http://localhost:3001/node_modules/.vite/deps/react-dom-BEjadErz.js?v=d60f55b8:17230
[   79898ms] [ERROR] Failed to load resource: the server responded with a status of 401 (Unauthorized) @ http://localhost:3001/api/ha-oidc/providers/enabled:0
[   79973ms] [INFO] %cDownload the React DevTools for a better development experience: https://reactjs.org/link/react-devtools font-weight:bold @ http://localhost:3001/node_modules/.vite/deps/react-dom-BEjadErz.js?v=d60f55b8:17230
[   80014ms] [ERROR] Failed to load resource: the server responded with a status of 401 (Unauthorized) @ http://localhost:3001/api/ha-oidc/providers/enabled:0
[   80078ms] [INFO] %cDownload the React DevTools for a better development experience: https://reactjs.org/link/react-devtools font-weight:bold @ http://localhost:3001/node_modules/.vite/deps/react-dom-BEjadErz.js?v=d60f55b8:17230
[   80113ms] [ERROR] Failed to load resource: the server responded with a status of 401 (Unauthorized) @ http://localhost:3001/api/ha-oidc/providers/enabled:0
[   80176ms] [INFO] %cDownload the React DevTools for a better development experience: https://reactjs.org/link/react-devtools font-weight:bold @ http://localhost:3001/node_modules/.vite/deps/react-dom-BEjadErz.js?v=d60f55b8:17230
[   80215ms] [ERROR] Failed to load resource: the server responded with a status of 401 (Unauthorized) @ http://localhost:3001/api/ha-oidc/providers/enabled:0
[   80300ms] [INFO] %cDownload the React DevTools for a better development experience: https://reactjs.org/link/react-devtools font-weight:bold @ http://localhost:3001/node_modules/.vite/deps/react-dom-BEjadErz.js?v=d60f55b8:17230
[   80342ms] [ERROR] Failed to load resource: the server responded with a status of 401 (Unauthorized) @ http://localhost:3001/api/ha-oidc/providers/enabled:0
[   80411ms] [INFO] %cDownload the React DevTools for a better development experience: https://reactjs.org/link/react-devtools font-weight:bold @ http://localhost:3001/node_modules/.vite/deps/react-dom-BEjadErz.js?v=d60f55b8:17230
[   80457ms] [ERROR] Failed to load resource: the server responded with a status of 401 (Unauthorized) @ http://localhost:3001/api/ha-oidc/providers/enabled:0
[   80530ms] [INFO] %cDownload the React DevTools for a better development experience: https://reactjs.org/link/react-devtools font-weight:bold @ http://localhost:3001/node_modules/.vite/deps/react-dom-BEjadErz.js?v=d60f55b8:17230
[   80587ms] [ERROR] Failed to load resource: the server responded with a status of 401 (Unauthorized) @ http://localhost:3001/api/ha-oidc/providers/enabled:0
[   80661ms] [INFO] %cDownload the React DevTools for a better development experience: https://reactjs.org/link/react-devtools font-weight:bold @ http://localhost:3001/node_modules/.vite/deps/react-dom-BEjadErz.js?v=d60f55b8:17230
[   80698ms] [ERROR] Failed to load resource: the server responded with a status of 401 (Unauthorized) @ http://localhost:3001/api/ha-oidc/providers/enabled:0
[   80766ms] [INFO] %cDownload the React DevTools for a better development experience: https://reactjs.org/link/react-devtools font-weight:bold @ http://localhost:3001/node_modules/.vite/deps/react-dom-BEjadErz.js?v=d60f55b8:17230
[   80809ms] [ERROR] Failed to load resource: the server responded with a status of 401 (Unauthorized) @ http://localhost:3001/api/ha-oidc/providers/enabled:0
[   80878ms] [INFO] %cDownload the React DevTools for a better development experience: https://reactjs.org/link/react-devtools font-weight:bold @ http://localhost:3001/node_modules/.vite/deps/react-dom-BEjadErz.js?v=d60f55b8:17230
[   80915ms] [ERROR] Failed to load resource: the server responded with a status of 401 (Unauthorized) @ http://localhost:3001/api/ha-oidc/providers/enabled:0
[   80979ms] [INFO] %cDownload the React DevTools for a better development experience: https://reactjs.org/link/react-devtools font-weight:bold @ http://localhost:3001/node_modules/.vite/deps/react-dom-BEjadErz.js?v=d60f55b8:17230
[   81018ms] [ERROR] Failed to load resource: the server responded with a status of 401 (Unauthorized) @ http://localhost:3001/api/ha-oidc/providers/enabled:0
[   81085ms] [INFO] %cDownload the React DevTools for a better development experience: https://reactjs.org/link/react-devtools font-weight:bold @ http://localhost:3001/node_modules/.vite/deps/react-dom-BEjadErz.js?v=d60f55b8:17230
[   81122ms] [ERROR] Failed to load resource: the server responded with a status of 401 (Unauthorized) @ http://localhost:3001/api/ha-oidc/providers/enabled:0
[   81185ms] [INFO] %cDownload the React DevTools for a better development experience: https://reactjs.org/link/react-devtools font-weight:bold @ http://localhost:3001/node_modules/.vite/deps/react-dom-BEjadErz.js?v=d60f55b8:17230
[   81223ms] [ERROR] Failed to load resource: the server responded with a status of 401 (Unauthorized) @ http://localhost:3001/api/ha-oidc/providers/enabled:0
[   81287ms] [INFO] %cDownload the React DevTools for a better development experience: https://reactjs.org/link/react-devtools font-weight:bold @ http://localhost:3001/node_modules/.vite/deps/react-dom-BEjadErz.js?v=d60f55b8:17230
[   81324ms] [ERROR] Failed to load resource: the server responded with a status of 401 (Unauthorized) @ http://localhost:3001/api/ha-oidc/providers/enabled:0
[   81390ms] [INFO] %cDownload the React DevTools for a better development experience: https://reactjs.org/link/react-devtools font-weight:bold @ http://localhost:3001/node_modules/.vite/deps/react-dom-BEjadErz.js?v=d60f55b8:17230
[   81433ms] [ERROR] Failed to load resource: the server responded with a status of 401 (Unauthorized) @ http://localhost:3001/api/ha-oidc/providers/enabled:0
[   81501ms] [INFO] %cDownload the React DevTools for a better development experience: https://reactjs.org/link/react-devtools font-weight:bold @ http://localhost:3001/node_modules/.vite/deps/react-dom-BEjadErz.js?v=d60f55b8:17230
[   81539ms] [ERROR] Failed to load resource: the server responded with a status of 401 (Unauthorized) @ http://localhost:3001/api/ha-oidc/providers/enabled:0
[   81603ms] [INFO] %cDownload the React DevTools for a better development experience: https://reactjs.org/link/react-devtools font-weight:bold @ http://localhost:3001/node_modules/.vite/deps/react-dom-BEjadErz.js?v=d60f55b8:17230
[   81648ms] [ERROR] Failed to load resource: the server responded with a status of 401 (Unauthorized) @ http://localhost:3001/api/ha-oidc/providers/enabled:0
[   81718ms] [INFO] %cDownload the React DevTools for a better development experience: https://reactjs.org/link/react-devtools font-weight:bold @ http://localhost:3001/node_modules/.vite/deps/react-dom-BEjadErz.js?v=d60f55b8:17230
[   81754ms] [ERROR] Failed to load resource: the server responded with a status of 401 (Unauthorized) @ http://localhost:3001/api/ha-oidc/providers/enabled:0
[   81831ms] [INFO] %cDownload the React DevTools for a better development experience: https://reactjs.org/link/react-devtools font-weight:bold @ http://localhost:3001/node_modules/.vite/deps/react-dom-BEjadErz.js?v=d60f55b8:17230
[   81872ms] [ERROR] Failed to load resource: the server responded with a status of 401 (Unauthorized) @ http://localhost:3001/api/ha-oidc/providers/enabled:0
[   81943ms] [INFO] %cDownload the React DevTools for a better development experience: https://reactjs.org/link/react-devtools font-weight:bold @ http://localhost:3001/node_modules/.vite/deps/react-dom-BEjadErz.js?v=d60f55b8:17230
[   81986ms] [ERROR] Failed to load resource: the server responded with a status of 401 (Unauthorized) @ http://localhost:3001/api/ha-oidc/providers/enabled:0
[   82060ms] [INFO] %cDownload the React DevTools for a better development experience: https://reactjs.org/link/react-devtools font-weight:bold @ http://localhost:3001/node_modules/.vite/deps/react-dom-BEjadErz.js?v=d60f55b8:17230
[   82102ms] [ERROR] Failed to load resource: the server responded with a status of 401 (Unauthorized) @ http://localhost:3001/api/ha-oidc/providers/enabled:0
[   82176ms] [INFO] %cDownload the React DevTools for a better development experience: https://reactjs.org/link/react-devtools font-weight:bold @ http://localhost:3001/node_modules/.vite/deps/react-dom-BEjadErz.js?v=d60f55b8:17230
[   82215ms] [ERROR] Failed to load resource: the server responded with a status of 401 (Unauthorized) @ http://localhost:3001/api/ha-oidc/providers/enabled:0
[   82296ms] [INFO] %cDownload the React DevTools for a better development experience: https://reactjs.org/link/react-devtools font-weight:bold @ http://localhost:3001/node_modules/.vite/deps/react-dom-BEjadErz.js?v=d60f55b8:17230
[   82337ms] [ERROR] Failed to load resource: the server responded with a status of 401 (Unauthorized) @ http://localhost:3001/api/ha-oidc/providers/enabled:0
[   82412ms] [INFO] %cDownload the React DevTools for a better development experience: https://reactjs.org/link/react-devtools font-weight:bold @ http://localhost:3001/node_modules/.vite/deps/react-dom-BEjadErz.js?v=d60f55b8:17230
[   82458ms] [ERROR] Failed to load resource: the server responded with a status of 401 (Unauthorized) @ http://localhost:3001/api/ha-oidc/providers/enabled:0
[   82545ms] [INFO] %cDownload the React DevTools for a better development experience: https://reactjs.org/link/react-devtools font-weight:bold @ http://localhost:3001/node_modules/.vite/deps/react-dom-BEjadErz.js?v=d60f55b8:17230
[   82588ms] [ERROR] Failed to load resource: the server responded with a status of 401 (Unauthorized) @ http://localhost:3001/api/ha-oidc/providers/enabled:0
[   82663ms] [INFO] %cDownload the React DevTools for a better development experience: https://reactjs.org/link/react-devtools font-weight:bold @ http://localhost:3001/node_modules/.vite/deps/react-dom-BEjadErz.js?v=d60f55b8:17230
[   82706ms] [ERROR] Failed to load resource: the server responded with a status of 401 (Unauthorized) @ http://localhost:3001/api/ha-oidc/providers/enabled:0
[   82783ms] [INFO] %cDownload the React DevTools for a better development experience: https://reactjs.org/link/react-devtools font-weight:bold @ http://localhost:3001/node_modules/.vite/deps/react-dom-BEjadErz.js?v=d60f55b8:17230
[   82825ms] [ERROR] Failed to load resource: the server responded with a status of 401 (Unauthorized) @ http://localhost:3001/api/ha-oidc/providers/enabled:0
[   82894ms] [INFO] %cDownload the React DevTools for a better development experience: https://reactjs.org/link/react-devtools font-weight:bold @ http://localhost:3001/node_modules/.vite/deps/react-dom-BEjadErz.js?v=d60f55b8:17230
[   82932ms] [ERROR] Failed to load resource: the server responded with a status of 401 (Unauthorized) @ http://localhost:3001/api/ha-oidc/providers/enabled:0
[   83001ms] [INFO] %cDownload the React DevTools for a better development experience: https://reactjs.org/link/react-devtools font-weight:bold @ http://localhost:3001/node_modules/.vite/deps/react-dom-BEjadErz.js?v=d60f55b8:17230
[   83042ms] [ERROR] Failed to load resource: the server responded with a status of 401 (Unauthorized) @ http://localhost:3001/api/ha-oidc/providers/enabled:0
[   83112ms] [INFO] %cDownload the React DevTools for a better development experience: https://reactjs.org/link/react-devtools font-weight:bold @ http://localhost:3001/node_modules/.vite/deps/react-dom-BEjadErz.js?v=d60f55b8:17230
[   83151ms] [ERROR] Failed to load resource: the server responded with a status of 401 (Unauthorized) @ http://localhost:3001/api/ha-oidc/providers/enabled:0
[   83241ms] [INFO] %cDownload the React DevTools for a better development experience: https://reactjs.org/link/react-devtools font-weight:bold @ http://localhost:3001/node_modules/.vite/deps/react-dom-BEjadErz.js?v=d60f55b8:17230
[   83288ms] [ERROR] Failed to load resource: the server responded with a status of 401 (Unauthorized) @ http://localhost:3001/api/ha-oidc/providers/enabled:0
[   83368ms] [INFO] %cDownload the React DevTools for a better development experience: https://reactjs.org/link/react-devtools font-weight:bold @ http://localhost:3001/node_modules/.vite/deps/react-dom-BEjadErz.js?v=d60f55b8:17230
[   83419ms] [ERROR] Failed to load resource: the server responded with a status of 401 (Unauthorized) @ http://localhost:3001/api/ha-oidc/providers/enabled:0
[   83504ms] [INFO] %cDownload the React DevTools for a better development experience: https://reactjs.org/link/react-devtools font-weight:bold @ http://localhost:3001/node_modules/.vite/deps/react-dom-BEjadErz.js?v=d60f55b8:17230
[   83553ms] [ERROR] Failed to load resource: the server responded with a status of 401 (Unauthorized) @ http://localhost:3001/api/ha-oidc/providers/enabled:0
[   83628ms] [INFO] %cDownload the React DevTools for a better development experience: https://reactjs.org/link/react-devtools font-weight:bold @ http://localhost:3001/node_modules/.vite/deps/react-dom-BEjadErz.js?v=d60f55b8:17230
[   83673ms] [ERROR] Failed to load resource: the server responded with a status of 401 (Unauthorized) @ http://localhost:3001/api/ha-oidc/providers/enabled:0
[   83756ms] [INFO] %cDownload the React DevTools for a better development experience: https://reactjs.org/link/react-devtools font-weight:bold @ http://localhost:3001/node_modules/.vite/deps/react-dom-BEjadErz.js?v=d60f55b8:17230
[   83828ms] [ERROR] Failed to load resource: the server responded with a status of 401 (Unauthorized) @ http://localhost:3001/api/ha-oidc/providers/enabled:0
[   83921ms] [INFO] %cDownload the React DevTools for a better development experience: https://reactjs.org/link/react-devtools font-weight:bold @ http://localhost:3001/node_modules/.vite/deps/react-dom-BEjadErz.js?v=d60f55b8:17230
[   83977ms] [ERROR] Failed to load resource: the server responded with a status of 401 (Unauthorized) @ http://localhost:3001/api/ha-oidc/providers/enabled:0
[   84051ms] [INFO] %cDownload the React DevTools for a better development experience: https://reactjs.org/link/react-devtools font-weight:bold @ http://localhost:3001/node_modules/.vite/deps/react-dom-BEjadErz.js?v=d60f55b8:17230
[   84098ms] [ERROR] Failed to load resource: the server responded with a status of 401 (Unauthorized) @ http://localhost:3001/api/ha-oidc/providers/enabled:0
[   84175ms] [INFO] %cDownload the React DevTools for a better development experience: https://reactjs.org/link/react-devtools font-weight:bold @ http://localhost:3001/node_modules/.vite/deps/react-dom-BEjadErz.js?v=d60f55b8:17230
[   84215ms] [ERROR] Failed to load resource: the server responded with a status of 401 (Unauthorized) @ http://localhost:3001/api/ha-oidc/providers/enabled:0
[   84285ms] [INFO] %cDownload the React DevTools for a better development experience: https://reactjs.org/link/react-devtools font-weight:bold @ http://localhost:3001/node_modules/.vite/deps/react-dom-BEjadErz.js?v=d60f55b8:17230
[   84323ms] [ERROR] Failed to load resource: the server responded with a status of 401 (Unauthorized) @ http://localhost:3001/api/ha-oidc/providers/enabled:0
[   84392ms] [INFO] %cDownload the React DevTools for a better development experience: https://reactjs.org/link/react-devtools font-weight:bold @ http://localhost:3001/node_modules/.vite/deps/react-dom-BEjadErz.js?v=d60f55b8:17230
[   84435ms] [ERROR] Failed to load resource: the server responded with a status of 401 (Unauthorized) @ http://localhost:3001/api/ha-oidc/providers/enabled:0
[   84519ms] [INFO] %cDownload the React DevTools for a better development experience: https://reactjs.org/link/react-devtools font-weight:bold @ http://localhost:3001/node_modules/.vite/deps/react-dom-BEjadErz.js?v=d60f55b8:17230
[   84560ms] [ERROR] Failed to load resource: the server responded with a status of 401 (Unauthorized) @ http://localhost:3001/api/ha-oidc/providers/enabled:0
[   84632ms] [INFO] %cDownload the React DevTools for a better development experience: https://reactjs.org/link/react-devtools font-weight:bold @ http://localhost:3001/node_modules/.vite/deps/react-dom-BEjadErz.js?v=d60f55b8:17230
[   84674ms] [ERROR] Failed to load resource: the server responded with a status of 401 (Unauthorized) @ http://localhost:3001/api/ha-oidc/providers/enabled:0
[   84749ms] [INFO] %cDownload the React DevTools for a better development experience: https://reactjs.org/link/react-devtools font-weight:bold @ http://localhost:3001/node_modules/.vite/deps/react-dom-BEjadErz.js?v=d60f55b8:17230
[   84784ms] [ERROR] Failed to load resource: the server responded with a status of 401 (Unauthorized) @ http://localhost:3001/api/ha-oidc/providers/enabled:0
[   84850ms] [INFO] %cDownload the React DevTools for a better development experience: https://reactjs.org/link/react-devtools font-weight:bold @ http://localhost:3001/node_modules/.vite/deps/react-dom-BEjadErz.js?v=d60f55b8:17230
[   84895ms] [ERROR] Failed to load resource: the server responded with a status of 401 (Unauthorized) @ http://localhost:3001/api/ha-oidc/providers/enabled:0
[   84958ms] [INFO] %cDownload the React DevTools for a better development experience: https://reactjs.org/link/react-devtools font-weight:bold @ http://localhost:3001/node_modules/.vite/deps/react-dom-BEjadErz.js?v=d60f55b8:17230
[   85005ms] [ERROR] Failed to load resource: the server responded with a status of 401 (Unauthorized) @ http://localhost:3001/api/ha-oidc/providers/enabled:0
[   85070ms] [INFO] %cDownload the React DevTools for a better development experience: https://reactjs.org/link/react-devtools font-weight:bold @ http://localhost:3001/node_modules/.vite/deps/react-dom-BEjadErz.js?v=d60f55b8:17230
[   85109ms] [ERROR] Failed to load resource: the server responded with a status of 401 (Unauthorized) @ http://localhost:3001/api/ha-oidc/providers/enabled:0
[   85172ms] [INFO] %cDownload the React DevTools for a better development experience: https://reactjs.org/link/react-devtools font-weight:bold @ http://localhost:3001/node_modules/.vite/deps/react-dom-BEjadErz.js?v=d60f55b8:17230
[   85209ms] [ERROR] Failed to load resource: the server responded with a status of 401 (Unauthorized) @ http://localhost:3001/api/ha-oidc/providers/enabled:0
[   85277ms] [INFO] %cDownload the React DevTools for a better development experience: https://reactjs.org/link/react-devtools font-weight:bold @ http://localhost:3001/node_modules/.vite/deps/react-dom-BEjadErz.js?v=d60f55b8:17230
[   85315ms] [ERROR] Failed to load resource: the server responded with a status of 401 (Unauthorized) @ http://localhost:3001/api/ha-oidc/providers/enabled:0
[   85383ms] [INFO] %cDownload the React DevTools for a better development experience: https://reactjs.org/link/react-devtools font-weight:bold @ http://localhost:3001/node_modules/.vite/deps/react-dom-BEjadErz.js?v=d60f55b8:17230
[   85425ms] [ERROR] Failed to load resource: the server responded with a status of 401 (Unauthorized) @ http://localhost:3001/api/ha-oidc/providers/enabled:0
[   85488ms] [INFO] %cDownload the React DevTools for a better development experience: https://reactjs.org/link/react-devtools font-weight:bold @ http://localhost:3001/node_modules/.vite/deps/react-dom-BEjadErz.js?v=d60f55b8:17230
[   85529ms] [ERROR] Failed to load resource: the server responded with a status of 401 (Unauthorized) @ http://localhost:3001/api/ha-oidc/providers/enabled:0
[   85597ms] [INFO] %cDownload the React DevTools for a better development experience: https://reactjs.org/link/react-devtools font-weight:bold @ http://localhost:3001/node_modules/.vite/deps/react-dom-BEjadErz.js?v=d60f55b8:17230
[   85635ms] [ERROR] Failed to load resource: the server responded with a status of 401 (Unauthorized) @ http://localhost:3001/api/ha-oidc/providers/enabled:0
[   85699ms] [INFO] %cDownload the React DevTools for a better development experience: https://reactjs.org/link/react-devtools font-weight:bold @ http://localhost:3001/node_modules/.vite/deps/react-dom-BEjadErz.js?v=d60f55b8:17230
[   85739ms] [ERROR] Failed to load resource: the server responded with a status of 401 (Unauthorized) @ http://localhost:3001/api/ha-oidc/providers/enabled:0
[   85803ms] [INFO] %cDownload the React DevTools for a better development experience: https://reactjs.org/link/react-devtools font-weight:bold @ http://localhost:3001/node_modules/.vite/deps/react-dom-BEjadErz.js?v=d60f55b8:17230
[   85839ms] [ERROR] Failed to load resource: the server responded with a status of 401 (Unauthorized) @ http://localhost:3001/api/ha-oidc/providers/enabled:0
[   85906ms] [INFO] %cDownload the React DevTools for a better development experience: https://reactjs.org/link/react-devtools font-weight:bold @ http://localhost:3001/node_modules/.vite/deps/react-dom-BEjadErz.js?v=d60f55b8:17230
[   85951ms] [ERROR] Failed to load resource: the server responded with a status of 401 (Unauthorized) @ http://localhost:3001/api/ha-oidc/providers/enabled:0
[   86019ms] [INFO] %cDownload the React DevTools for a better development experience: https://reactjs.org/link/react-devtools font-weight:bold @ http://localhost:3001/node_modules/.vite/deps/react-dom-BEjadErz.js?v=d60f55b8:17230
[   86057ms] [ERROR] Failed to load resource: the server responded with a status of 401 (Unauthorized) @ http://localhost:3001/api/ha-oidc/providers/enabled:0
[   86156ms] [INFO] %cDownload the React DevTools for a better development experience: https://reactjs.org/link/react-devtools font-weight:bold @ http://localhost:3001/node_modules/.vite/deps/react-dom-BEjadErz.js?v=d60f55b8:17230
[   86199ms] [ERROR] Failed to load resource: the server responded with a status of 401 (Unauthorized) @ http://localhost:3001/api/ha-oidc/providers/enabled:0
[   86286ms] [INFO] %cDownload the React DevTools for a better development experience: https://reactjs.org/link/react-devtools font-weight:bold @ http://localhost:3001/node_modules/.vite/deps/react-dom-BEjadErz.js?v=d60f55b8:17230
[   86325ms] [ERROR] Failed to load resource: the server responded with a status of 401 (Unauthorized) @ http://localhost:3001/api/ha-oidc/providers/enabled:0
[   86412ms] [INFO] %cDownload the React DevTools for a better development experience: https://reactjs.org/link/react-devtools font-weight:bold @ http://localhost:3001/node_modules/.vite/deps/react-dom-BEjadErz.js?v=d60f55b8:17230
[   86454ms] [ERROR] Failed to load resource: the server responded with a status of 401 (Unauthorized) @ http://localhost:3001/api/ha-oidc/providers/enabled:0
[   86525ms] [INFO] %cDownload the React DevTools for a better development experience: https://reactjs.org/link/react-devtools font-weight:bold @ http://localhost:3001/node_modules/.vite/deps/react-dom-BEjadErz.js?v=d60f55b8:17230
[   86563ms] [ERROR] Failed to load resource: the server responded with a status of 401 (Unauthorized) @ http://localhost:3001/api/ha-oidc/providers/enabled:0
[   86635ms] [INFO] %cDownload the React DevTools for a better development experience: https://reactjs.org/link/react-devtools font-weight:bold @ http://localhost:3001/node_modules/.vite/deps/react-dom-BEjadErz.js?v=d60f55b8:17230
[   86678ms] [ERROR] Failed to load resource: the server responded with a status of 401 (Unauthorized) @ http://localhost:3001/api/ha-oidc/providers/enabled:0
[   86748ms] [INFO] %cDownload the React DevTools for a better development experience: https://reactjs.org/link/react-devtools font-weight:bold @ http://localhost:3001/node_modules/.vite/deps/react-dom-BEjadErz.js?v=d60f55b8:17230
[   86786ms] [ERROR] Failed to load resource: the server responded with a status of 401 (Unauthorized) @ http://localhost:3001/api/ha-oidc/providers/enabled:0
[   86854ms] [INFO] %cDownload the React DevTools for a better development experience: https://reactjs.org/link/react-devtools font-weight:bold @ http://localhost:3001/node_modules/.vite/deps/react-dom-BEjadErz.js?v=d60f55b8:17230
[   86895ms] [ERROR] Failed to load resource: the server responded with a status of 401 (Unauthorized) @ http://localhost:3001/api/ha-oidc/providers/enabled:0
[   86966ms] [INFO] %cDownload the React DevTools for a better development experience: https://reactjs.org/link/react-devtools font-weight:bold @ http://localhost:3001/node_modules/.vite/deps/react-dom-BEjadErz.js?v=d60f55b8:17230
[   87009ms] [ERROR] Failed to load resource: the server responded with a status of 401 (Unauthorized) @ http://localhost:3001/api/ha-oidc/providers/enabled:0
[   87079ms] [INFO] %cDownload the React DevTools for a better development experience: https://reactjs.org/link/react-devtools font-weight:bold @ http://localhost:3001/node_modules/.vite/deps/react-dom-BEjadErz.js?v=d60f55b8:17230
[   87121ms] [ERROR] Failed to load resource: the server responded with a status of 401 (Unauthorized) @ http://localhost:3001/api/ha-oidc/providers/enabled:0
[   87191ms] [INFO] %cDownload the React DevTools for a better development experience: https://reactjs.org/link/react-devtools font-weight:bold @ http://localhost:3001/node_modules/.vite/deps/react-dom-BEjadErz.js?v=d60f55b8:17230
[   87232ms] [ERROR] Failed to load resource: the server responded with a status of 401 (Unauthorized) @ http://localhost:3001/api/ha-oidc/providers/enabled:0
[   87303ms] [INFO] %cDownload the React DevTools for a better development experience: https://reactjs.org/link/react-devtools font-weight:bold @ http://localhost:3001/node_modules/.vite/deps/react-dom-BEjadErz.js?v=d60f55b8:17230
[   87342ms] [ERROR] Failed to load resource: the server responded with a status of 401 (Unauthorized) @ http://localhost:3001/api/ha-oidc/providers/enabled:0
[   87412ms] [INFO] %cDownload the React DevTools for a better development experience: https://reactjs.org/link/react-devtools font-weight:bold @ http://localhost:3001/node_modules/.vite/deps/react-dom-BEjadErz.js?v=d60f55b8:17230
[   87451ms] [ERROR] Failed to load resource: the server responded with a status of 401 (Unauthorized) @ http://localhost:3001/api/ha-oidc/providers/enabled:0
[   87518ms] [INFO] %cDownload the React DevTools for a better development experience: https://reactjs.org/link/react-devtools font-weight:bold @ http://localhost:3001/node_modules/.vite/deps/react-dom-BEjadErz.js?v=d60f55b8:17230
[   87559ms] [ERROR] Failed to load resource: the server responded with a status of 401 (Unauthorized) @ http://localhost:3001/api/ha-oidc/providers/enabled:0
[   87652ms] [INFO] %cDownload the React DevTools for a better development experience: https://reactjs.org/link/react-devtools font-weight:bold @ http://localhost:3001/node_modules/.vite/deps/react-dom-BEjadErz.js?v=d60f55b8:17230
[   87699ms] [ERROR] Failed to load resource: the server responded with a status of 401 (Unauthorized) @ http://localhost:3001/api/ha-oidc/providers/enabled:0
[   87772ms] [INFO] %cDownload the React DevTools for a better development experience: https://reactjs.org/link/react-devtools font-weight:bold @ http://localhost:3001/node_modules/.vite/deps/react-dom-BEjadErz.js?v=d60f55b8:17230
[   87819ms] [ERROR] Failed to load resource: the server responded with a status of 401 (Unauthorized) @ http://localhost:3001/api/ha-oidc/providers/enabled:0
[   87891ms] [INFO] %cDownload the React DevTools for a better development experience: https://reactjs.org/link/react-devtools font-weight:bold @ http://localhost:3001/node_modules/.vite/deps/react-dom-BEjadErz.js?v=d60f55b8:17230
[   87930ms] [ERROR] Failed to load resource: the server responded with a status of 401 (Unauthorized) @ http://localhost:3001/api/ha-oidc/providers/enabled:0
[   87998ms] [INFO] %cDownload the React DevTools for a better development experience: https://reactjs.org/link/react-devtools font-weight:bold @ http://localhost:3001/node_modules/.vite/deps/react-dom-BEjadErz.js?v=d60f55b8:17230
[   88040ms] [ERROR] Failed to load resource: the server responded with a status of 401 (Unauthorized) @ http://localhost:3001/api/ha-oidc/providers/enabled:0
