[     194ms] [INFO] %cDownload the React DevTools for a better development experience: https://reactjs.org/link/react-devtools font-weight:bold @ http://localhost:3000/node_modules/.vite/deps/react-dom-BEjadErz.js?v=d60f55b8:17230
[     266ms] [ERROR] Failed to load resource: the server responded with a status of 500 (Internal Server Error) @ http://localhost:3000/api/overview/health:0
[     278ms] [ERROR] Failed to load resource: the server responded with a status of 500 (Internal Server Error) @ http://localhost:3000/api/ha-correlated-findings/stream?token=eyJhbGciOiJIUzUxMiJ9.eyJzdWIiOiJhZG1pbiIsImF1dGgiOiJST0xFX0FETUlOLFJPTEVfVVNFUiIsImF1dGhlbnRpY2F0ZWQiOnRydWUsImV4cCI6MTc4NjE1ODg5NX0.BPtJKkRGNJZYCdqTel8VmkjLYlencIcMSPAoDzC1tUsBRTo7oxeWCCgaVf2lTisXznnMfWVCYaaz6RjvPKAipQ:0
[     278ms] [ERROR] Failed to load resource: the server responded with a status of 500 (Internal Server Error) @ http://localhost:3000/api/overview/health:0
[    5290ms] [ERROR] Failed to load resource: the server responded with a status of 500 (Internal Server Error) @ http://localhost:3000/api/ha-correlated-findings/stream?token=eyJhbGciOiJIUzUxMiJ9.eyJzdWIiOiJhZG1pbiIsImF1dGgiOiJST0xFX0FETUlOLFJPTEVfVVNFUiIsImF1dGhlbnRpY2F0ZWQiOnRydWUsImV4cCI6MTc4NjE1ODg5NX0.BPtJKkRGNJZYCdqTel8VmkjLYlencIcMSPAoDzC1tUsBRTo7oxeWCCgaVf2lTisXznnMfWVCYaaz6RjvPKAipQ:0
[   10311ms] [ERROR] Failed to load resource: the server responded with a status of 500 (Internal Server Error) @ http://localhost:3000/api/ha-correlated-findings/stream?token=eyJhbGciOiJIUzUxMiJ9.eyJzdWIiOiJhZG1pbiIsImF1dGgiOiJST0xFX0FETUlOLFJPTEVfVVNFUiIsImF1dGhlbnRpY2F0ZWQiOnRydWUsImV4cCI6MTc4NjE1ODg5NX0.BPtJKkRGNJZYCdqTel8VmkjLYlencIcMSPAoDzC1tUsBRTo7oxeWCCgaVf2lTisXznnMfWVCYaaz6RjvPKAipQ:0
[   15323ms] [ERROR] Failed to load resource: the server responded with a status of 500 (Internal Server Error) @ http://localhost:3000/api/ha-correlated-findings/stream?token=eyJhbGciOiJIUzUxMiJ9.eyJzdWIiOiJhZG1pbiIsImF1dGgiOiJST0xFX0FETUlOLFJPTEVfVVNFUiIsImF1dGhlbnRpY2F0ZWQiOnRydWUsImV4cCI6MTc4NjE1ODg5NX0.BPtJKkRGNJZYCdqTel8VmkjLYlencIcMSPAoDzC1tUsBRTo7oxeWCCgaVf2lTisXznnMfWVCYaaz6RjvPKAipQ:0
[   20335ms] [ERROR] Failed to load resource: the server responded with a status of 500 (Internal Server Error) @ http://localhost:3000/api/ha-correlated-findings/stream?token=eyJhbGciOiJIUzUxMiJ9.eyJzdWIiOiJhZG1pbiIsImF1dGgiOiJST0xFX0FETUlOLFJPTEVfVVNFUiIsImF1dGhlbnRpY2F0ZWQiOnRydWUsImV4cCI6MTc4NjE1ODg5NX0.BPtJKkRGNJZYCdqTel8VmkjLYlencIcMSPAoDzC1tUsBRTo7oxeWCCgaVf2lTisXznnMfWVCYaaz6RjvPKAipQ:0
[   25346ms] [ERROR] Failed to load resource: the server responded with a status of 500 (Internal Server Error) @ http://localhost:3000/api/ha-correlated-findings/stream?token=eyJhbGciOiJIUzUxMiJ9.eyJzdWIiOiJhZG1pbiIsImF1dGgiOiJST0xFX0FETUlOLFJPTEVfVVNFUiIsImF1dGhlbnRpY2F0ZWQiOnRydWUsImV4cCI6MTc4NjE1ODg5NX0.BPtJKkRGNJZYCdqTel8VmkjLYlencIcMSPAoDzC1tUsBRTo7oxeWCCgaVf2lTisXznnMfWVCYaaz6RjvPKAipQ:0
[   25529ms] [LOG] [vite] server connection lost. Polling for restart... @ http://localhost:3000/@vite/client:992
[   25530ms] [ERROR] Failed to load resource: net::ERR_INCOMPLETE_CHUNKED_ENCODING @ http://localhost:3000/api/eps/stream:0
[   30243ms] [ERROR] Failed to load resource: net::ERR_CONNECTION_REFUSED @ http://localhost:3000/api/overview/health:0
[   30349ms] [ERROR] Failed to load resource: net::ERR_CONNECTION_REFUSED @ http://localhost:3000/api/ha-correlated-findings/stream?token=eyJhbGciOiJIUzUxMiJ9.eyJzdWIiOiJhZG1pbiIsImF1dGgiOiJST0xFX0FETUlOLFJPTEVfVVNFUiIsImF1dGhlbnRpY2F0ZWQiOnRydWUsImV4cCI6MTc4NjE1ODg5NX0.BPtJKkRGNJZYCdqTel8VmkjLYlencIcMSPAoDzC1tUsBRTo7oxeWCCgaVf2lTisXznnMfWVCYaaz6RjvPKAipQ:0
[   30535ms] [ERROR] Failed to load resource: net::ERR_CONNECTION_REFUSED @ http://localhost:3000/api/eps/stream:0
[   35351ms] [ERROR] Failed to load resource: net::ERR_CONNECTION_REFUSED @ http://localhost:3000/api/ha-correlated-findings/stream?token=eyJhbGciOiJIUzUxMiJ9.eyJzdWIiOiJhZG1pbiIsImF1dGgiOiJST0xFX0FETUlOLFJPTEVfVVNFUiIsImF1dGhlbnRpY2F0ZWQiOnRydWUsImV4cCI6MTc4NjE1ODg5NX0.BPtJKkRGNJZYCdqTel8VmkjLYlencIcMSPAoDzC1tUsBRTo7oxeWCCgaVf2lTisXznnMfWVCYaaz6RjvPKAipQ:0
[   35537ms] [ERROR] Failed to load resource: net::ERR_CONNECTION_REFUSED @ http://localhost:3000/api/eps/stream:0
[   40353ms] [ERROR] Failed to load resource: net::ERR_CONNECTION_REFUSED @ http://localhost:3000/api/ha-correlated-findings/stream?token=eyJhbGciOiJIUzUxMiJ9.eyJzdWIiOiJhZG1pbiIsImF1dGgiOiJST0xFX0FETUlOLFJPTEVfVVNFUiIsImF1dGhlbnRpY2F0ZWQiOnRydWUsImV4cCI6MTc4NjE1ODg5NX0.BPtJKkRGNJZYCdqTel8VmkjLYlencIcMSPAoDzC1tUsBRTo7oxeWCCgaVf2lTisXznnMfWVCYaaz6RjvPKAipQ:0
[   40539ms] [ERROR] Failed to load resource: net::ERR_CONNECTION_REFUSED @ http://localhost:3000/api/eps/stream:0
[   45355ms] [ERROR] Failed to load resource: net::ERR_CONNECTION_REFUSED @ http://localhost:3000/api/ha-correlated-findings/stream?token=eyJhbGciOiJIUzUxMiJ9.eyJzdWIiOiJhZG1pbiIsImF1dGgiOiJST0xFX0FETUlOLFJPTEVfVVNFUiIsImF1dGhlbnRpY2F0ZWQiOnRydWUsImV4cCI6MTc4NjE1ODg5NX0.BPtJKkRGNJZYCdqTel8VmkjLYlencIcMSPAoDzC1tUsBRTo7oxeWCCgaVf2lTisXznnMfWVCYaaz6RjvPKAipQ:0
[   45542ms] [ERROR] Failed to load resource: net::ERR_CONNECTION_REFUSED @ http://localhost:3000/api/eps/stream:0
[   50360ms] [ERROR] Failed to load resource: net::ERR_CONNECTION_REFUSED @ http://localhost:3000/api/ha-correlated-findings/stream?token=eyJhbGciOiJIUzUxMiJ9.eyJzdWIiOiJhZG1pbiIsImF1dGgiOiJST0xFX0FETUlOLFJPTEVfVVNFUiIsImF1dGhlbnRpY2F0ZWQiOnRydWUsImV4cCI6MTc4NjE1ODg5NX0.BPtJKkRGNJZYCdqTel8VmkjLYlencIcMSPAoDzC1tUsBRTo7oxeWCCgaVf2lTisXznnMfWVCYaaz6RjvPKAipQ:0
[   50547ms] [ERROR] Failed to load resource: net::ERR_CONNECTION_REFUSED @ http://localhost:3000/api/eps/stream:0
[   55364ms] [ERROR] Failed to load resource: net::ERR_CONNECTION_REFUSED @ http://localhost:3000/api/ha-correlated-findings/stream?token=eyJhbGciOiJIUzUxMiJ9.eyJzdWIiOiJhZG1pbiIsImF1dGgiOiJST0xFX0FETUlOLFJPTEVfVVNFUiIsImF1dGhlbnRpY2F0ZWQiOnRydWUsImV4cCI6MTc4NjE1ODg5NX0.BPtJKkRGNJZYCdqTel8VmkjLYlencIcMSPAoDzC1tUsBRTo7oxeWCCgaVf2lTisXznnMfWVCYaaz6RjvPKAipQ:0
[   55548ms] [ERROR] Failed to load resource: net::ERR_CONNECTION_REFUSED @ http://localhost:3000/api/eps/stream:0
[   60242ms] [ERROR] Failed to load resource: net::ERR_CONNECTION_REFUSED @ http://localhost:3000/api/overview/health:0
[   60367ms] [ERROR] Failed to load resource: net::ERR_CONNECTION_REFUSED @ http://localhost:3000/api/ha-correlated-findings/stream?token=eyJhbGciOiJIUzUxMiJ9.eyJzdWIiOiJhZG1pbiIsImF1dGgiOiJST0xFX0FETUlOLFJPTEVfVVNFUiIsImF1dGhlbnRpY2F0ZWQiOnRydWUsImV4cCI6MTc4NjE1ODg5NX0.BPtJKkRGNJZYCdqTel8VmkjLYlencIcMSPAoDzC1tUsBRTo7oxeWCCgaVf2lTisXznnMfWVCYaaz6RjvPKAipQ:0
[   60551ms] [ERROR] Failed to load resource: net::ERR_CONNECTION_REFUSED @ http://localhost:3000/api/eps/stream:0
[   65371ms] [ERROR] Failed to load resource: net::ERR_CONNECTION_REFUSED @ http://localhost:3000/api/ha-correlated-findings/stream?token=eyJhbGciOiJIUzUxMiJ9.eyJzdWIiOiJhZG1pbiIsImF1dGgiOiJST0xFX0FETUlOLFJPTEVfVVNFUiIsImF1dGhlbnRpY2F0ZWQiOnRydWUsImV4cCI6MTc4NjE1ODg5NX0.BPtJKkRGNJZYCdqTel8VmkjLYlencIcMSPAoDzC1tUsBRTo7oxeWCCgaVf2lTisXznnMfWVCYaaz6RjvPKAipQ:0
[   65554ms] [ERROR] Failed to load resource: net::ERR_CONNECTION_REFUSED @ http://localhost:3000/api/eps/stream:0
[   70375ms] [ERROR] Failed to load resource: net::ERR_CONNECTION_REFUSED @ http://localhost:3000/api/ha-correlated-findings/stream?token=eyJhbGciOiJIUzUxMiJ9.eyJzdWIiOiJhZG1pbiIsImF1dGgiOiJST0xFX0FETUlOLFJPTEVfVVNFUiIsImF1dGhlbnRpY2F0ZWQiOnRydWUsImV4cCI6MTc4NjE1ODg5NX0.BPtJKkRGNJZYCdqTel8VmkjLYlencIcMSPAoDzC1tUsBRTo7oxeWCCgaVf2lTisXznnMfWVCYaaz6RjvPKAipQ:0
[   70558ms] [ERROR] Failed to load resource: net::ERR_CONNECTION_REFUSED @ http://localhost:3000/api/eps/stream:0
[   75379ms] [ERROR] Failed to load resource: net::ERR_CONNECTION_REFUSED @ http://localhost:3000/api/ha-correlated-findings/stream?token=eyJhbGciOiJIUzUxMiJ9.eyJzdWIiOiJhZG1pbiIsImF1dGgiOiJST0xFX0FETUlOLFJPTEVfVVNFUiIsImF1dGhlbnRpY2F0ZWQiOnRydWUsImV4cCI6MTc4NjE1ODg5NX0.BPtJKkRGNJZYCdqTel8VmkjLYlencIcMSPAoDzC1tUsBRTo7oxeWCCgaVf2lTisXznnMfWVCYaaz6RjvPKAipQ:0
[   75562ms] [ERROR] Failed to load resource: net::ERR_CONNECTION_REFUSED @ http://localhost:3000/api/eps/stream:0
[   80384ms] [ERROR] Failed to load resource: net::ERR_CONNECTION_REFUSED @ http://localhost:3000/api/ha-correlated-findings/stream?token=eyJhbGciOiJIUzUxMiJ9.eyJzdWIiOiJhZG1pbiIsImF1dGgiOiJST0xFX0FETUlOLFJPTEVfVVNFUiIsImF1dGhlbnRpY2F0ZWQiOnRydWUsImV4cCI6MTc4NjE1ODg5NX0.BPtJKkRGNJZYCdqTel8VmkjLYlencIcMSPAoDzC1tUsBRTo7oxeWCCgaVf2lTisXznnMfWVCYaaz6RjvPKAipQ:0
[   80566ms] [ERROR] Failed to load resource: net::ERR_CONNECTION_REFUSED @ http://localhost:3000/api/eps/stream:0
[   85387ms] [ERROR] Failed to load resource: net::ERR_CONNECTION_REFUSED @ http://localhost:3000/api/ha-correlated-findings/stream?token=eyJhbGciOiJIUzUxMiJ9.eyJzdWIiOiJhZG1pbiIsImF1dGgiOiJST0xFX0FETUlOLFJPTEVfVVNFUiIsImF1dGhlbnRpY2F0ZWQiOnRydWUsImV4cCI6MTc4NjE1ODg5NX0.BPtJKkRGNJZYCdqTel8VmkjLYlencIcMSPAoDzC1tUsBRTo7oxeWCCgaVf2lTisXznnMfWVCYaaz6RjvPKAipQ:0
[   85571ms] [ERROR] Failed to load resource: net::ERR_CONNECTION_REFUSED @ http://localhost:3000/api/eps/stream:0
[   90242ms] [ERROR] Failed to load resource: net::ERR_CONNECTION_REFUSED @ http://localhost:3000/api/overview/health:0
[   90392ms] [ERROR] Failed to load resource: net::ERR_CONNECTION_REFUSED @ http://localhost:3000/api/ha-correlated-findings/stream?token=eyJhbGciOiJIUzUxMiJ9.eyJzdWIiOiJhZG1pbiIsImF1dGgiOiJST0xFX0FETUlOLFJPTEVfVVNFUiIsImF1dGhlbnRpY2F0ZWQiOnRydWUsImV4cCI6MTc4NjE1ODg5NX0.BPtJKkRGNJZYCdqTel8VmkjLYlencIcMSPAoDzC1tUsBRTo7oxeWCCgaVf2lTisXznnMfWVCYaaz6RjvPKAipQ:0
[   90574ms] [ERROR] Failed to load resource: net::ERR_CONNECTION_REFUSED @ http://localhost:3000/api/eps/stream:0
[   95396ms] [ERROR] Failed to load resource: net::ERR_CONNECTION_REFUSED @ http://localhost:3000/api/ha-correlated-findings/stream?token=eyJhbGciOiJIUzUxMiJ9.eyJzdWIiOiJhZG1pbiIsImF1dGgiOiJST0xFX0FETUlOLFJPTEVfVVNFUiIsImF1dGhlbnRpY2F0ZWQiOnRydWUsImV4cCI6MTc4NjE1ODg5NX0.BPtJKkRGNJZYCdqTel8VmkjLYlencIcMSPAoDzC1tUsBRTo7oxeWCCgaVf2lTisXznnMfWVCYaaz6RjvPKAipQ:0
[   95578ms] [ERROR] Failed to load resource: net::ERR_CONNECTION_REFUSED @ http://localhost:3000/api/eps/stream:0
[  100400ms] [ERROR] Failed to load resource: net::ERR_CONNECTION_REFUSED @ http://localhost:3000/api/ha-correlated-findings/stream?token=eyJhbGciOiJIUzUxMiJ9.eyJzdWIiOiJhZG1pbiIsImF1dGgiOiJST0xFX0FETUlOLFJPTEVfVVNFUiIsImF1dGhlbnRpY2F0ZWQiOnRydWUsImV4cCI6MTc4NjE1ODg5NX0.BPtJKkRGNJZYCdqTel8VmkjLYlencIcMSPAoDzC1tUsBRTo7oxeWCCgaVf2lTisXznnMfWVCYaaz6RjvPKAipQ:0
[  100582ms] [ERROR] Failed to load resource: net::ERR_CONNECTION_REFUSED @ http://localhost:3000/api/eps/stream:0
[  105403ms] [ERROR] Failed to load resource: net::ERR_CONNECTION_REFUSED @ http://localhost:3000/api/ha-correlated-findings/stream?token=eyJhbGciOiJIUzUxMiJ9.eyJzdWIiOiJhZG1pbiIsImF1dGgiOiJST0xFX0FETUlOLFJPTEVfVVNFUiIsImF1dGhlbnRpY2F0ZWQiOnRydWUsImV4cCI6MTc4NjE1ODg5NX0.BPtJKkRGNJZYCdqTel8VmkjLYlencIcMSPAoDzC1tUsBRTo7oxeWCCgaVf2lTisXznnMfWVCYaaz6RjvPKAipQ:0
[  105587ms] [ERROR] Failed to load resource: net::ERR_CONNECTION_REFUSED @ http://localhost:3000/api/eps/stream:0
[  110405ms] [ERROR] Failed to load resource: net::ERR_CONNECTION_REFUSED @ http://localhost:3000/api/ha-correlated-findings/stream?token=eyJhbGciOiJIUzUxMiJ9.eyJzdWIiOiJhZG1pbiIsImF1dGgiOiJST0xFX0FETUlOLFJPTEVfVVNFUiIsImF1dGhlbnRpY2F0ZWQiOnRydWUsImV4cCI6MTc4NjE1ODg5NX0.BPtJKkRGNJZYCdqTel8VmkjLYlencIcMSPAoDzC1tUsBRTo7oxeWCCgaVf2lTisXznnMfWVCYaaz6RjvPKAipQ:0
[  110590ms] [ERROR] Failed to load resource: net::ERR_CONNECTION_REFUSED @ http://localhost:3000/api/eps/stream:0
[  115407ms] [ERROR] Failed to load resource: net::ERR_CONNECTION_REFUSED @ http://localhost:3000/api/ha-correlated-findings/stream?token=eyJhbGciOiJIUzUxMiJ9.eyJzdWIiOiJhZG1pbiIsImF1dGgiOiJST0xFX0FETUlOLFJPTEVfVVNFUiIsImF1dGhlbnRpY2F0ZWQiOnRydWUsImV4cCI6MTc4NjE1ODg5NX0.BPtJKkRGNJZYCdqTel8VmkjLYlencIcMSPAoDzC1tUsBRTo7oxeWCCgaVf2lTisXznnMfWVCYaaz6RjvPKAipQ:0
[  115593ms] [ERROR] Failed to load resource: net::ERR_CONNECTION_REFUSED @ http://localhost:3000/api/eps/stream:0
[  120241ms] [ERROR] Failed to load resource: net::ERR_CONNECTION_REFUSED @ http://localhost:3000/api/overview/health:0
[  120410ms] [ERROR] Failed to load resource: net::ERR_CONNECTION_REFUSED @ http://localhost:3000/api/ha-correlated-findings/stream?token=eyJhbGciOiJIUzUxMiJ9.eyJzdWIiOiJhZG1pbiIsImF1dGgiOiJST0xFX0FETUlOLFJPTEVfVVNFUiIsImF1dGhlbnRpY2F0ZWQiOnRydWUsImV4cCI6MTc4NjE1ODg5NX0.BPtJKkRGNJZYCdqTel8VmkjLYlencIcMSPAoDzC1tUsBRTo7oxeWCCgaVf2lTisXznnMfWVCYaaz6RjvPKAipQ:0
[  120595ms] [ERROR] Failed to load resource: net::ERR_CONNECTION_REFUSED @ http://localhost:3000/api/eps/stream:0
[  125413ms] [ERROR] Failed to load resource: net::ERR_CONNECTION_REFUSED @ http://localhost:3000/api/ha-correlated-findings/stream?token=eyJhbGciOiJIUzUxMiJ9.eyJzdWIiOiJhZG1pbiIsImF1dGgiOiJST0xFX0FETUlOLFJPTEVfVVNFUiIsImF1dGhlbnRpY2F0ZWQiOnRydWUsImV4cCI6MTc4NjE1ODg5NX0.BPtJKkRGNJZYCdqTel8VmkjLYlencIcMSPAoDzC1tUsBRTo7oxeWCCgaVf2lTisXznnMfWVCYaaz6RjvPKAipQ:0
[  125598ms] [ERROR] Failed to load resource: net::ERR_CONNECTION_REFUSED @ http://localhost:3000/api/eps/stream:0
[  130415ms] [ERROR] Failed to load resource: net::ERR_CONNECTION_REFUSED @ http://localhost:3000/api/ha-correlated-findings/stream?token=eyJhbGciOiJIUzUxMiJ9.eyJzdWIiOiJhZG1pbiIsImF1dGgiOiJST0xFX0FETUlOLFJPTEVfVVNFUiIsImF1dGhlbnRpY2F0ZWQiOnRydWUsImV4cCI6MTc4NjE1ODg5NX0.BPtJKkRGNJZYCdqTel8VmkjLYlencIcMSPAoDzC1tUsBRTo7oxeWCCgaVf2lTisXznnMfWVCYaaz6RjvPKAipQ:0
[  130600ms] [ERROR] Failed to load resource: net::ERR_CONNECTION_REFUSED @ http://localhost:3000/api/eps/stream:0
[  135417ms] [ERROR] Failed to load resource: net::ERR_CONNECTION_REFUSED @ http://localhost:3000/api/ha-correlated-findings/stream?token=eyJhbGciOiJIUzUxMiJ9.eyJzdWIiOiJhZG1pbiIsImF1dGgiOiJST0xFX0FETUlOLFJPTEVfVVNFUiIsImF1dGhlbnRpY2F0ZWQiOnRydWUsImV4cCI6MTc4NjE1ODg5NX0.BPtJKkRGNJZYCdqTel8VmkjLYlencIcMSPAoDzC1tUsBRTo7oxeWCCgaVf2lTisXznnMfWVCYaaz6RjvPKAipQ:0
[  135603ms] [ERROR] Failed to load resource: net::ERR_CONNECTION_REFUSED @ http://localhost:3000/api/eps/stream:0
[  140421ms] [ERROR] Failed to load resource: net::ERR_CONNECTION_REFUSED @ http://localhost:3000/api/ha-correlated-findings/stream?token=eyJhbGciOiJIUzUxMiJ9.eyJzdWIiOiJhZG1pbiIsImF1dGgiOiJST0xFX0FETUlOLFJPTEVfVVNFUiIsImF1dGhlbnRpY2F0ZWQiOnRydWUsImV4cCI6MTc4NjE1ODg5NX0.BPtJKkRGNJZYCdqTel8VmkjLYlencIcMSPAoDzC1tUsBRTo7oxeWCCgaVf2lTisXznnMfWVCYaaz6RjvPKAipQ:0
[  140606ms] [ERROR] Failed to load resource: net::ERR_CONNECTION_REFUSED @ http://localhost:3000/api/eps/stream:0
[  145425ms] [ERROR] Failed to load resource: net::ERR_CONNECTION_REFUSED @ http://localhost:3000/api/ha-correlated-findings/stream?token=eyJhbGciOiJIUzUxMiJ9.eyJzdWIiOiJhZG1pbiIsImF1dGgiOiJST0xFX0FETUlOLFJPTEVfVVNFUiIsImF1dGhlbnRpY2F0ZWQiOnRydWUsImV4cCI6MTc4NjE1ODg5NX0.BPtJKkRGNJZYCdqTel8VmkjLYlencIcMSPAoDzC1tUsBRTo7oxeWCCgaVf2lTisXznnMfWVCYaaz6RjvPKAipQ:0
[  145608ms] [ERROR] Failed to load resource: net::ERR_CONNECTION_REFUSED @ http://localhost:3000/api/eps/stream:0
[  150243ms] [ERROR] Failed to load resource: net::ERR_CONNECTION_REFUSED @ http://localhost:3000/api/overview/health:0
[  150430ms] [ERROR] Failed to load resource: net::ERR_CONNECTION_REFUSED @ http://localhost:3000/api/ha-correlated-findings/stream?token=eyJhbGciOiJIUzUxMiJ9.eyJzdWIiOiJhZG1pbiIsImF1dGgiOiJST0xFX0FETUlOLFJPTEVfVVNFUiIsImF1dGhlbnRpY2F0ZWQiOnRydWUsImV4cCI6MTc4NjE1ODg5NX0.BPtJKkRGNJZYCdqTel8VmkjLYlencIcMSPAoDzC1tUsBRTo7oxeWCCgaVf2lTisXznnMfWVCYaaz6RjvPKAipQ:0
[  150612ms] [ERROR] Failed to load resource: net::ERR_CONNECTION_REFUSED @ http://localhost:3000/api/eps/stream:0
[  155434ms] [ERROR] Failed to load resource: net::ERR_CONNECTION_REFUSED @ http://localhost:3000/api/ha-correlated-findings/stream?token=eyJhbGciOiJIUzUxMiJ9.eyJzdWIiOiJhZG1pbiIsImF1dGgiOiJST0xFX0FETUlOLFJPTEVfVVNFUiIsImF1dGhlbnRpY2F0ZWQiOnRydWUsImV4cCI6MTc4NjE1ODg5NX0.BPtJKkRGNJZYCdqTel8VmkjLYlencIcMSPAoDzC1tUsBRTo7oxeWCCgaVf2lTisXznnMfWVCYaaz6RjvPKAipQ:0
[  155616ms] [ERROR] Failed to load resource: net::ERR_CONNECTION_REFUSED @ http://localhost:3000/api/eps/stream:0
[  160438ms] [ERROR] Failed to load resource: net::ERR_CONNECTION_REFUSED @ http://localhost:3000/api/ha-correlated-findings/stream?token=eyJhbGciOiJIUzUxMiJ9.eyJzdWIiOiJhZG1pbiIsImF1dGgiOiJST0xFX0FETUlOLFJPTEVfVVNFUiIsImF1dGhlbnRpY2F0ZWQiOnRydWUsImV4cCI6MTc4NjE1ODg5NX0.BPtJKkRGNJZYCdqTel8VmkjLYlencIcMSPAoDzC1tUsBRTo7oxeWCCgaVf2lTisXznnMfWVCYaaz6RjvPKAipQ:0
[  160620ms] [ERROR] Failed to load resource: net::ERR_CONNECTION_REFUSED @ http://localhost:3000/api/eps/stream:0
[  165449ms] [ERROR] Failed to load resource: net::ERR_CONNECTION_REFUSED @ http://localhost:3000/api/ha-correlated-findings/stream?token=eyJhbGciOiJIUzUxMiJ9.eyJzdWIiOiJhZG1pbiIsImF1dGgiOiJST0xFX0FETUlOLFJPTEVfVVNFUiIsImF1dGhlbnRpY2F0ZWQiOnRydWUsImV4cCI6MTc4NjE1ODg5NX0.BPtJKkRGNJZYCdqTel8VmkjLYlencIcMSPAoDzC1tUsBRTo7oxeWCCgaVf2lTisXznnMfWVCYaaz6RjvPKAipQ:0
[  165625ms] [ERROR] Failed to load resource: net::ERR_CONNECTION_REFUSED @ http://localhost:3000/api/eps/stream:0
[  170453ms] [ERROR] Failed to load resource: net::ERR_CONNECTION_REFUSED @ http://localhost:3000/api/ha-correlated-findings/stream?token=eyJhbGciOiJIUzUxMiJ9.eyJzdWIiOiJhZG1pbiIsImF1dGgiOiJST0xFX0FETUlOLFJPTEVfVVNFUiIsImF1dGhlbnRpY2F0ZWQiOnRydWUsImV4cCI6MTc4NjE1ODg5NX0.BPtJKkRGNJZYCdqTel8VmkjLYlencIcMSPAoDzC1tUsBRTo7oxeWCCgaVf2lTisXznnMfWVCYaaz6RjvPKAipQ:0
[  170628ms] [ERROR] Failed to load resource: net::ERR_CONNECTION_REFUSED @ http://localhost:3000/api/eps/stream:0
[  175456ms] [ERROR] Failed to load resource: net::ERR_CONNECTION_REFUSED @ http://localhost:3000/api/ha-correlated-findings/stream?token=eyJhbGciOiJIUzUxMiJ9.eyJzdWIiOiJhZG1pbiIsImF1dGgiOiJST0xFX0FETUlOLFJPTEVfVVNFUiIsImF1dGhlbnRpY2F0ZWQiOnRydWUsImV4cCI6MTc4NjE1ODg5NX0.BPtJKkRGNJZYCdqTel8VmkjLYlencIcMSPAoDzC1tUsBRTo7oxeWCCgaVf2lTisXznnMfWVCYaaz6RjvPKAipQ:0
[  175631ms] [ERROR] Failed to load resource: net::ERR_CONNECTION_REFUSED @ http://localhost:3000/api/eps/stream:0
[  180243ms] [ERROR] Failed to load resource: net::ERR_CONNECTION_REFUSED @ http://localhost:3000/api/overview/health:0
[  180459ms] [ERROR] Failed to load resource: net::ERR_CONNECTION_REFUSED @ http://localhost:3000/api/ha-correlated-findings/stream?token=eyJhbGciOiJIUzUxMiJ9.eyJzdWIiOiJhZG1pbiIsImF1dGgiOiJST0xFX0FETUlOLFJPTEVfVVNFUiIsImF1dGhlbnRpY2F0ZWQiOnRydWUsImV4cCI6MTc4NjE1ODg5NX0.BPtJKkRGNJZYCdqTel8VmkjLYlencIcMSPAoDzC1tUsBRTo7oxeWCCgaVf2lTisXznnMfWVCYaaz6RjvPKAipQ:0
[  180634ms] [ERROR] Failed to load resource: net::ERR_CONNECTION_REFUSED @ http://localhost:3000/api/eps/stream:0
[  185462ms] [ERROR] Failed to load resource: net::ERR_CONNECTION_REFUSED @ http://localhost:3000/api/ha-correlated-findings/stream?token=eyJhbGciOiJIUzUxMiJ9.eyJzdWIiOiJhZG1pbiIsImF1dGgiOiJST0xFX0FETUlOLFJPTEVfVVNFUiIsImF1dGhlbnRpY2F0ZWQiOnRydWUsImV4cCI6MTc4NjE1ODg5NX0.BPtJKkRGNJZYCdqTel8VmkjLYlencIcMSPAoDzC1tUsBRTo7oxeWCCgaVf2lTisXznnMfWVCYaaz6RjvPKAipQ:0
[  185637ms] [ERROR] Failed to load resource: net::ERR_CONNECTION_REFUSED @ http://localhost:3000/api/eps/stream:0
[  190467ms] [ERROR] Failed to load resource: net::ERR_CONNECTION_REFUSED @ http://localhost:3000/api/ha-correlated-findings/stream?token=eyJhbGciOiJIUzUxMiJ9.eyJzdWIiOiJhZG1pbiIsImF1dGgiOiJST0xFX0FETUlOLFJPTEVfVVNFUiIsImF1dGhlbnRpY2F0ZWQiOnRydWUsImV4cCI6MTc4NjE1ODg5NX0.BPtJKkRGNJZYCdqTel8VmkjLYlencIcMSPAoDzC1tUsBRTo7oxeWCCgaVf2lTisXznnMfWVCYaaz6RjvPKAipQ:0
[  190642ms] [ERROR] Failed to load resource: net::ERR_CONNECTION_REFUSED @ http://localhost:3000/api/eps/stream:0
[  195471ms] [ERROR] Failed to load resource: net::ERR_CONNECTION_REFUSED @ http://localhost:3000/api/ha-correlated-findings/stream?token=eyJhbGciOiJIUzUxMiJ9.eyJzdWIiOiJhZG1pbiIsImF1dGgiOiJST0xFX0FETUlOLFJPTEVfVVNFUiIsImF1dGhlbnRpY2F0ZWQiOnRydWUsImV4cCI6MTc4NjE1ODg5NX0.BPtJKkRGNJZYCdqTel8VmkjLYlencIcMSPAoDzC1tUsBRTo7oxeWCCgaVf2lTisXznnMfWVCYaaz6RjvPKAipQ:0
[  195644ms] [ERROR] Failed to load resource: net::ERR_CONNECTION_REFUSED @ http://localhost:3000/api/eps/stream:0
[  200476ms] [ERROR] Failed to load resource: net::ERR_CONNECTION_REFUSED @ http://localhost:3000/api/ha-correlated-findings/stream?token=eyJhbGciOiJIUzUxMiJ9.eyJzdWIiOiJhZG1pbiIsImF1dGgiOiJST0xFX0FETUlOLFJPTEVfVVNFUiIsImF1dGhlbnRpY2F0ZWQiOnRydWUsImV4cCI6MTc4NjE1ODg5NX0.BPtJKkRGNJZYCdqTel8VmkjLYlencIcMSPAoDzC1tUsBRTo7oxeWCCgaVf2lTisXznnMfWVCYaaz6RjvPKAipQ:0
[  200648ms] [ERROR] Failed to load resource: net::ERR_CONNECTION_REFUSED @ http://localhost:3000/api/eps/stream:0
[  205480ms] [ERROR] Failed to load resource: net::ERR_CONNECTION_REFUSED @ http://localhost:3000/api/ha-correlated-findings/stream?token=eyJhbGciOiJIUzUxMiJ9.eyJzdWIiOiJhZG1pbiIsImF1dGgiOiJST0xFX0FETUlOLFJPTEVfVVNFUiIsImF1dGhlbnRpY2F0ZWQiOnRydWUsImV4cCI6MTc4NjE1ODg5NX0.BPtJKkRGNJZYCdqTel8VmkjLYlencIcMSPAoDzC1tUsBRTo7oxeWCCgaVf2lTisXznnMfWVCYaaz6RjvPKAipQ:0
[  205652ms] [ERROR] Failed to load resource: net::ERR_CONNECTION_REFUSED @ http://localhost:3000/api/eps/stream:0
[  210242ms] [ERROR] Failed to load resource: net::ERR_CONNECTION_REFUSED @ http://localhost:3000/api/overview/health:0
[  210484ms] [ERROR] Failed to load resource: net::ERR_CONNECTION_REFUSED @ http://localhost:3000/api/ha-correlated-findings/stream?token=eyJhbGciOiJIUzUxMiJ9.eyJzdWIiOiJhZG1pbiIsImF1dGgiOiJST0xFX0FETUlOLFJPTEVfVVNFUiIsImF1dGhlbnRpY2F0ZWQiOnRydWUsImV4cCI6MTc4NjE1ODg5NX0.BPtJKkRGNJZYCdqTel8VmkjLYlencIcMSPAoDzC1tUsBRTo7oxeWCCgaVf2lTisXznnMfWVCYaaz6RjvPKAipQ:0
[  210656ms] [ERROR] Failed to load resource: net::ERR_CONNECTION_REFUSED @ http://localhost:3000/api/eps/stream:0
[  215488ms] [ERROR] Failed to load resource: net::ERR_CONNECTION_REFUSED @ http://localhost:3000/api/ha-correlated-findings/stream?token=eyJhbGciOiJIUzUxMiJ9.eyJzdWIiOiJhZG1pbiIsImF1dGgiOiJST0xFX0FETUlOLFJPTEVfVVNFUiIsImF1dGhlbnRpY2F0ZWQiOnRydWUsImV4cCI6MTc4NjE1ODg5NX0.BPtJKkRGNJZYCdqTel8VmkjLYlencIcMSPAoDzC1tUsBRTo7oxeWCCgaVf2lTisXznnMfWVCYaaz6RjvPKAipQ:0
[  215661ms] [ERROR] Failed to load resource: net::ERR_CONNECTION_REFUSED @ http://localhost:3000/api/eps/stream:0
[  220492ms] [ERROR] Failed to load resource: net::ERR_CONNECTION_REFUSED @ http://localhost:3000/api/ha-correlated-findings/stream?token=eyJhbGciOiJIUzUxMiJ9.eyJzdWIiOiJhZG1pbiIsImF1dGgiOiJST0xFX0FETUlOLFJPTEVfVVNFUiIsImF1dGhlbnRpY2F0ZWQiOnRydWUsImV4cCI6MTc4NjE1ODg5NX0.BPtJKkRGNJZYCdqTel8VmkjLYlencIcMSPAoDzC1tUsBRTo7oxeWCCgaVf2lTisXznnMfWVCYaaz6RjvPKAipQ:0
[  220665ms] [ERROR] Failed to load resource: net::ERR_CONNECTION_REFUSED @ http://localhost:3000/api/eps/stream:0
[  225496ms] [ERROR] Failed to load resource: net::ERR_CONNECTION_REFUSED @ http://localhost:3000/api/ha-correlated-findings/stream?token=eyJhbGciOiJIUzUxMiJ9.eyJzdWIiOiJhZG1pbiIsImF1dGgiOiJST0xFX0FETUlOLFJPTEVfVVNFUiIsImF1dGhlbnRpY2F0ZWQiOnRydWUsImV4cCI6MTc4NjE1ODg5NX0.BPtJKkRGNJZYCdqTel8VmkjLYlencIcMSPAoDzC1tUsBRTo7oxeWCCgaVf2lTisXznnMfWVCYaaz6RjvPKAipQ:0
[  225670ms] [ERROR] Failed to load resource: net::ERR_CONNECTION_REFUSED @ http://localhost:3000/api/eps/stream:0
[  230499ms] [ERROR] Failed to load resource: net::ERR_CONNECTION_REFUSED @ http://localhost:3000/api/ha-correlated-findings/stream?token=eyJhbGciOiJIUzUxMiJ9.eyJzdWIiOiJhZG1pbiIsImF1dGgiOiJST0xFX0FETUlOLFJPTEVfVVNFUiIsImF1dGhlbnRpY2F0ZWQiOnRydWUsImV4cCI6MTc4NjE1ODg5NX0.BPtJKkRGNJZYCdqTel8VmkjLYlencIcMSPAoDzC1tUsBRTo7oxeWCCgaVf2lTisXznnMfWVCYaaz6RjvPKAipQ:0
[  230675ms] [ERROR] Failed to load resource: net::ERR_CONNECTION_REFUSED @ http://localhost:3000/api/eps/stream:0
[  235504ms] [ERROR] Failed to load resource: net::ERR_CONNECTION_REFUSED @ http://localhost:3000/api/ha-correlated-findings/stream?token=eyJhbGciOiJIUzUxMiJ9.eyJzdWIiOiJhZG1pbiIsImF1dGgiOiJST0xFX0FETUlOLFJPTEVfVVNFUiIsImF1dGhlbnRpY2F0ZWQiOnRydWUsImV4cCI6MTc4NjE1ODg5NX0.BPtJKkRGNJZYCdqTel8VmkjLYlencIcMSPAoDzC1tUsBRTo7oxeWCCgaVf2lTisXznnMfWVCYaaz6RjvPKAipQ:0
[  235678ms] [ERROR] Failed to load resource: net::ERR_CONNECTION_REFUSED @ http://localhost:3000/api/eps/stream:0
[  240243ms] [ERROR] Failed to load resource: net::ERR_CONNECTION_REFUSED @ http://localhost:3000/api/overview/health:0
[  240508ms] [ERROR] Failed to load resource: net::ERR_CONNECTION_REFUSED @ http://localhost:3000/api/ha-correlated-findings/stream?token=eyJhbGciOiJIUzUxMiJ9.eyJzdWIiOiJhZG1pbiIsImF1dGgiOiJST0xFX0FETUlOLFJPTEVfVVNFUiIsImF1dGhlbnRpY2F0ZWQiOnRydWUsImV4cCI6MTc4NjE1ODg5NX0.BPtJKkRGNJZYCdqTel8VmkjLYlencIcMSPAoDzC1tUsBRTo7oxeWCCgaVf2lTisXznnMfWVCYaaz6RjvPKAipQ:0
[  240682ms] [ERROR] Failed to load resource: net::ERR_CONNECTION_REFUSED @ http://localhost:3000/api/eps/stream:0
[  245512ms] [ERROR] Failed to load resource: net::ERR_CONNECTION_REFUSED @ http://localhost:3000/api/ha-correlated-findings/stream?token=eyJhbGciOiJIUzUxMiJ9.eyJzdWIiOiJhZG1pbiIsImF1dGgiOiJST0xFX0FETUlOLFJPTEVfVVNFUiIsImF1dGhlbnRpY2F0ZWQiOnRydWUsImV4cCI6MTc4NjE1ODg5NX0.BPtJKkRGNJZYCdqTel8VmkjLYlencIcMSPAoDzC1tUsBRTo7oxeWCCgaVf2lTisXznnMfWVCYaaz6RjvPKAipQ:0
[  245686ms] [ERROR] Failed to load resource: net::ERR_CONNECTION_REFUSED @ http://localhost:3000/api/eps/stream:0
[  250516ms] [ERROR] Failed to load resource: net::ERR_CONNECTION_REFUSED @ http://localhost:3000/api/ha-correlated-findings/stream?token=eyJhbGciOiJIUzUxMiJ9.eyJzdWIiOiJhZG1pbiIsImF1dGgiOiJST0xFX0FETUlOLFJPTEVfVVNFUiIsImF1dGhlbnRpY2F0ZWQiOnRydWUsImV4cCI6MTc4NjE1ODg5NX0.BPtJKkRGNJZYCdqTel8VmkjLYlencIcMSPAoDzC1tUsBRTo7oxeWCCgaVf2lTisXznnMfWVCYaaz6RjvPKAipQ:0
[  250690ms] [ERROR] Failed to load resource: net::ERR_CONNECTION_REFUSED @ http://localhost:3000/api/eps/stream:0
[  255520ms] [ERROR] Failed to load resource: net::ERR_CONNECTION_REFUSED @ http://localhost:3000/api/ha-correlated-findings/stream?token=eyJhbGciOiJIUzUxMiJ9.eyJzdWIiOiJhZG1pbiIsImF1dGgiOiJST0xFX0FETUlOLFJPTEVfVVNFUiIsImF1dGhlbnRpY2F0ZWQiOnRydWUsImV4cCI6MTc4NjE1ODg5NX0.BPtJKkRGNJZYCdqTel8VmkjLYlencIcMSPAoDzC1tUsBRTo7oxeWCCgaVf2lTisXznnMfWVCYaaz6RjvPKAipQ:0
[  255695ms] [ERROR] Failed to load resource: net::ERR_CONNECTION_REFUSED @ http://localhost:3000/api/eps/stream:0
[  260525ms] [ERROR] Failed to load resource: net::ERR_CONNECTION_REFUSED @ http://localhost:3000/api/ha-correlated-findings/stream?token=eyJhbGciOiJIUzUxMiJ9.eyJzdWIiOiJhZG1pbiIsImF1dGgiOiJST0xFX0FETUlOLFJPTEVfVVNFUiIsImF1dGhlbnRpY2F0ZWQiOnRydWUsImV4cCI6MTc4NjE1ODg5NX0.BPtJKkRGNJZYCdqTel8VmkjLYlencIcMSPAoDzC1tUsBRTo7oxeWCCgaVf2lTisXznnMfWVCYaaz6RjvPKAipQ:0
[  260698ms] [ERROR] Failed to load resource: net::ERR_CONNECTION_REFUSED @ http://localhost:3000/api/eps/stream:0
[  265529ms] [ERROR] Failed to load resource: net::ERR_CONNECTION_REFUSED @ http://localhost:3000/api/ha-correlated-findings/stream?token=eyJhbGciOiJIUzUxMiJ9.eyJzdWIiOiJhZG1pbiIsImF1dGgiOiJST0xFX0FETUlOLFJPTEVfVVNFUiIsImF1dGhlbnRpY2F0ZWQiOnRydWUsImV4cCI6MTc4NjE1ODg5NX0.BPtJKkRGNJZYCdqTel8VmkjLYlencIcMSPAoDzC1tUsBRTo7oxeWCCgaVf2lTisXznnMfWVCYaaz6RjvPKAipQ:0
[  265703ms] [ERROR] Failed to load resource: net::ERR_CONNECTION_REFUSED @ http://localhost:3000/api/eps/stream:0
[  270242ms] [ERROR] Failed to load resource: net::ERR_CONNECTION_REFUSED @ http://localhost:3000/api/overview/health:0
[  270533ms] [ERROR] Failed to load resource: net::ERR_CONNECTION_REFUSED @ http://localhost:3000/api/ha-correlated-findings/stream?token=eyJhbGciOiJIUzUxMiJ9.eyJzdWIiOiJhZG1pbiIsImF1dGgiOiJST0xFX0FETUlOLFJPTEVfVVNFUiIsImF1dGhlbnRpY2F0ZWQiOnRydWUsImV4cCI6MTc4NjE1ODg5NX0.BPtJKkRGNJZYCdqTel8VmkjLYlencIcMSPAoDzC1tUsBRTo7oxeWCCgaVf2lTisXznnMfWVCYaaz6RjvPKAipQ:0
[  270707ms] [ERROR] Failed to load resource: net::ERR_CONNECTION_REFUSED @ http://localhost:3000/api/eps/stream:0
[  275537ms] [ERROR] Failed to load resource: net::ERR_CONNECTION_REFUSED @ http://localhost:3000/api/ha-correlated-findings/stream?token=eyJhbGciOiJIUzUxMiJ9.eyJzdWIiOiJhZG1pbiIsImF1dGgiOiJST0xFX0FETUlOLFJPTEVfVVNFUiIsImF1dGhlbnRpY2F0ZWQiOnRydWUsImV4cCI6MTc4NjE1ODg5NX0.BPtJKkRGNJZYCdqTel8VmkjLYlencIcMSPAoDzC1tUsBRTo7oxeWCCgaVf2lTisXznnMfWVCYaaz6RjvPKAipQ:0
[  275712ms] [ERROR] Failed to load resource: net::ERR_CONNECTION_REFUSED @ http://localhost:3000/api/eps/stream:0
[  280541ms] [ERROR] Failed to load resource: net::ERR_CONNECTION_REFUSED @ http://localhost:3000/api/ha-correlated-findings/stream?token=eyJhbGciOiJIUzUxMiJ9.eyJzdWIiOiJhZG1pbiIsImF1dGgiOiJST0xFX0FETUlOLFJPTEVfVVNFUiIsImF1dGhlbnRpY2F0ZWQiOnRydWUsImV4cCI6MTc4NjE1ODg5NX0.BPtJKkRGNJZYCdqTel8VmkjLYlencIcMSPAoDzC1tUsBRTo7oxeWCCgaVf2lTisXznnMfWVCYaaz6RjvPKAipQ:0
[  280716ms] [ERROR] Failed to load resource: net::ERR_CONNECTION_REFUSED @ http://localhost:3000/api/eps/stream:0
[  285546ms] [ERROR] Failed to load resource: net::ERR_CONNECTION_REFUSED @ http://localhost:3000/api/ha-correlated-findings/stream?token=eyJhbGciOiJIUzUxMiJ9.eyJzdWIiOiJhZG1pbiIsImF1dGgiOiJST0xFX0FETUlOLFJPTEVfVVNFUiIsImF1dGhlbnRpY2F0ZWQiOnRydWUsImV4cCI6MTc4NjE1ODg5NX0.BPtJKkRGNJZYCdqTel8VmkjLYlencIcMSPAoDzC1tUsBRTo7oxeWCCgaVf2lTisXznnMfWVCYaaz6RjvPKAipQ:0
[  285721ms] [ERROR] Failed to load resource: net::ERR_CONNECTION_REFUSED @ http://localhost:3000/api/eps/stream:0
[  290550ms] [ERROR] Failed to load resource: net::ERR_CONNECTION_REFUSED @ http://localhost:3000/api/ha-correlated-findings/stream?token=eyJhbGciOiJIUzUxMiJ9.eyJzdWIiOiJhZG1pbiIsImF1dGgiOiJST0xFX0FETUlOLFJPTEVfVVNFUiIsImF1dGhlbnRpY2F0ZWQiOnRydWUsImV4cCI6MTc4NjE1ODg5NX0.BPtJKkRGNJZYCdqTel8VmkjLYlencIcMSPAoDzC1tUsBRTo7oxeWCCgaVf2lTisXznnMfWVCYaaz6RjvPKAipQ:0
[  290725ms] [ERROR] Failed to load resource: net::ERR_CONNECTION_REFUSED @ http://localhost:3000/api/eps/stream:0
[  295554ms] [ERROR] Failed to load resource: net::ERR_CONNECTION_REFUSED @ http://localhost:3000/api/ha-correlated-findings/stream?token=eyJhbGciOiJIUzUxMiJ9.eyJzdWIiOiJhZG1pbiIsImF1dGgiOiJST0xFX0FETUlOLFJPTEVfVVNFUiIsImF1dGhlbnRpY2F0ZWQiOnRydWUsImV4cCI6MTc4NjE1ODg5NX0.BPtJKkRGNJZYCdqTel8VmkjLYlencIcMSPAoDzC1tUsBRTo7oxeWCCgaVf2lTisXznnMfWVCYaaz6RjvPKAipQ:0
[  295729ms] [ERROR] Failed to load resource: net::ERR_CONNECTION_REFUSED @ http://localhost:3000/api/eps/stream:0
[  300242ms] [ERROR] Failed to load resource: net::ERR_CONNECTION_REFUSED @ http://localhost:3000/api/overview/health:0
[  300557ms] [ERROR] Failed to load resource: net::ERR_CONNECTION_REFUSED @ http://localhost:3000/api/ha-correlated-findings/stream?token=eyJhbGciOiJIUzUxMiJ9.eyJzdWIiOiJhZG1pbiIsImF1dGgiOiJST0xFX0FETUlOLFJPTEVfVVNFUiIsImF1dGhlbnRpY2F0ZWQiOnRydWUsImV4cCI6MTc4NjE1ODg5NX0.BPtJKkRGNJZYCdqTel8VmkjLYlencIcMSPAoDzC1tUsBRTo7oxeWCCgaVf2lTisXznnMfWVCYaaz6RjvPKAipQ:0
[  300733ms] [ERROR] Failed to load resource: net::ERR_CONNECTION_REFUSED @ http://localhost:3000/api/eps/stream:0
[  305562ms] [ERROR] Failed to load resource: net::ERR_CONNECTION_REFUSED @ http://localhost:3000/api/ha-correlated-findings/stream?token=eyJhbGciOiJIUzUxMiJ9.eyJzdWIiOiJhZG1pbiIsImF1dGgiOiJST0xFX0FETUlOLFJPTEVfVVNFUiIsImF1dGhlbnRpY2F0ZWQiOnRydWUsImV4cCI6MTc4NjE1ODg5NX0.BPtJKkRGNJZYCdqTel8VmkjLYlencIcMSPAoDzC1tUsBRTo7oxeWCCgaVf2lTisXznnMfWVCYaaz6RjvPKAipQ:0
[  305737ms] [ERROR] Failed to load resource: net::ERR_CONNECTION_REFUSED @ http://localhost:3000/api/eps/stream:0
[  310565ms] [ERROR] Failed to load resource: net::ERR_CONNECTION_REFUSED @ http://localhost:3000/api/ha-correlated-findings/stream?token=eyJhbGciOiJIUzUxMiJ9.eyJzdWIiOiJhZG1pbiIsImF1dGgiOiJST0xFX0FETUlOLFJPTEVfVVNFUiIsImF1dGhlbnRpY2F0ZWQiOnRydWUsImV4cCI6MTc4NjE1ODg5NX0.BPtJKkRGNJZYCdqTel8VmkjLYlencIcMSPAoDzC1tUsBRTo7oxeWCCgaVf2lTisXznnMfWVCYaaz6RjvPKAipQ:0
[  310741ms] [ERROR] Failed to load resource: net::ERR_CONNECTION_REFUSED @ http://localhost:3000/api/eps/stream:0
[  315570ms] [ERROR] Failed to load resource: net::ERR_CONNECTION_REFUSED @ http://localhost:3000/api/ha-correlated-findings/stream?token=eyJhbGciOiJIUzUxMiJ9.eyJzdWIiOiJhZG1pbiIsImF1dGgiOiJST0xFX0FETUlOLFJPTEVfVVNFUiIsImF1dGhlbnRpY2F0ZWQiOnRydWUsImV4cCI6MTc4NjE1ODg5NX0.BPtJKkRGNJZYCdqTel8VmkjLYlencIcMSPAoDzC1tUsBRTo7oxeWCCgaVf2lTisXznnMfWVCYaaz6RjvPKAipQ:0
[  315745ms] [ERROR] Failed to load resource: net::ERR_CONNECTION_REFUSED @ http://localhost:3000/api/eps/stream:0
[  320574ms] [ERROR] Failed to load resource: net::ERR_CONNECTION_REFUSED @ http://localhost:3000/api/ha-correlated-findings/stream?token=eyJhbGciOiJIUzUxMiJ9.eyJzdWIiOiJhZG1pbiIsImF1dGgiOiJST0xFX0FETUlOLFJPTEVfVVNFUiIsImF1dGhlbnRpY2F0ZWQiOnRydWUsImV4cCI6MTc4NjE1ODg5NX0.BPtJKkRGNJZYCdqTel8VmkjLYlencIcMSPAoDzC1tUsBRTo7oxeWCCgaVf2lTisXznnMfWVCYaaz6RjvPKAipQ:0
[  320749ms] [ERROR] Failed to load resource: net::ERR_CONNECTION_REFUSED @ http://localhost:3000/api/eps/stream:0
[  325577ms] [ERROR] Failed to load resource: net::ERR_CONNECTION_REFUSED @ http://localhost:3000/api/ha-correlated-findings/stream?token=eyJhbGciOiJIUzUxMiJ9.eyJzdWIiOiJhZG1pbiIsImF1dGgiOiJST0xFX0FETUlOLFJPTEVfVVNFUiIsImF1dGhlbnRpY2F0ZWQiOnRydWUsImV4cCI6MTc4NjE1ODg5NX0.BPtJKkRGNJZYCdqTel8VmkjLYlencIcMSPAoDzC1tUsBRTo7oxeWCCgaVf2lTisXznnMfWVCYaaz6RjvPKAipQ:0
[  325752ms] [ERROR] Failed to load resource: net::ERR_CONNECTION_REFUSED @ http://localhost:3000/api/eps/stream:0
[  330245ms] [ERROR] Failed to load resource: net::ERR_CONNECTION_REFUSED @ http://localhost:3000/api/overview/health:0
[  330582ms] [ERROR] Failed to load resource: net::ERR_CONNECTION_REFUSED @ http://localhost:3000/api/ha-correlated-findings/stream?token=eyJhbGciOiJIUzUxMiJ9.eyJzdWIiOiJhZG1pbiIsImF1dGgiOiJST0xFX0FETUlOLFJPTEVfVVNFUiIsImF1dGhlbnRpY2F0ZWQiOnRydWUsImV4cCI6MTc4NjE1ODg5NX0.BPtJKkRGNJZYCdqTel8VmkjLYlencIcMSPAoDzC1tUsBRTo7oxeWCCgaVf2lTisXznnMfWVCYaaz6RjvPKAipQ:0
[  330756ms] [ERROR] Failed to load resource: net::ERR_CONNECTION_REFUSED @ http://localhost:3000/api/eps/stream:0
[  335586ms] [ERROR] Failed to load resource: net::ERR_CONNECTION_REFUSED @ http://localhost:3000/api/ha-correlated-findings/stream?token=eyJhbGciOiJIUzUxMiJ9.eyJzdWIiOiJhZG1pbiIsImF1dGgiOiJST0xFX0FETUlOLFJPTEVfVVNFUiIsImF1dGhlbnRpY2F0ZWQiOnRydWUsImV4cCI6MTc4NjE1ODg5NX0.BPtJKkRGNJZYCdqTel8VmkjLYlencIcMSPAoDzC1tUsBRTo7oxeWCCgaVf2lTisXznnMfWVCYaaz6RjvPKAipQ:0
[  335761ms] [ERROR] Failed to load resource: net::ERR_CONNECTION_REFUSED @ http://localhost:3000/api/eps/stream:0
[  340590ms] [ERROR] Failed to load resource: net::ERR_CONNECTION_REFUSED @ http://localhost:3000/api/ha-correlated-findings/stream?token=eyJhbGciOiJIUzUxMiJ9.eyJzdWIiOiJhZG1pbiIsImF1dGgiOiJST0xFX0FETUlOLFJPTEVfVVNFUiIsImF1dGhlbnRpY2F0ZWQiOnRydWUsImV4cCI6MTc4NjE1ODg5NX0.BPtJKkRGNJZYCdqTel8VmkjLYlencIcMSPAoDzC1tUsBRTo7oxeWCCgaVf2lTisXznnMfWVCYaaz6RjvPKAipQ:0
[  340764ms] [ERROR] Failed to load resource: net::ERR_CONNECTION_REFUSED @ http://localhost:3000/api/eps/stream:0
[  345594ms] [ERROR] Failed to load resource: net::ERR_CONNECTION_REFUSED @ http://localhost:3000/api/ha-correlated-findings/stream?token=eyJhbGciOiJIUzUxMiJ9.eyJzdWIiOiJhZG1pbiIsImF1dGgiOiJST0xFX0FETUlOLFJPTEVfVVNFUiIsImF1dGhlbnRpY2F0ZWQiOnRydWUsImV4cCI6MTc4NjE1ODg5NX0.BPtJKkRGNJZYCdqTel8VmkjLYlencIcMSPAoDzC1tUsBRTo7oxeWCCgaVf2lTisXznnMfWVCYaaz6RjvPKAipQ:0
[  345767ms] [ERROR] Failed to load resource: net::ERR_CONNECTION_REFUSED @ http://localhost:3000/api/eps/stream:0
[  350598ms] [ERROR] Failed to load resource: net::ERR_CONNECTION_REFUSED @ http://localhost:3000/api/ha-correlated-findings/stream?token=eyJhbGciOiJIUzUxMiJ9.eyJzdWIiOiJhZG1pbiIsImF1dGgiOiJST0xFX0FETUlOLFJPTEVfVVNFUiIsImF1dGhlbnRpY2F0ZWQiOnRydWUsImV4cCI6MTc4NjE1ODg5NX0.BPtJKkRGNJZYCdqTel8VmkjLYlencIcMSPAoDzC1tUsBRTo7oxeWCCgaVf2lTisXznnMfWVCYaaz6RjvPKAipQ:0
[  350770ms] [ERROR] Failed to load resource: net::ERR_CONNECTION_REFUSED @ http://localhost:3000/api/eps/stream:0
[  355602ms] [ERROR] Failed to load resource: net::ERR_CONNECTION_REFUSED @ http://localhost:3000/api/ha-correlated-findings/stream?token=eyJhbGciOiJIUzUxMiJ9.eyJzdWIiOiJhZG1pbiIsImF1dGgiOiJST0xFX0FETUlOLFJPTEVfVVNFUiIsImF1dGhlbnRpY2F0ZWQiOnRydWUsImV4cCI6MTc4NjE1ODg5NX0.BPtJKkRGNJZYCdqTel8VmkjLYlencIcMSPAoDzC1tUsBRTo7oxeWCCgaVf2lTisXznnMfWVCYaaz6RjvPKAipQ:0
[  355774ms] [ERROR] Failed to load resource: net::ERR_CONNECTION_REFUSED @ http://localhost:3000/api/eps/stream:0
[  360242ms] [ERROR] Failed to load resource: net::ERR_CONNECTION_REFUSED @ http://localhost:3000/api/overview/health:0
[  360607ms] [ERROR] Failed to load resource: net::ERR_CONNECTION_REFUSED @ http://localhost:3000/api/ha-correlated-findings/stream?token=eyJhbGciOiJIUzUxMiJ9.eyJzdWIiOiJhZG1pbiIsImF1dGgiOiJST0xFX0FETUlOLFJPTEVfVVNFUiIsImF1dGhlbnRpY2F0ZWQiOnRydWUsImV4cCI6MTc4NjE1ODg5NX0.BPtJKkRGNJZYCdqTel8VmkjLYlencIcMSPAoDzC1tUsBRTo7oxeWCCgaVf2lTisXznnMfWVCYaaz6RjvPKAipQ:0
[  360777ms] [ERROR] Failed to load resource: net::ERR_CONNECTION_REFUSED @ http://localhost:3000/api/eps/stream:0
[  365611ms] [ERROR] Failed to load resource: net::ERR_CONNECTION_REFUSED @ http://localhost:3000/api/ha-correlated-findings/stream?token=eyJhbGciOiJIUzUxMiJ9.eyJzdWIiOiJhZG1pbiIsImF1dGgiOiJST0xFX0FETUlOLFJPTEVfVVNFUiIsImF1dGhlbnRpY2F0ZWQiOnRydWUsImV4cCI6MTc4NjE1ODg5NX0.BPtJKkRGNJZYCdqTel8VmkjLYlencIcMSPAoDzC1tUsBRTo7oxeWCCgaVf2lTisXznnMfWVCYaaz6RjvPKAipQ:0
[  365781ms] [ERROR] Failed to load resource: net::ERR_CONNECTION_REFUSED @ http://localhost:3000/api/eps/stream:0
[  370615ms] [ERROR] Failed to load resource: net::ERR_CONNECTION_REFUSED @ http://localhost:3000/api/ha-correlated-findings/stream?token=eyJhbGciOiJIUzUxMiJ9.eyJzdWIiOiJhZG1pbiIsImF1dGgiOiJST0xFX0FETUlOLFJPTEVfVVNFUiIsImF1dGhlbnRpY2F0ZWQiOnRydWUsImV4cCI6MTc4NjE1ODg5NX0.BPtJKkRGNJZYCdqTel8VmkjLYlencIcMSPAoDzC1tUsBRTo7oxeWCCgaVf2lTisXznnMfWVCYaaz6RjvPKAipQ:0
[  370786ms] [ERROR] Failed to load resource: net::ERR_CONNECTION_REFUSED @ http://localhost:3000/api/eps/stream:0
[  375619ms] [ERROR] Failed to load resource: net::ERR_CONNECTION_REFUSED @ http://localhost:3000/api/ha-correlated-findings/stream?token=eyJhbGciOiJIUzUxMiJ9.eyJzdWIiOiJhZG1pbiIsImF1dGgiOiJST0xFX0FETUlOLFJPTEVfVVNFUiIsImF1dGhlbnRpY2F0ZWQiOnRydWUsImV4cCI6MTc4NjE1ODg5NX0.BPtJKkRGNJZYCdqTel8VmkjLYlencIcMSPAoDzC1tUsBRTo7oxeWCCgaVf2lTisXznnMfWVCYaaz6RjvPKAipQ:0
[  375790ms] [ERROR] Failed to load resource: net::ERR_CONNECTION_REFUSED @ http://localhost:3000/api/eps/stream:0
[  380624ms] [ERROR] Failed to load resource: net::ERR_CONNECTION_REFUSED @ http://localhost:3000/api/ha-correlated-findings/stream?token=eyJhbGciOiJIUzUxMiJ9.eyJzdWIiOiJhZG1pbiIsImF1dGgiOiJST0xFX0FETUlOLFJPTEVfVVNFUiIsImF1dGhlbnRpY2F0ZWQiOnRydWUsImV4cCI6MTc4NjE1ODg5NX0.BPtJKkRGNJZYCdqTel8VmkjLYlencIcMSPAoDzC1tUsBRTo7oxeWCCgaVf2lTisXznnMfWVCYaaz6RjvPKAipQ:0
[  380794ms] [ERROR] Failed to load resource: net::ERR_CONNECTION_REFUSED @ http://localhost:3000/api/eps/stream:0
[  385628ms] [ERROR] Failed to load resource: net::ERR_CONNECTION_REFUSED @ http://localhost:3000/api/ha-correlated-findings/stream?token=eyJhbGciOiJIUzUxMiJ9.eyJzdWIiOiJhZG1pbiIsImF1dGgiOiJST0xFX0FETUlOLFJPTEVfVVNFUiIsImF1dGhlbnRpY2F0ZWQiOnRydWUsImV4cCI6MTc4NjE1ODg5NX0.BPtJKkRGNJZYCdqTel8VmkjLYlencIcMSPAoDzC1tUsBRTo7oxeWCCgaVf2lTisXznnMfWVCYaaz6RjvPKAipQ:0
[  385797ms] [ERROR] Failed to load resource: net::ERR_CONNECTION_REFUSED @ http://localhost:3000/api/eps/stream:0
[  390243ms] [ERROR] Failed to load resource: net::ERR_CONNECTION_REFUSED @ http://localhost:3000/api/overview/health:0
[  390632ms] [ERROR] Failed to load resource: net::ERR_CONNECTION_REFUSED @ http://localhost:3000/api/ha-correlated-findings/stream?token=eyJhbGciOiJIUzUxMiJ9.eyJzdWIiOiJhZG1pbiIsImF1dGgiOiJST0xFX0FETUlOLFJPTEVfVVNFUiIsImF1dGhlbnRpY2F0ZWQiOnRydWUsImV4cCI6MTc4NjE1ODg5NX0.BPtJKkRGNJZYCdqTel8VmkjLYlencIcMSPAoDzC1tUsBRTo7oxeWCCgaVf2lTisXznnMfWVCYaaz6RjvPKAipQ:0
[  390801ms] [ERROR] Failed to load resource: net::ERR_CONNECTION_REFUSED @ http://localhost:3000/api/eps/stream:0
[  395636ms] [ERROR] Failed to load resource: net::ERR_CONNECTION_REFUSED @ http://localhost:3000/api/ha-correlated-findings/stream?token=eyJhbGciOiJIUzUxMiJ9.eyJzdWIiOiJhZG1pbiIsImF1dGgiOiJST0xFX0FETUlOLFJPTEVfVVNFUiIsImF1dGhlbnRpY2F0ZWQiOnRydWUsImV4cCI6MTc4NjE1ODg5NX0.BPtJKkRGNJZYCdqTel8VmkjLYlencIcMSPAoDzC1tUsBRTo7oxeWCCgaVf2lTisXznnMfWVCYaaz6RjvPKAipQ:0
[  395805ms] [ERROR] Failed to load resource: net::ERR_CONNECTION_REFUSED @ http://localhost:3000/api/eps/stream:0
[  400639ms] [ERROR] Failed to load resource: net::ERR_CONNECTION_REFUSED @ http://localhost:3000/api/ha-correlated-findings/stream?token=eyJhbGciOiJIUzUxMiJ9.eyJzdWIiOiJhZG1pbiIsImF1dGgiOiJST0xFX0FETUlOLFJPTEVfVVNFUiIsImF1dGhlbnRpY2F0ZWQiOnRydWUsImV4cCI6MTc4NjE1ODg5NX0.BPtJKkRGNJZYCdqTel8VmkjLYlencIcMSPAoDzC1tUsBRTo7oxeWCCgaVf2lTisXznnMfWVCYaaz6RjvPKAipQ:0
[  400808ms] [ERROR] Failed to load resource: net::ERR_CONNECTION_REFUSED @ http://localhost:3000/api/eps/stream:0
[  405643ms] [ERROR] Failed to load resource: net::ERR_CONNECTION_REFUSED @ http://localhost:3000/api/ha-correlated-findings/stream?token=eyJhbGciOiJIUzUxMiJ9.eyJzdWIiOiJhZG1pbiIsImF1dGgiOiJST0xFX0FETUlOLFJPTEVfVVNFUiIsImF1dGhlbnRpY2F0ZWQiOnRydWUsImV4cCI6MTc4NjE1ODg5NX0.BPtJKkRGNJZYCdqTel8VmkjLYlencIcMSPAoDzC1tUsBRTo7oxeWCCgaVf2lTisXznnMfWVCYaaz6RjvPKAipQ:0
[  405813ms] [ERROR] Failed to load resource: net::ERR_CONNECTION_REFUSED @ http://localhost:3000/api/eps/stream:0
[  410647ms] [ERROR] Failed to load resource: net::ERR_CONNECTION_REFUSED @ http://localhost:3000/api/ha-correlated-findings/stream?token=eyJhbGciOiJIUzUxMiJ9.eyJzdWIiOiJhZG1pbiIsImF1dGgiOiJST0xFX0FETUlOLFJPTEVfVVNFUiIsImF1dGhlbnRpY2F0ZWQiOnRydWUsImV4cCI6MTc4NjE1ODg5NX0.BPtJKkRGNJZYCdqTel8VmkjLYlencIcMSPAoDzC1tUsBRTo7oxeWCCgaVf2lTisXznnMfWVCYaaz6RjvPKAipQ:0
[  410816ms] [ERROR] Failed to load resource: net::ERR_CONNECTION_REFUSED @ http://localhost:3000/api/eps/stream:0
[  415652ms] [ERROR] Failed to load resource: net::ERR_CONNECTION_REFUSED @ http://localhost:3000/api/ha-correlated-findings/stream?token=eyJhbGciOiJIUzUxMiJ9.eyJzdWIiOiJhZG1pbiIsImF1dGgiOiJST0xFX0FETUlOLFJPTEVfVVNFUiIsImF1dGhlbnRpY2F0ZWQiOnRydWUsImV4cCI6MTc4NjE1ODg5NX0.BPtJKkRGNJZYCdqTel8VmkjLYlencIcMSPAoDzC1tUsBRTo7oxeWCCgaVf2lTisXznnMfWVCYaaz6RjvPKAipQ:0
[  415819ms] [ERROR] Failed to load resource: net::ERR_CONNECTION_REFUSED @ http://localhost:3000/api/eps/stream:0
[  420242ms] [ERROR] Failed to load resource: net::ERR_CONNECTION_REFUSED @ http://localhost:3000/api/overview/health:0
[  420655ms] [ERROR] Failed to load resource: net::ERR_CONNECTION_REFUSED @ http://localhost:3000/api/ha-correlated-findings/stream?token=eyJhbGciOiJIUzUxMiJ9.eyJzdWIiOiJhZG1pbiIsImF1dGgiOiJST0xFX0FETUlOLFJPTEVfVVNFUiIsImF1dGhlbnRpY2F0ZWQiOnRydWUsImV4cCI6MTc4NjE1ODg5NX0.BPtJKkRGNJZYCdqTel8VmkjLYlencIcMSPAoDzC1tUsBRTo7oxeWCCgaVf2lTisXznnMfWVCYaaz6RjvPKAipQ:0
[  420822ms] [ERROR] Failed to load resource: net::ERR_CONNECTION_REFUSED @ http://localhost:3000/api/eps/stream:0
[  425660ms] [ERROR] Failed to load resource: net::ERR_CONNECTION_REFUSED @ http://localhost:3000/api/ha-correlated-findings/stream?token=eyJhbGciOiJIUzUxMiJ9.eyJzdWIiOiJhZG1pbiIsImF1dGgiOiJST0xFX0FETUlOLFJPTEVfVVNFUiIsImF1dGhlbnRpY2F0ZWQiOnRydWUsImV4cCI6MTc4NjE1ODg5NX0.BPtJKkRGNJZYCdqTel8VmkjLYlencIcMSPAoDzC1tUsBRTo7oxeWCCgaVf2lTisXznnMfWVCYaaz6RjvPKAipQ:0
[  425825ms] [ERROR] Failed to load resource: net::ERR_CONNECTION_REFUSED @ http://localhost:3000/api/eps/stream:0
[  430663ms] [ERROR] Failed to load resource: net::ERR_CONNECTION_REFUSED @ http://localhost:3000/api/ha-correlated-findings/stream?token=eyJhbGciOiJIUzUxMiJ9.eyJzdWIiOiJhZG1pbiIsImF1dGgiOiJST0xFX0FETUlOLFJPTEVfVVNFUiIsImF1dGhlbnRpY2F0ZWQiOnRydWUsImV4cCI6MTc4NjE1ODg5NX0.BPtJKkRGNJZYCdqTel8VmkjLYlencIcMSPAoDzC1tUsBRTo7oxeWCCgaVf2lTisXznnMfWVCYaaz6RjvPKAipQ:0
[  430827ms] [ERROR] Failed to load resource: net::ERR_CONNECTION_REFUSED @ http://localhost:3000/api/eps/stream:0
[  435668ms] [ERROR] Failed to load resource: net::ERR_CONNECTION_REFUSED @ http://localhost:3000/api/ha-correlated-findings/stream?token=eyJhbGciOiJIUzUxMiJ9.eyJzdWIiOiJhZG1pbiIsImF1dGgiOiJST0xFX0FETUlOLFJPTEVfVVNFUiIsImF1dGhlbnRpY2F0ZWQiOnRydWUsImV4cCI6MTc4NjE1ODg5NX0.BPtJKkRGNJZYCdqTel8VmkjLYlencIcMSPAoDzC1tUsBRTo7oxeWCCgaVf2lTisXznnMfWVCYaaz6RjvPKAipQ:0
[  435830ms] [ERROR] Failed to load resource: net::ERR_CONNECTION_REFUSED @ http://localhost:3000/api/eps/stream:0
[  440672ms] [ERROR] Failed to load resource: net::ERR_CONNECTION_REFUSED @ http://localhost:3000/api/ha-correlated-findings/stream?token=eyJhbGciOiJIUzUxMiJ9.eyJzdWIiOiJhZG1pbiIsImF1dGgiOiJST0xFX0FETUlOLFJPTEVfVVNFUiIsImF1dGhlbnRpY2F0ZWQiOnRydWUsImV4cCI6MTc4NjE1ODg5NX0.BPtJKkRGNJZYCdqTel8VmkjLYlencIcMSPAoDzC1tUsBRTo7oxeWCCgaVf2lTisXznnMfWVCYaaz6RjvPKAipQ:0
[  440833ms] [ERROR] Failed to load resource: net::ERR_CONNECTION_REFUSED @ http://localhost:3000/api/eps/stream:0
[  445677ms] [ERROR] Failed to load resource: net::ERR_CONNECTION_REFUSED @ http://localhost:3000/api/ha-correlated-findings/stream?token=eyJhbGciOiJIUzUxMiJ9.eyJzdWIiOiJhZG1pbiIsImF1dGgiOiJST0xFX0FETUlOLFJPTEVfVVNFUiIsImF1dGhlbnRpY2F0ZWQiOnRydWUsImV4cCI6MTc4NjE1ODg5NX0.BPtJKkRGNJZYCdqTel8VmkjLYlencIcMSPAoDzC1tUsBRTo7oxeWCCgaVf2lTisXznnMfWVCYaaz6RjvPKAipQ:0
[  445837ms] [ERROR] Failed to load resource: net::ERR_CONNECTION_REFUSED @ http://localhost:3000/api/eps/stream:0
[  450242ms] [ERROR] Failed to load resource: net::ERR_CONNECTION_REFUSED @ http://localhost:3000/api/overview/health:0
[  450681ms] [ERROR] Failed to load resource: net::ERR_CONNECTION_REFUSED @ http://localhost:3000/api/ha-correlated-findings/stream?token=eyJhbGciOiJIUzUxMiJ9.eyJzdWIiOiJhZG1pbiIsImF1dGgiOiJST0xFX0FETUlOLFJPTEVfVVNFUiIsImF1dGhlbnRpY2F0ZWQiOnRydWUsImV4cCI6MTc4NjE1ODg5NX0.BPtJKkRGNJZYCdqTel8VmkjLYlencIcMSPAoDzC1tUsBRTo7oxeWCCgaVf2lTisXznnMfWVCYaaz6RjvPKAipQ:0
[  450839ms] [ERROR] Failed to load resource: net::ERR_CONNECTION_REFUSED @ http://localhost:3000/api/eps/stream:0
[  455685ms] [ERROR] Failed to load resource: net::ERR_CONNECTION_REFUSED @ http://localhost:3000/api/ha-correlated-findings/stream?token=eyJhbGciOiJIUzUxMiJ9.eyJzdWIiOiJhZG1pbiIsImF1dGgiOiJST0xFX0FETUlOLFJPTEVfVVNFUiIsImF1dGhlbnRpY2F0ZWQiOnRydWUsImV4cCI6MTc4NjE1ODg5NX0.BPtJKkRGNJZYCdqTel8VmkjLYlencIcMSPAoDzC1tUsBRTo7oxeWCCgaVf2lTisXznnMfWVCYaaz6RjvPKAipQ:0
[  455843ms] [ERROR] Failed to load resource: net::ERR_CONNECTION_REFUSED @ http://localhost:3000/api/eps/stream:0
[  460688ms] [ERROR] Failed to load resource: net::ERR_CONNECTION_REFUSED @ http://localhost:3000/api/ha-correlated-findings/stream?token=eyJhbGciOiJIUzUxMiJ9.eyJzdWIiOiJhZG1pbiIsImF1dGgiOiJST0xFX0FETUlOLFJPTEVfVVNFUiIsImF1dGhlbnRpY2F0ZWQiOnRydWUsImV4cCI6MTc4NjE1ODg5NX0.BPtJKkRGNJZYCdqTel8VmkjLYlencIcMSPAoDzC1tUsBRTo7oxeWCCgaVf2lTisXznnMfWVCYaaz6RjvPKAipQ:0
[  460846ms] [ERROR] Failed to load resource: net::ERR_CONNECTION_REFUSED @ http://localhost:3000/api/eps/stream:0
[  465693ms] [ERROR] Failed to load resource: net::ERR_CONNECTION_REFUSED @ http://localhost:3000/api/ha-correlated-findings/stream?token=eyJhbGciOiJIUzUxMiJ9.eyJzdWIiOiJhZG1pbiIsImF1dGgiOiJST0xFX0FETUlOLFJPTEVfVVNFUiIsImF1dGhlbnRpY2F0ZWQiOnRydWUsImV4cCI6MTc4NjE1ODg5NX0.BPtJKkRGNJZYCdqTel8VmkjLYlencIcMSPAoDzC1tUsBRTo7oxeWCCgaVf2lTisXznnMfWVCYaaz6RjvPKAipQ:0
[  465850ms] [ERROR] Failed to load resource: net::ERR_CONNECTION_REFUSED @ http://localhost:3000/api/eps/stream:0
[  470697ms] [ERROR] Failed to load resource: net::ERR_CONNECTION_REFUSED @ http://localhost:3000/api/ha-correlated-findings/stream?token=eyJhbGciOiJIUzUxMiJ9.eyJzdWIiOiJhZG1pbiIsImF1dGgiOiJST0xFX0FETUlOLFJPTEVfVVNFUiIsImF1dGhlbnRpY2F0ZWQiOnRydWUsImV4cCI6MTc4NjE1ODg5NX0.BPtJKkRGNJZYCdqTel8VmkjLYlencIcMSPAoDzC1tUsBRTo7oxeWCCgaVf2lTisXznnMfWVCYaaz6RjvPKAipQ:0
[  470853ms] [ERROR] Failed to load resource: net::ERR_CONNECTION_REFUSED @ http://localhost:3000/api/eps/stream:0
[  475701ms] [ERROR] Failed to load resource: net::ERR_CONNECTION_REFUSED @ http://localhost:3000/api/ha-correlated-findings/stream?token=eyJhbGciOiJIUzUxMiJ9.eyJzdWIiOiJhZG1pbiIsImF1dGgiOiJST0xFX0FETUlOLFJPTEVfVVNFUiIsImF1dGhlbnRpY2F0ZWQiOnRydWUsImV4cCI6MTc4NjE1ODg5NX0.BPtJKkRGNJZYCdqTel8VmkjLYlencIcMSPAoDzC1tUsBRTo7oxeWCCgaVf2lTisXznnMfWVCYaaz6RjvPKAipQ:0
[  475857ms] [ERROR] Failed to load resource: net::ERR_CONNECTION_REFUSED @ http://localhost:3000/api/eps/stream:0
[  480242ms] [ERROR] Failed to load resource: net::ERR_CONNECTION_REFUSED @ http://localhost:3000/api/overview/health:0
[  480705ms] [ERROR] Failed to load resource: net::ERR_CONNECTION_REFUSED @ http://localhost:3000/api/ha-correlated-findings/stream?token=eyJhbGciOiJIUzUxMiJ9.eyJzdWIiOiJhZG1pbiIsImF1dGgiOiJST0xFX0FETUlOLFJPTEVfVVNFUiIsImF1dGhlbnRpY2F0ZWQiOnRydWUsImV4cCI6MTc4NjE1ODg5NX0.BPtJKkRGNJZYCdqTel8VmkjLYlencIcMSPAoDzC1tUsBRTo7oxeWCCgaVf2lTisXznnMfWVCYaaz6RjvPKAipQ:0
[  480861ms] [ERROR] Failed to load resource: net::ERR_CONNECTION_REFUSED @ http://localhost:3000/api/eps/stream:0
[  485710ms] [ERROR] Failed to load resource: net::ERR_CONNECTION_REFUSED @ http://localhost:3000/api/ha-correlated-findings/stream?token=eyJhbGciOiJIUzUxMiJ9.eyJzdWIiOiJhZG1pbiIsImF1dGgiOiJST0xFX0FETUlOLFJPTEVfVVNFUiIsImF1dGhlbnRpY2F0ZWQiOnRydWUsImV4cCI6MTc4NjE1ODg5NX0.BPtJKkRGNJZYCdqTel8VmkjLYlencIcMSPAoDzC1tUsBRTo7oxeWCCgaVf2lTisXznnMfWVCYaaz6RjvPKAipQ:0
[  485865ms] [ERROR] Failed to load resource: net::ERR_CONNECTION_REFUSED @ http://localhost:3000/api/eps/stream:0
[  490715ms] [ERROR] Failed to load resource: net::ERR_CONNECTION_REFUSED @ http://localhost:3000/api/ha-correlated-findings/stream?token=eyJhbGciOiJIUzUxMiJ9.eyJzdWIiOiJhZG1pbiIsImF1dGgiOiJST0xFX0FETUlOLFJPTEVfVVNFUiIsImF1dGhlbnRpY2F0ZWQiOnRydWUsImV4cCI6MTc4NjE1ODg5NX0.BPtJKkRGNJZYCdqTel8VmkjLYlencIcMSPAoDzC1tUsBRTo7oxeWCCgaVf2lTisXznnMfWVCYaaz6RjvPKAipQ:0
[  490868ms] [ERROR] Failed to load resource: net::ERR_CONNECTION_REFUSED @ http://localhost:3000/api/eps/stream:0
[  495719ms] [ERROR] Failed to load resource: net::ERR_CONNECTION_REFUSED @ http://localhost:3000/api/ha-correlated-findings/stream?token=eyJhbGciOiJIUzUxMiJ9.eyJzdWIiOiJhZG1pbiIsImF1dGgiOiJST0xFX0FETUlOLFJPTEVfVVNFUiIsImF1dGhlbnRpY2F0ZWQiOnRydWUsImV4cCI6MTc4NjE1ODg5NX0.BPtJKkRGNJZYCdqTel8VmkjLYlencIcMSPAoDzC1tUsBRTo7oxeWCCgaVf2lTisXznnMfWVCYaaz6RjvPKAipQ:0
[  495872ms] [ERROR] Failed to load resource: net::ERR_CONNECTION_REFUSED @ http://localhost:3000/api/eps/stream:0
[  500723ms] [ERROR] Failed to load resource: net::ERR_CONNECTION_REFUSED @ http://localhost:3000/api/ha-correlated-findings/stream?token=eyJhbGciOiJIUzUxMiJ9.eyJzdWIiOiJhZG1pbiIsImF1dGgiOiJST0xFX0FETUlOLFJPTEVfVVNFUiIsImF1dGhlbnRpY2F0ZWQiOnRydWUsImV4cCI6MTc4NjE1ODg5NX0.BPtJKkRGNJZYCdqTel8VmkjLYlencIcMSPAoDzC1tUsBRTo7oxeWCCgaVf2lTisXznnMfWVCYaaz6RjvPKAipQ:0
[  500875ms] [ERROR] Failed to load resource: net::ERR_CONNECTION_REFUSED @ http://localhost:3000/api/eps/stream:0
[  505728ms] [ERROR] Failed to load resource: net::ERR_CONNECTION_REFUSED @ http://localhost:3000/api/ha-correlated-findings/stream?token=eyJhbGciOiJIUzUxMiJ9.eyJzdWIiOiJhZG1pbiIsImF1dGgiOiJST0xFX0FETUlOLFJPTEVfVVNFUiIsImF1dGhlbnRpY2F0ZWQiOnRydWUsImV4cCI6MTc4NjE1ODg5NX0.BPtJKkRGNJZYCdqTel8VmkjLYlencIcMSPAoDzC1tUsBRTo7oxeWCCgaVf2lTisXznnMfWVCYaaz6RjvPKAipQ:0
[  505880ms] [ERROR] Failed to load resource: net::ERR_CONNECTION_REFUSED @ http://localhost:3000/api/eps/stream:0
[  510243ms] [ERROR] Failed to load resource: net::ERR_CONNECTION_REFUSED @ http://localhost:3000/api/overview/health:0
[  510733ms] [ERROR] Failed to load resource: net::ERR_CONNECTION_REFUSED @ http://localhost:3000/api/ha-correlated-findings/stream?token=eyJhbGciOiJIUzUxMiJ9.eyJzdWIiOiJhZG1pbiIsImF1dGgiOiJST0xFX0FETUlOLFJPTEVfVVNFUiIsImF1dGhlbnRpY2F0ZWQiOnRydWUsImV4cCI6MTc4NjE1ODg5NX0.BPtJKkRGNJZYCdqTel8VmkjLYlencIcMSPAoDzC1tUsBRTo7oxeWCCgaVf2lTisXznnMfWVCYaaz6RjvPKAipQ:0
[  510885ms] [ERROR] Failed to load resource: net::ERR_CONNECTION_REFUSED @ http://localhost:3000/api/eps/stream:0
[  515738ms] [ERROR] Failed to load resource: net::ERR_CONNECTION_REFUSED @ http://localhost:3000/api/ha-correlated-findings/stream?token=eyJhbGciOiJIUzUxMiJ9.eyJzdWIiOiJhZG1pbiIsImF1dGgiOiJST0xFX0FETUlOLFJPTEVfVVNFUiIsImF1dGhlbnRpY2F0ZWQiOnRydWUsImV4cCI6MTc4NjE1ODg5NX0.BPtJKkRGNJZYCdqTel8VmkjLYlencIcMSPAoDzC1tUsBRTo7oxeWCCgaVf2lTisXznnMfWVCYaaz6RjvPKAipQ:0
[  515889ms] [ERROR] Failed to load resource: net::ERR_CONNECTION_REFUSED @ http://localhost:3000/api/eps/stream:0
[  520743ms] [ERROR] Failed to load resource: net::ERR_CONNECTION_REFUSED @ http://localhost:3000/api/ha-correlated-findings/stream?token=eyJhbGciOiJIUzUxMiJ9.eyJzdWIiOiJhZG1pbiIsImF1dGgiOiJST0xFX0FETUlOLFJPTEVfVVNFUiIsImF1dGhlbnRpY2F0ZWQiOnRydWUsImV4cCI6MTc4NjE1ODg5NX0.BPtJKkRGNJZYCdqTel8VmkjLYlencIcMSPAoDzC1tUsBRTo7oxeWCCgaVf2lTisXznnMfWVCYaaz6RjvPKAipQ:0
[  520894ms] [ERROR] Failed to load resource: net::ERR_CONNECTION_REFUSED @ http://localhost:3000/api/eps/stream:0
[  525747ms] [ERROR] Failed to load resource: net::ERR_CONNECTION_REFUSED @ http://localhost:3000/api/ha-correlated-findings/stream?token=eyJhbGciOiJIUzUxMiJ9.eyJzdWIiOiJhZG1pbiIsImF1dGgiOiJST0xFX0FETUlOLFJPTEVfVVNFUiIsImF1dGhlbnRpY2F0ZWQiOnRydWUsImV4cCI6MTc4NjE1ODg5NX0.BPtJKkRGNJZYCdqTel8VmkjLYlencIcMSPAoDzC1tUsBRTo7oxeWCCgaVf2lTisXznnMfWVCYaaz6RjvPKAipQ:0
[  525899ms] [ERROR] Failed to load resource: net::ERR_CONNECTION_REFUSED @ http://localhost:3000/api/eps/stream:0
[  530753ms] [ERROR] Failed to load resource: net::ERR_CONNECTION_REFUSED @ http://localhost:3000/api/ha-correlated-findings/stream?token=eyJhbGciOiJIUzUxMiJ9.eyJzdWIiOiJhZG1pbiIsImF1dGgiOiJST0xFX0FETUlOLFJPTEVfVVNFUiIsImF1dGhlbnRpY2F0ZWQiOnRydWUsImV4cCI6MTc4NjE1ODg5NX0.BPtJKkRGNJZYCdqTel8VmkjLYlencIcMSPAoDzC1tUsBRTo7oxeWCCgaVf2lTisXznnMfWVCYaaz6RjvPKAipQ:0
[  530902ms] [ERROR] Failed to load resource: net::ERR_CONNECTION_REFUSED @ http://localhost:3000/api/eps/stream:0
[  535757ms] [ERROR] Failed to load resource: net::ERR_CONNECTION_REFUSED @ http://localhost:3000/api/ha-correlated-findings/stream?token=eyJhbGciOiJIUzUxMiJ9.eyJzdWIiOiJhZG1pbiIsImF1dGgiOiJST0xFX0FETUlOLFJPTEVfVVNFUiIsImF1dGhlbnRpY2F0ZWQiOnRydWUsImV4cCI6MTc4NjE1ODg5NX0.BPtJKkRGNJZYCdqTel8VmkjLYlencIcMSPAoDzC1tUsBRTo7oxeWCCgaVf2lTisXznnMfWVCYaaz6RjvPKAipQ:0
[  535907ms] [ERROR] Failed to load resource: net::ERR_CONNECTION_REFUSED @ http://localhost:3000/api/eps/stream:0
[  540242ms] [ERROR] Failed to load resource: net::ERR_CONNECTION_REFUSED @ http://localhost:3000/api/overview/health:0
[  540761ms] [ERROR] Failed to load resource: net::ERR_CONNECTION_REFUSED @ http://localhost:3000/api/ha-correlated-findings/stream?token=eyJhbGciOiJIUzUxMiJ9.eyJzdWIiOiJhZG1pbiIsImF1dGgiOiJST0xFX0FETUlOLFJPTEVfVVNFUiIsImF1dGhlbnRpY2F0ZWQiOnRydWUsImV4cCI6MTc4NjE1ODg5NX0.BPtJKkRGNJZYCdqTel8VmkjLYlencIcMSPAoDzC1tUsBRTo7oxeWCCgaVf2lTisXznnMfWVCYaaz6RjvPKAipQ:0
[  540911ms] [ERROR] Failed to load resource: net::ERR_CONNECTION_REFUSED @ http://localhost:3000/api/eps/stream:0
[  545766ms] [ERROR] Failed to load resource: net::ERR_CONNECTION_REFUSED @ http://localhost:3000/api/ha-correlated-findings/stream?token=eyJhbGciOiJIUzUxMiJ9.eyJzdWIiOiJhZG1pbiIsImF1dGgiOiJST0xFX0FETUlOLFJPTEVfVVNFUiIsImF1dGhlbnRpY2F0ZWQiOnRydWUsImV4cCI6MTc4NjE1ODg5NX0.BPtJKkRGNJZYCdqTel8VmkjLYlencIcMSPAoDzC1tUsBRTo7oxeWCCgaVf2lTisXznnMfWVCYaaz6RjvPKAipQ:0
[  545916ms] [ERROR] Failed to load resource: net::ERR_CONNECTION_REFUSED @ http://localhost:3000/api/eps/stream:0
[  550771ms] [ERROR] Failed to load resource: net::ERR_CONNECTION_REFUSED @ http://localhost:3000/api/ha-correlated-findings/stream?token=eyJhbGciOiJIUzUxMiJ9.eyJzdWIiOiJhZG1pbiIsImF1dGgiOiJST0xFX0FETUlOLFJPTEVfVVNFUiIsImF1dGhlbnRpY2F0ZWQiOnRydWUsImV4cCI6MTc4NjE1ODg5NX0.BPtJKkRGNJZYCdqTel8VmkjLYlencIcMSPAoDzC1tUsBRTo7oxeWCCgaVf2lTisXznnMfWVCYaaz6RjvPKAipQ:0
[  550921ms] [ERROR] Failed to load resource: net::ERR_CONNECTION_REFUSED @ http://localhost:3000/api/eps/stream:0
[  555777ms] [ERROR] Failed to load resource: net::ERR_CONNECTION_REFUSED @ http://localhost:3000/api/ha-correlated-findings/stream?token=eyJhbGciOiJIUzUxMiJ9.eyJzdWIiOiJhZG1pbiIsImF1dGgiOiJST0xFX0FETUlOLFJPTEVfVVNFUiIsImF1dGhlbnRpY2F0ZWQiOnRydWUsImV4cCI6MTc4NjE1ODg5NX0.BPtJKkRGNJZYCdqTel8VmkjLYlencIcMSPAoDzC1tUsBRTo7oxeWCCgaVf2lTisXznnMfWVCYaaz6RjvPKAipQ:0
[  555925ms] [ERROR] Failed to load resource: net::ERR_CONNECTION_REFUSED @ http://localhost:3000/api/eps/stream:0
[  560782ms] [ERROR] Failed to load resource: net::ERR_CONNECTION_REFUSED @ http://localhost:3000/api/ha-correlated-findings/stream?token=eyJhbGciOiJIUzUxMiJ9.eyJzdWIiOiJhZG1pbiIsImF1dGgiOiJST0xFX0FETUlOLFJPTEVfVVNFUiIsImF1dGhlbnRpY2F0ZWQiOnRydWUsImV4cCI6MTc4NjE1ODg5NX0.BPtJKkRGNJZYCdqTel8VmkjLYlencIcMSPAoDzC1tUsBRTo7oxeWCCgaVf2lTisXznnMfWVCYaaz6RjvPKAipQ:0
[  560930ms] [ERROR] Failed to load resource: net::ERR_CONNECTION_REFUSED @ http://localhost:3000/api/eps/stream:0
[  565787ms] [ERROR] Failed to load resource: net::ERR_CONNECTION_REFUSED @ http://localhost:3000/api/ha-correlated-findings/stream?token=eyJhbGciOiJIUzUxMiJ9.eyJzdWIiOiJhZG1pbiIsImF1dGgiOiJST0xFX0FETUlOLFJPTEVfVVNFUiIsImF1dGhlbnRpY2F0ZWQiOnRydWUsImV4cCI6MTc4NjE1ODg5NX0.BPtJKkRGNJZYCdqTel8VmkjLYlencIcMSPAoDzC1tUsBRTo7oxeWCCgaVf2lTisXznnMfWVCYaaz6RjvPKAipQ:0
[  565936ms] [ERROR] Failed to load resource: net::ERR_CONNECTION_REFUSED @ http://localhost:3000/api/eps/stream:0
[  570243ms] [ERROR] Failed to load resource: net::ERR_CONNECTION_REFUSED @ http://localhost:3000/api/overview/health:0
[  570792ms] [ERROR] Failed to load resource: net::ERR_CONNECTION_REFUSED @ http://localhost:3000/api/ha-correlated-findings/stream?token=eyJhbGciOiJIUzUxMiJ9.eyJzdWIiOiJhZG1pbiIsImF1dGgiOiJST0xFX0FETUlOLFJPTEVfVVNFUiIsImF1dGhlbnRpY2F0ZWQiOnRydWUsImV4cCI6MTc4NjE1ODg5NX0.BPtJKkRGNJZYCdqTel8VmkjLYlencIcMSPAoDzC1tUsBRTo7oxeWCCgaVf2lTisXznnMfWVCYaaz6RjvPKAipQ:0
[  570941ms] [ERROR] Failed to load resource: net::ERR_CONNECTION_REFUSED @ http://localhost:3000/api/eps/stream:0
[  575796ms] [ERROR] Failed to load resource: net::ERR_CONNECTION_REFUSED @ http://localhost:3000/api/ha-correlated-findings/stream?token=eyJhbGciOiJIUzUxMiJ9.eyJzdWIiOiJhZG1pbiIsImF1dGgiOiJST0xFX0FETUlOLFJPTEVfVVNFUiIsImF1dGhlbnRpY2F0ZWQiOnRydWUsImV4cCI6MTc4NjE1ODg5NX0.BPtJKkRGNJZYCdqTel8VmkjLYlencIcMSPAoDzC1tUsBRTo7oxeWCCgaVf2lTisXznnMfWVCYaaz6RjvPKAipQ:0
[  575946ms] [ERROR] Failed to load resource: net::ERR_CONNECTION_REFUSED @ http://localhost:3000/api/eps/stream:0
[  580801ms] [ERROR] Failed to load resource: net::ERR_CONNECTION_REFUSED @ http://localhost:3000/api/ha-correlated-findings/stream?token=eyJhbGciOiJIUzUxMiJ9.eyJzdWIiOiJhZG1pbiIsImF1dGgiOiJST0xFX0FETUlOLFJPTEVfVVNFUiIsImF1dGhlbnRpY2F0ZWQiOnRydWUsImV4cCI6MTc4NjE1ODg5NX0.BPtJKkRGNJZYCdqTel8VmkjLYlencIcMSPAoDzC1tUsBRTo7oxeWCCgaVf2lTisXznnMfWVCYaaz6RjvPKAipQ:0
[  580951ms] [ERROR] Failed to load resource: net::ERR_CONNECTION_REFUSED @ http://localhost:3000/api/eps/stream:0
[  585807ms] [ERROR] Failed to load resource: net::ERR_CONNECTION_REFUSED @ http://localhost:3000/api/ha-correlated-findings/stream?token=eyJhbGciOiJIUzUxMiJ9.eyJzdWIiOiJhZG1pbiIsImF1dGgiOiJST0xFX0FETUlOLFJPTEVfVVNFUiIsImF1dGhlbnRpY2F0ZWQiOnRydWUsImV4cCI6MTc4NjE1ODg5NX0.BPtJKkRGNJZYCdqTel8VmkjLYlencIcMSPAoDzC1tUsBRTo7oxeWCCgaVf2lTisXznnMfWVCYaaz6RjvPKAipQ:0
[  585955ms] [ERROR] Failed to load resource: net::ERR_CONNECTION_REFUSED @ http://localhost:3000/api/eps/stream:0
[  590811ms] [ERROR] Failed to load resource: net::ERR_CONNECTION_REFUSED @ http://localhost:3000/api/ha-correlated-findings/stream?token=eyJhbGciOiJIUzUxMiJ9.eyJzdWIiOiJhZG1pbiIsImF1dGgiOiJST0xFX0FETUlOLFJPTEVfVVNFUiIsImF1dGhlbnRpY2F0ZWQiOnRydWUsImV4cCI6MTc4NjE1ODg5NX0.BPtJKkRGNJZYCdqTel8VmkjLYlencIcMSPAoDzC1tUsBRTo7oxeWCCgaVf2lTisXznnMfWVCYaaz6RjvPKAipQ:0
[  590958ms] [ERROR] Failed to load resource: net::ERR_CONNECTION_REFUSED @ http://localhost:3000/api/eps/stream:0
[  595815ms] [ERROR] Failed to load resource: net::ERR_CONNECTION_REFUSED @ http://localhost:3000/api/ha-correlated-findings/stream?token=eyJhbGciOiJIUzUxMiJ9.eyJzdWIiOiJhZG1pbiIsImF1dGgiOiJST0xFX0FETUlOLFJPTEVfVVNFUiIsImF1dGhlbnRpY2F0ZWQiOnRydWUsImV4cCI6MTc4NjE1ODg5NX0.BPtJKkRGNJZYCdqTel8VmkjLYlencIcMSPAoDzC1tUsBRTo7oxeWCCgaVf2lTisXznnMfWVCYaaz6RjvPKAipQ:0
[  595963ms] [ERROR] Failed to load resource: net::ERR_CONNECTION_REFUSED @ http://localhost:3000/api/eps/stream:0
[  600244ms] [ERROR] Failed to load resource: net::ERR_CONNECTION_REFUSED @ http://localhost:3000/api/overview/health:0
[  600820ms] [ERROR] Failed to load resource: net::ERR_CONNECTION_REFUSED @ http://localhost:3000/api/ha-correlated-findings/stream?token=eyJhbGciOiJIUzUxMiJ9.eyJzdWIiOiJhZG1pbiIsImF1dGgiOiJST0xFX0FETUlOLFJPTEVfVVNFUiIsImF1dGhlbnRpY2F0ZWQiOnRydWUsImV4cCI6MTc4NjE1ODg5NX0.BPtJKkRGNJZYCdqTel8VmkjLYlencIcMSPAoDzC1tUsBRTo7oxeWCCgaVf2lTisXznnMfWVCYaaz6RjvPKAipQ:0
[  600968ms] [ERROR] Failed to load resource: net::ERR_CONNECTION_REFUSED @ http://localhost:3000/api/eps/stream:0
[  605825ms] [ERROR] Failed to load resource: net::ERR_CONNECTION_REFUSED @ http://localhost:3000/api/ha-correlated-findings/stream?token=eyJhbGciOiJIUzUxMiJ9.eyJzdWIiOiJhZG1pbiIsImF1dGgiOiJST0xFX0FETUlOLFJPTEVfVVNFUiIsImF1dGhlbnRpY2F0ZWQiOnRydWUsImV4cCI6MTc4NjE1ODg5NX0.BPtJKkRGNJZYCdqTel8VmkjLYlencIcMSPAoDzC1tUsBRTo7oxeWCCgaVf2lTisXznnMfWVCYaaz6RjvPKAipQ:0
[  605973ms] [ERROR] Failed to load resource: net::ERR_CONNECTION_REFUSED @ http://localhost:3000/api/eps/stream:0
[  610831ms] [ERROR] Failed to load resource: net::ERR_CONNECTION_REFUSED @ http://localhost:3000/api/ha-correlated-findings/stream?token=eyJhbGciOiJIUzUxMiJ9.eyJzdWIiOiJhZG1pbiIsImF1dGgiOiJST0xFX0FETUlOLFJPTEVfVVNFUiIsImF1dGhlbnRpY2F0ZWQiOnRydWUsImV4cCI6MTc4NjE1ODg5NX0.BPtJKkRGNJZYCdqTel8VmkjLYlencIcMSPAoDzC1tUsBRTo7oxeWCCgaVf2lTisXznnMfWVCYaaz6RjvPKAipQ:0
[  610978ms] [ERROR] Failed to load resource: net::ERR_CONNECTION_REFUSED @ http://localhost:3000/api/eps/stream:0
[  615837ms] [ERROR] Failed to load resource: net::ERR_CONNECTION_REFUSED @ http://localhost:3000/api/ha-correlated-findings/stream?token=eyJhbGciOiJIUzUxMiJ9.eyJzdWIiOiJhZG1pbiIsImF1dGgiOiJST0xFX0FETUlOLFJPTEVfVVNFUiIsImF1dGhlbnRpY2F0ZWQiOnRydWUsImV4cCI6MTc4NjE1ODg5NX0.BPtJKkRGNJZYCdqTel8VmkjLYlencIcMSPAoDzC1tUsBRTo7oxeWCCgaVf2lTisXznnMfWVCYaaz6RjvPKAipQ:0
[  615983ms] [ERROR] Failed to load resource: net::ERR_CONNECTION_REFUSED @ http://localhost:3000/api/eps/stream:0
[  620838ms] [ERROR] Failed to load resource: net::ERR_CONNECTION_REFUSED @ http://localhost:3000/api/ha-correlated-findings/stream?token=eyJhbGciOiJIUzUxMiJ9.eyJzdWIiOiJhZG1pbiIsImF1dGgiOiJST0xFX0FETUlOLFJPTEVfVVNFUiIsImF1dGhlbnRpY2F0ZWQiOnRydWUsImV4cCI6MTc4NjE1ODg5NX0.BPtJKkRGNJZYCdqTel8VmkjLYlencIcMSPAoDzC1tUsBRTo7oxeWCCgaVf2lTisXznnMfWVCYaaz6RjvPKAipQ:0
[  620988ms] [ERROR] Failed to load resource: net::ERR_CONNECTION_REFUSED @ http://localhost:3000/api/eps/stream:0
[  625843ms] [ERROR] Failed to load resource: net::ERR_CONNECTION_REFUSED @ http://localhost:3000/api/ha-correlated-findings/stream?token=eyJhbGciOiJIUzUxMiJ9.eyJzdWIiOiJhZG1pbiIsImF1dGgiOiJST0xFX0FETUlOLFJPTEVfVVNFUiIsImF1dGhlbnRpY2F0ZWQiOnRydWUsImV4cCI6MTc4NjE1ODg5NX0.BPtJKkRGNJZYCdqTel8VmkjLYlencIcMSPAoDzC1tUsBRTo7oxeWCCgaVf2lTisXznnMfWVCYaaz6RjvPKAipQ:0
[  625993ms] [ERROR] Failed to load resource: net::ERR_CONNECTION_REFUSED @ http://localhost:3000/api/eps/stream:0
[  630243ms] [ERROR] Failed to load resource: net::ERR_CONNECTION_REFUSED @ http://localhost:3000/api/overview/health:0
[  630848ms] [ERROR] Failed to load resource: net::ERR_CONNECTION_REFUSED @ http://localhost:3000/api/ha-correlated-findings/stream?token=eyJhbGciOiJIUzUxMiJ9.eyJzdWIiOiJhZG1pbiIsImF1dGgiOiJST0xFX0FETUlOLFJPTEVfVVNFUiIsImF1dGhlbnRpY2F0ZWQiOnRydWUsImV4cCI6MTc4NjE1ODg5NX0.BPtJKkRGNJZYCdqTel8VmkjLYlencIcMSPAoDzC1tUsBRTo7oxeWCCgaVf2lTisXznnMfWVCYaaz6RjvPKAipQ:0
[  630997ms] [ERROR] Failed to load resource: net::ERR_CONNECTION_REFUSED @ http://localhost:3000/api/eps/stream:0
[  635851ms] [ERROR] Failed to load resource: net::ERR_CONNECTION_REFUSED @ http://localhost:3000/api/ha-correlated-findings/stream?token=eyJhbGciOiJIUzUxMiJ9.eyJzdWIiOiJhZG1pbiIsImF1dGgiOiJST0xFX0FETUlOLFJPTEVfVVNFUiIsImF1dGhlbnRpY2F0ZWQiOnRydWUsImV4cCI6MTc4NjE1ODg5NX0.BPtJKkRGNJZYCdqTel8VmkjLYlencIcMSPAoDzC1tUsBRTo7oxeWCCgaVf2lTisXznnMfWVCYaaz6RjvPKAipQ:0
[  636002ms] [ERROR] Failed to load resource: net::ERR_CONNECTION_REFUSED @ http://localhost:3000/api/eps/stream:0
[  640855ms] [ERROR] Failed to load resource: net::ERR_CONNECTION_REFUSED @ http://localhost:3000/api/ha-correlated-findings/stream?token=eyJhbGciOiJIUzUxMiJ9.eyJzdWIiOiJhZG1pbiIsImF1dGgiOiJST0xFX0FETUlOLFJPTEVfVVNFUiIsImF1dGhlbnRpY2F0ZWQiOnRydWUsImV4cCI6MTc4NjE1ODg5NX0.BPtJKkRGNJZYCdqTel8VmkjLYlencIcMSPAoDzC1tUsBRTo7oxeWCCgaVf2lTisXznnMfWVCYaaz6RjvPKAipQ:0
[  641006ms] [ERROR] Failed to load resource: net::ERR_CONNECTION_REFUSED @ http://localhost:3000/api/eps/stream:0
[  645860ms] [ERROR] Failed to load resource: net::ERR_CONNECTION_REFUSED @ http://localhost:3000/api/ha-correlated-findings/stream?token=eyJhbGciOiJIUzUxMiJ9.eyJzdWIiOiJhZG1pbiIsImF1dGgiOiJST0xFX0FETUlOLFJPTEVfVVNFUiIsImF1dGhlbnRpY2F0ZWQiOnRydWUsImV4cCI6MTc4NjE1ODg5NX0.BPtJKkRGNJZYCdqTel8VmkjLYlencIcMSPAoDzC1tUsBRTo7oxeWCCgaVf2lTisXznnMfWVCYaaz6RjvPKAipQ:0
[  646010ms] [ERROR] Failed to load resource: net::ERR_CONNECTION_REFUSED @ http://localhost:3000/api/eps/stream:0
[  650863ms] [ERROR] Failed to load resource: net::ERR_CONNECTION_REFUSED @ http://localhost:3000/api/ha-correlated-findings/stream?token=eyJhbGciOiJIUzUxMiJ9.eyJzdWIiOiJhZG1pbiIsImF1dGgiOiJST0xFX0FETUlOLFJPTEVfVVNFUiIsImF1dGhlbnRpY2F0ZWQiOnRydWUsImV4cCI6MTc4NjE1ODg5NX0.BPtJKkRGNJZYCdqTel8VmkjLYlencIcMSPAoDzC1tUsBRTo7oxeWCCgaVf2lTisXznnMfWVCYaaz6RjvPKAipQ:0
[  651016ms] [ERROR] Failed to load resource: net::ERR_CONNECTION_REFUSED @ http://localhost:3000/api/eps/stream:0
[  655868ms] [ERROR] Failed to load resource: net::ERR_CONNECTION_REFUSED @ http://localhost:3000/api/ha-correlated-findings/stream?token=eyJhbGciOiJIUzUxMiJ9.eyJzdWIiOiJhZG1pbiIsImF1dGgiOiJST0xFX0FETUlOLFJPTEVfVVNFUiIsImF1dGhlbnRpY2F0ZWQiOnRydWUsImV4cCI6MTc4NjE1ODg5NX0.BPtJKkRGNJZYCdqTel8VmkjLYlencIcMSPAoDzC1tUsBRTo7oxeWCCgaVf2lTisXznnMfWVCYaaz6RjvPKAipQ:0
[  656019ms] [ERROR] Failed to load resource: net::ERR_CONNECTION_REFUSED @ http://localhost:3000/api/eps/stream:0
[  660242ms] [ERROR] Failed to load resource: net::ERR_CONNECTION_REFUSED @ http://localhost:3000/api/overview/health:0
[  660870ms] [ERROR] Failed to load resource: net::ERR_CONNECTION_REFUSED @ http://localhost:3000/api/ha-correlated-findings/stream?token=eyJhbGciOiJIUzUxMiJ9.eyJzdWIiOiJhZG1pbiIsImF1dGgiOiJST0xFX0FETUlOLFJPTEVfVVNFUiIsImF1dGhlbnRpY2F0ZWQiOnRydWUsImV4cCI6MTc4NjE1ODg5NX0.BPtJKkRGNJZYCdqTel8VmkjLYlencIcMSPAoDzC1tUsBRTo7oxeWCCgaVf2lTisXznnMfWVCYaaz6RjvPKAipQ:0
[  661022ms] [ERROR] Failed to load resource: net::ERR_CONNECTION_REFUSED @ http://localhost:3000/api/eps/stream:0
[  665874ms] [ERROR] Failed to load resource: net::ERR_CONNECTION_REFUSED @ http://localhost:3000/api/ha-correlated-findings/stream?token=eyJhbGciOiJIUzUxMiJ9.eyJzdWIiOiJhZG1pbiIsImF1dGgiOiJST0xFX0FETUlOLFJPTEVfVVNFUiIsImF1dGhlbnRpY2F0ZWQiOnRydWUsImV4cCI6MTc4NjE1ODg5NX0.BPtJKkRGNJZYCdqTel8VmkjLYlencIcMSPAoDzC1tUsBRTo7oxeWCCgaVf2lTisXznnMfWVCYaaz6RjvPKAipQ:0
[  666026ms] [ERROR] Failed to load resource: net::ERR_CONNECTION_REFUSED @ http://localhost:3000/api/eps/stream:0
[  670879ms] [ERROR] Failed to load resource: net::ERR_CONNECTION_REFUSED @ http://localhost:3000/api/ha-correlated-findings/stream?token=eyJhbGciOiJIUzUxMiJ9.eyJzdWIiOiJhZG1pbiIsImF1dGgiOiJST0xFX0FETUlOLFJPTEVfVVNFUiIsImF1dGhlbnRpY2F0ZWQiOnRydWUsImV4cCI6MTc4NjE1ODg5NX0.BPtJKkRGNJZYCdqTel8VmkjLYlencIcMSPAoDzC1tUsBRTo7oxeWCCgaVf2lTisXznnMfWVCYaaz6RjvPKAipQ:0
[  671031ms] [ERROR] Failed to load resource: net::ERR_CONNECTION_REFUSED @ http://localhost:3000/api/eps/stream:0
[  675885ms] [ERROR] Failed to load resource: net::ERR_CONNECTION_REFUSED @ http://localhost:3000/api/ha-correlated-findings/stream?token=eyJhbGciOiJIUzUxMiJ9.eyJzdWIiOiJhZG1pbiIsImF1dGgiOiJST0xFX0FETUlOLFJPTEVfVVNFUiIsImF1dGhlbnRpY2F0ZWQiOnRydWUsImV4cCI6MTc4NjE1ODg5NX0.BPtJKkRGNJZYCdqTel8VmkjLYlencIcMSPAoDzC1tUsBRTo7oxeWCCgaVf2lTisXznnMfWVCYaaz6RjvPKAipQ:0
[  676035ms] [ERROR] Failed to load resource: net::ERR_CONNECTION_REFUSED @ http://localhost:3000/api/eps/stream:0
[  680887ms] [ERROR] Failed to load resource: net::ERR_CONNECTION_REFUSED @ http://localhost:3000/api/ha-correlated-findings/stream?token=eyJhbGciOiJIUzUxMiJ9.eyJzdWIiOiJhZG1pbiIsImF1dGgiOiJST0xFX0FETUlOLFJPTEVfVVNFUiIsImF1dGhlbnRpY2F0ZWQiOnRydWUsImV4cCI6MTc4NjE1ODg5NX0.BPtJKkRGNJZYCdqTel8VmkjLYlencIcMSPAoDzC1tUsBRTo7oxeWCCgaVf2lTisXznnMfWVCYaaz6RjvPKAipQ:0
[  681039ms] [ERROR] Failed to load resource: net::ERR_CONNECTION_REFUSED @ http://localhost:3000/api/eps/stream:0
[  685893ms] [ERROR] Failed to load resource: net::ERR_CONNECTION_REFUSED @ http://localhost:3000/api/ha-correlated-findings/stream?token=eyJhbGciOiJIUzUxMiJ9.eyJzdWIiOiJhZG1pbiIsImF1dGgiOiJST0xFX0FETUlOLFJPTEVfVVNFUiIsImF1dGhlbnRpY2F0ZWQiOnRydWUsImV4cCI6MTc4NjE1ODg5NX0.BPtJKkRGNJZYCdqTel8VmkjLYlencIcMSPAoDzC1tUsBRTo7oxeWCCgaVf2lTisXznnMfWVCYaaz6RjvPKAipQ:0
[  686044ms] [ERROR] Failed to load resource: net::ERR_CONNECTION_REFUSED @ http://localhost:3000/api/eps/stream:0
[  690241ms] [ERROR] Failed to load resource: net::ERR_CONNECTION_REFUSED @ http://localhost:3000/api/overview/health:0
[  690896ms] [ERROR] Failed to load resource: net::ERR_CONNECTION_REFUSED @ http://localhost:3000/api/ha-correlated-findings/stream?token=eyJhbGciOiJIUzUxMiJ9.eyJzdWIiOiJhZG1pbiIsImF1dGgiOiJST0xFX0FETUlOLFJPTEVfVVNFUiIsImF1dGhlbnRpY2F0ZWQiOnRydWUsImV4cCI6MTc4NjE1ODg5NX0.BPtJKkRGNJZYCdqTel8VmkjLYlencIcMSPAoDzC1tUsBRTo7oxeWCCgaVf2lTisXznnMfWVCYaaz6RjvPKAipQ:0
[  691050ms] [ERROR] Failed to load resource: net::ERR_CONNECTION_REFUSED @ http://localhost:3000/api/eps/stream:0
[  695901ms] [ERROR] Failed to load resource: net::ERR_CONNECTION_REFUSED @ http://localhost:3000/api/ha-correlated-findings/stream?token=eyJhbGciOiJIUzUxMiJ9.eyJzdWIiOiJhZG1pbiIsImF1dGgiOiJST0xFX0FETUlOLFJPTEVfVVNFUiIsImF1dGhlbnRpY2F0ZWQiOnRydWUsImV4cCI6MTc4NjE1ODg5NX0.BPtJKkRGNJZYCdqTel8VmkjLYlencIcMSPAoDzC1tUsBRTo7oxeWCCgaVf2lTisXznnMfWVCYaaz6RjvPKAipQ:0
[  696055ms] [ERROR] Failed to load resource: net::ERR_CONNECTION_REFUSED @ http://localhost:3000/api/eps/stream:0
[  700905ms] [ERROR] Failed to load resource: net::ERR_CONNECTION_REFUSED @ http://localhost:3000/api/ha-correlated-findings/stream?token=eyJhbGciOiJIUzUxMiJ9.eyJzdWIiOiJhZG1pbiIsImF1dGgiOiJST0xFX0FETUlOLFJPTEVfVVNFUiIsImF1dGhlbnRpY2F0ZWQiOnRydWUsImV4cCI6MTc4NjE1ODg5NX0.BPtJKkRGNJZYCdqTel8VmkjLYlencIcMSPAoDzC1tUsBRTo7oxeWCCgaVf2lTisXznnMfWVCYaaz6RjvPKAipQ:0
[  701059ms] [ERROR] Failed to load resource: net::ERR_CONNECTION_REFUSED @ http://localhost:3000/api/eps/stream:0
[  705910ms] [ERROR] Failed to load resource: net::ERR_CONNECTION_REFUSED @ http://localhost:3000/api/ha-correlated-findings/stream?token=eyJhbGciOiJIUzUxMiJ9.eyJzdWIiOiJhZG1pbiIsImF1dGgiOiJST0xFX0FETUlOLFJPTEVfVVNFUiIsImF1dGhlbnRpY2F0ZWQiOnRydWUsImV4cCI6MTc4NjE1ODg5NX0.BPtJKkRGNJZYCdqTel8VmkjLYlencIcMSPAoDzC1tUsBRTo7oxeWCCgaVf2lTisXznnMfWVCYaaz6RjvPKAipQ:0
[  706064ms] [ERROR] Failed to load resource: net::ERR_CONNECTION_REFUSED @ http://localhost:3000/api/eps/stream:0
[  710915ms] [ERROR] Failed to load resource: net::ERR_CONNECTION_REFUSED @ http://localhost:3000/api/ha-correlated-findings/stream?token=eyJhbGciOiJIUzUxMiJ9.eyJzdWIiOiJhZG1pbiIsImF1dGgiOiJST0xFX0FETUlOLFJPTEVfVVNFUiIsImF1dGhlbnRpY2F0ZWQiOnRydWUsImV4cCI6MTc4NjE1ODg5NX0.BPtJKkRGNJZYCdqTel8VmkjLYlencIcMSPAoDzC1tUsBRTo7oxeWCCgaVf2lTisXznnMfWVCYaaz6RjvPKAipQ:0
[  711069ms] [ERROR] Failed to load resource: net::ERR_CONNECTION_REFUSED @ http://localhost:3000/api/eps/stream:0
[  715921ms] [ERROR] Failed to load resource: net::ERR_CONNECTION_REFUSED @ http://localhost:3000/api/ha-correlated-findings/stream?token=eyJhbGciOiJIUzUxMiJ9.eyJzdWIiOiJhZG1pbiIsImF1dGgiOiJST0xFX0FETUlOLFJPTEVfVVNFUiIsImF1dGhlbnRpY2F0ZWQiOnRydWUsImV4cCI6MTc4NjE1ODg5NX0.BPtJKkRGNJZYCdqTel8VmkjLYlencIcMSPAoDzC1tUsBRTo7oxeWCCgaVf2lTisXznnMfWVCYaaz6RjvPKAipQ:0
[  716074ms] [ERROR] Failed to load resource: net::ERR_CONNECTION_REFUSED @ http://localhost:3000/api/eps/stream:0
[  720243ms] [ERROR] Failed to load resource: net::ERR_CONNECTION_REFUSED @ http://localhost:3000/api/overview/health:0
[  720926ms] [ERROR] Failed to load resource: net::ERR_CONNECTION_REFUSED @ http://localhost:3000/api/ha-correlated-findings/stream?token=eyJhbGciOiJIUzUxMiJ9.eyJzdWIiOiJhZG1pbiIsImF1dGgiOiJST0xFX0FETUlOLFJPTEVfVVNFUiIsImF1dGhlbnRpY2F0ZWQiOnRydWUsImV4cCI6MTc4NjE1ODg5NX0.BPtJKkRGNJZYCdqTel8VmkjLYlencIcMSPAoDzC1tUsBRTo7oxeWCCgaVf2lTisXznnMfWVCYaaz6RjvPKAipQ:0
[  721079ms] [ERROR] Failed to load resource: net::ERR_CONNECTION_REFUSED @ http://localhost:3000/api/eps/stream:0
[  725930ms] [ERROR] Failed to load resource: net::ERR_CONNECTION_REFUSED @ http://localhost:3000/api/ha-correlated-findings/stream?token=eyJhbGciOiJIUzUxMiJ9.eyJzdWIiOiJhZG1pbiIsImF1dGgiOiJST0xFX0FETUlOLFJPTEVfVVNFUiIsImF1dGhlbnRpY2F0ZWQiOnRydWUsImV4cCI6MTc4NjE1ODg5NX0.BPtJKkRGNJZYCdqTel8VmkjLYlencIcMSPAoDzC1tUsBRTo7oxeWCCgaVf2lTisXznnMfWVCYaaz6RjvPKAipQ:0
[  726085ms] [ERROR] Failed to load resource: net::ERR_CONNECTION_REFUSED @ http://localhost:3000/api/eps/stream:0
[  730936ms] [ERROR] Failed to load resource: net::ERR_CONNECTION_REFUSED @ http://localhost:3000/api/ha-correlated-findings/stream?token=eyJhbGciOiJIUzUxMiJ9.eyJzdWIiOiJhZG1pbiIsImF1dGgiOiJST0xFX0FETUlOLFJPTEVfVVNFUiIsImF1dGhlbnRpY2F0ZWQiOnRydWUsImV4cCI6MTc4NjE1ODg5NX0.BPtJKkRGNJZYCdqTel8VmkjLYlencIcMSPAoDzC1tUsBRTo7oxeWCCgaVf2lTisXznnMfWVCYaaz6RjvPKAipQ:0
[  731090ms] [ERROR] Failed to load resource: net::ERR_CONNECTION_REFUSED @ http://localhost:3000/api/eps/stream:0
[  735940ms] [ERROR] Failed to load resource: net::ERR_CONNECTION_REFUSED @ http://localhost:3000/api/ha-correlated-findings/stream?token=eyJhbGciOiJIUzUxMiJ9.eyJzdWIiOiJhZG1pbiIsImF1dGgiOiJST0xFX0FETUlOLFJPTEVfVVNFUiIsImF1dGhlbnRpY2F0ZWQiOnRydWUsImV4cCI6MTc4NjE1ODg5NX0.BPtJKkRGNJZYCdqTel8VmkjLYlencIcMSPAoDzC1tUsBRTo7oxeWCCgaVf2lTisXznnMfWVCYaaz6RjvPKAipQ:0
[  736095ms] [ERROR] Failed to load resource: net::ERR_CONNECTION_REFUSED @ http://localhost:3000/api/eps/stream:0
[  740946ms] [ERROR] Failed to load resource: net::ERR_CONNECTION_REFUSED @ http://localhost:3000/api/ha-correlated-findings/stream?token=eyJhbGciOiJIUzUxMiJ9.eyJzdWIiOiJhZG1pbiIsImF1dGgiOiJST0xFX0FETUlOLFJPTEVfVVNFUiIsImF1dGhlbnRpY2F0ZWQiOnRydWUsImV4cCI6MTc4NjE1ODg5NX0.BPtJKkRGNJZYCdqTel8VmkjLYlencIcMSPAoDzC1tUsBRTo7oxeWCCgaVf2lTisXznnMfWVCYaaz6RjvPKAipQ:0
[  741100ms] [ERROR] Failed to load resource: net::ERR_CONNECTION_REFUSED @ http://localhost:3000/api/eps/stream:0
[  745951ms] [ERROR] Failed to load resource: net::ERR_CONNECTION_REFUSED @ http://localhost:3000/api/ha-correlated-findings/stream?token=eyJhbGciOiJIUzUxMiJ9.eyJzdWIiOiJhZG1pbiIsImF1dGgiOiJST0xFX0FETUlOLFJPTEVfVVNFUiIsImF1dGhlbnRpY2F0ZWQiOnRydWUsImV4cCI6MTc4NjE1ODg5NX0.BPtJKkRGNJZYCdqTel8VmkjLYlencIcMSPAoDzC1tUsBRTo7oxeWCCgaVf2lTisXznnMfWVCYaaz6RjvPKAipQ:0
[  746105ms] [ERROR] Failed to load resource: net::ERR_CONNECTION_REFUSED @ http://localhost:3000/api/eps/stream:0
[  750243ms] [ERROR] Failed to load resource: net::ERR_CONNECTION_REFUSED @ http://localhost:3000/api/overview/health:0
[  750957ms] [ERROR] Failed to load resource: net::ERR_CONNECTION_REFUSED @ http://localhost:3000/api/ha-correlated-findings/stream?token=eyJhbGciOiJIUzUxMiJ9.eyJzdWIiOiJhZG1pbiIsImF1dGgiOiJST0xFX0FETUlOLFJPTEVfVVNFUiIsImF1dGhlbnRpY2F0ZWQiOnRydWUsImV4cCI6MTc4NjE1ODg5NX0.BPtJKkRGNJZYCdqTel8VmkjLYlencIcMSPAoDzC1tUsBRTo7oxeWCCgaVf2lTisXznnMfWVCYaaz6RjvPKAipQ:0
[  751110ms] [ERROR] Failed to load resource: net::ERR_CONNECTION_REFUSED @ http://localhost:3000/api/eps/stream:0
[  755959ms] [ERROR] Failed to load resource: net::ERR_CONNECTION_REFUSED @ http://localhost:3000/api/ha-correlated-findings/stream?token=eyJhbGciOiJIUzUxMiJ9.eyJzdWIiOiJhZG1pbiIsImF1dGgiOiJST0xFX0FETUlOLFJPTEVfVVNFUiIsImF1dGhlbnRpY2F0ZWQiOnRydWUsImV4cCI6MTc4NjE1ODg5NX0.BPtJKkRGNJZYCdqTel8VmkjLYlencIcMSPAoDzC1tUsBRTo7oxeWCCgaVf2lTisXznnMfWVCYaaz6RjvPKAipQ:0
[  756114ms] [ERROR] Failed to load resource: net::ERR_CONNECTION_REFUSED @ http://localhost:3000/api/eps/stream:0
[  760963ms] [ERROR] Failed to load resource: net::ERR_CONNECTION_REFUSED @ http://localhost:3000/api/ha-correlated-findings/stream?token=eyJhbGciOiJIUzUxMiJ9.eyJzdWIiOiJhZG1pbiIsImF1dGgiOiJST0xFX0FETUlOLFJPTEVfVVNFUiIsImF1dGhlbnRpY2F0ZWQiOnRydWUsImV4cCI6MTc4NjE1ODg5NX0.BPtJKkRGNJZYCdqTel8VmkjLYlencIcMSPAoDzC1tUsBRTo7oxeWCCgaVf2lTisXznnMfWVCYaaz6RjvPKAipQ:0
[  761117ms] [ERROR] Failed to load resource: net::ERR_CONNECTION_REFUSED @ http://localhost:3000/api/eps/stream:0
[  765966ms] [ERROR] Failed to load resource: net::ERR_CONNECTION_REFUSED @ http://localhost:3000/api/ha-correlated-findings/stream?token=eyJhbGciOiJIUzUxMiJ9.eyJzdWIiOiJhZG1pbiIsImF1dGgiOiJST0xFX0FETUlOLFJPTEVfVVNFUiIsImF1dGhlbnRpY2F0ZWQiOnRydWUsImV4cCI6MTc4NjE1ODg5NX0.BPtJKkRGNJZYCdqTel8VmkjLYlencIcMSPAoDzC1tUsBRTo7oxeWCCgaVf2lTisXznnMfWVCYaaz6RjvPKAipQ:0
[  766121ms] [ERROR] Failed to load resource: net::ERR_CONNECTION_REFUSED @ http://localhost:3000/api/eps/stream:0
[  770969ms] [ERROR] Failed to load resource: net::ERR_CONNECTION_REFUSED @ http://localhost:3000/api/ha-correlated-findings/stream?token=eyJhbGciOiJIUzUxMiJ9.eyJzdWIiOiJhZG1pbiIsImF1dGgiOiJST0xFX0FETUlOLFJPTEVfVVNFUiIsImF1dGhlbnRpY2F0ZWQiOnRydWUsImV4cCI6MTc4NjE1ODg5NX0.BPtJKkRGNJZYCdqTel8VmkjLYlencIcMSPAoDzC1tUsBRTo7oxeWCCgaVf2lTisXznnMfWVCYaaz6RjvPKAipQ:0
[  771124ms] [ERROR] Failed to load resource: net::ERR_CONNECTION_REFUSED @ http://localhost:3000/api/eps/stream:0
[  775972ms] [ERROR] Failed to load resource: net::ERR_CONNECTION_REFUSED @ http://localhost:3000/api/ha-correlated-findings/stream?token=eyJhbGciOiJIUzUxMiJ9.eyJzdWIiOiJhZG1pbiIsImF1dGgiOiJST0xFX0FETUlOLFJPTEVfVVNFUiIsImF1dGhlbnRpY2F0ZWQiOnRydWUsImV4cCI6MTc4NjE1ODg5NX0.BPtJKkRGNJZYCdqTel8VmkjLYlencIcMSPAoDzC1tUsBRTo7oxeWCCgaVf2lTisXznnMfWVCYaaz6RjvPKAipQ:0
[  776128ms] [ERROR] Failed to load resource: net::ERR_CONNECTION_REFUSED @ http://localhost:3000/api/eps/stream:0
[  780241ms] [ERROR] Failed to load resource: net::ERR_CONNECTION_REFUSED @ http://localhost:3000/api/overview/health:0
[  780976ms] [ERROR] Failed to load resource: net::ERR_CONNECTION_REFUSED @ http://localhost:3000/api/ha-correlated-findings/stream?token=eyJhbGciOiJIUzUxMiJ9.eyJzdWIiOiJhZG1pbiIsImF1dGgiOiJST0xFX0FETUlOLFJPTEVfVVNFUiIsImF1dGhlbnRpY2F0ZWQiOnRydWUsImV4cCI6MTc4NjE1ODg5NX0.BPtJKkRGNJZYCdqTel8VmkjLYlencIcMSPAoDzC1tUsBRTo7oxeWCCgaVf2lTisXznnMfWVCYaaz6RjvPKAipQ:0
[  781132ms] [ERROR] Failed to load resource: net::ERR_CONNECTION_REFUSED @ http://localhost:3000/api/eps/stream:0
[  785979ms] [ERROR] Failed to load resource: net::ERR_CONNECTION_REFUSED @ http://localhost:3000/api/ha-correlated-findings/stream?token=eyJhbGciOiJIUzUxMiJ9.eyJzdWIiOiJhZG1pbiIsImF1dGgiOiJST0xFX0FETUlOLFJPTEVfVVNFUiIsImF1dGhlbnRpY2F0ZWQiOnRydWUsImV4cCI6MTc4NjE1ODg5NX0.BPtJKkRGNJZYCdqTel8VmkjLYlencIcMSPAoDzC1tUsBRTo7oxeWCCgaVf2lTisXznnMfWVCYaaz6RjvPKAipQ:0
[  786135ms] [ERROR] Failed to load resource: net::ERR_CONNECTION_REFUSED @ http://localhost:3000/api/eps/stream:0
[  790981ms] [ERROR] Failed to load resource: net::ERR_CONNECTION_REFUSED @ http://localhost:3000/api/ha-correlated-findings/stream?token=eyJhbGciOiJIUzUxMiJ9.eyJzdWIiOiJhZG1pbiIsImF1dGgiOiJST0xFX0FETUlOLFJPTEVfVVNFUiIsImF1dGhlbnRpY2F0ZWQiOnRydWUsImV4cCI6MTc4NjE1ODg5NX0.BPtJKkRGNJZYCdqTel8VmkjLYlencIcMSPAoDzC1tUsBRTo7oxeWCCgaVf2lTisXznnMfWVCYaaz6RjvPKAipQ:0
[  791138ms] [ERROR] Failed to load resource: net::ERR_CONNECTION_REFUSED @ http://localhost:3000/api/eps/stream:0
[  795984ms] [ERROR] Failed to load resource: net::ERR_CONNECTION_REFUSED @ http://localhost:3000/api/ha-correlated-findings/stream?token=eyJhbGciOiJIUzUxMiJ9.eyJzdWIiOiJhZG1pbiIsImF1dGgiOiJST0xFX0FETUlOLFJPTEVfVVNFUiIsImF1dGhlbnRpY2F0ZWQiOnRydWUsImV4cCI6MTc4NjE1ODg5NX0.BPtJKkRGNJZYCdqTel8VmkjLYlencIcMSPAoDzC1tUsBRTo7oxeWCCgaVf2lTisXznnMfWVCYaaz6RjvPKAipQ:0
[  796142ms] [ERROR] Failed to load resource: net::ERR_CONNECTION_REFUSED @ http://localhost:3000/api/eps/stream:0
[  800988ms] [ERROR] Failed to load resource: net::ERR_CONNECTION_REFUSED @ http://localhost:3000/api/ha-correlated-findings/stream?token=eyJhbGciOiJIUzUxMiJ9.eyJzdWIiOiJhZG1pbiIsImF1dGgiOiJST0xFX0FETUlOLFJPTEVfVVNFUiIsImF1dGhlbnRpY2F0ZWQiOnRydWUsImV4cCI6MTc4NjE1ODg5NX0.BPtJKkRGNJZYCdqTel8VmkjLYlencIcMSPAoDzC1tUsBRTo7oxeWCCgaVf2lTisXznnMfWVCYaaz6RjvPKAipQ:0
[  801146ms] [ERROR] Failed to load resource: net::ERR_CONNECTION_REFUSED @ http://localhost:3000/api/eps/stream:0
[  805994ms] [ERROR] Failed to load resource: net::ERR_CONNECTION_REFUSED @ http://localhost:3000/api/ha-correlated-findings/stream?token=eyJhbGciOiJIUzUxMiJ9.eyJzdWIiOiJhZG1pbiIsImF1dGgiOiJST0xFX0FETUlOLFJPTEVfVVNFUiIsImF1dGhlbnRpY2F0ZWQiOnRydWUsImV4cCI6MTc4NjE1ODg5NX0.BPtJKkRGNJZYCdqTel8VmkjLYlencIcMSPAoDzC1tUsBRTo7oxeWCCgaVf2lTisXznnMfWVCYaaz6RjvPKAipQ:0
[  806151ms] [ERROR] Failed to load resource: net::ERR_CONNECTION_REFUSED @ http://localhost:3000/api/eps/stream:0
[  810244ms] [ERROR] Failed to load resource: net::ERR_CONNECTION_REFUSED @ http://localhost:3000/api/overview/health:0
[  810997ms] [ERROR] Failed to load resource: net::ERR_CONNECTION_REFUSED @ http://localhost:3000/api/ha-correlated-findings/stream?token=eyJhbGciOiJIUzUxMiJ9.eyJzdWIiOiJhZG1pbiIsImF1dGgiOiJST0xFX0FETUlOLFJPTEVfVVNFUiIsImF1dGhlbnRpY2F0ZWQiOnRydWUsImV4cCI6MTc4NjE1ODg5NX0.BPtJKkRGNJZYCdqTel8VmkjLYlencIcMSPAoDzC1tUsBRTo7oxeWCCgaVf2lTisXznnMfWVCYaaz6RjvPKAipQ:0
[  811156ms] [ERROR] Failed to load resource: net::ERR_CONNECTION_REFUSED @ http://localhost:3000/api/eps/stream:0
[  816001ms] [ERROR] Failed to load resource: net::ERR_CONNECTION_REFUSED @ http://localhost:3000/api/ha-correlated-findings/stream?token=eyJhbGciOiJIUzUxMiJ9.eyJzdWIiOiJhZG1pbiIsImF1dGgiOiJST0xFX0FETUlOLFJPTEVfVVNFUiIsImF1dGhlbnRpY2F0ZWQiOnRydWUsImV4cCI6MTc4NjE1ODg5NX0.BPtJKkRGNJZYCdqTel8VmkjLYlencIcMSPAoDzC1tUsBRTo7oxeWCCgaVf2lTisXznnMfWVCYaaz6RjvPKAipQ:0
[  816162ms] [ERROR] Failed to load resource: net::ERR_CONNECTION_REFUSED @ http://localhost:3000/api/eps/stream:0
[  821006ms] [ERROR] Failed to load resource: net::ERR_CONNECTION_REFUSED @ http://localhost:3000/api/ha-correlated-findings/stream?token=eyJhbGciOiJIUzUxMiJ9.eyJzdWIiOiJhZG1pbiIsImF1dGgiOiJST0xFX0FETUlOLFJPTEVfVVNFUiIsImF1dGhlbnRpY2F0ZWQiOnRydWUsImV4cCI6MTc4NjE1ODg5NX0.BPtJKkRGNJZYCdqTel8VmkjLYlencIcMSPAoDzC1tUsBRTo7oxeWCCgaVf2lTisXznnMfWVCYaaz6RjvPKAipQ:0
[  821166ms] [ERROR] Failed to load resource: net::ERR_CONNECTION_REFUSED @ http://localhost:3000/api/eps/stream:0
[  826011ms] [ERROR] Failed to load resource: net::ERR_CONNECTION_REFUSED @ http://localhost:3000/api/ha-correlated-findings/stream?token=eyJhbGciOiJIUzUxMiJ9.eyJzdWIiOiJhZG1pbiIsImF1dGgiOiJST0xFX0FETUlOLFJPTEVfVVNFUiIsImF1dGhlbnRpY2F0ZWQiOnRydWUsImV4cCI6MTc4NjE1ODg5NX0.BPtJKkRGNJZYCdqTel8VmkjLYlencIcMSPAoDzC1tUsBRTo7oxeWCCgaVf2lTisXznnMfWVCYaaz6RjvPKAipQ:0
[  826172ms] [ERROR] Failed to load resource: net::ERR_CONNECTION_REFUSED @ http://localhost:3000/api/eps/stream:0
[  831016ms] [ERROR] Failed to load resource: net::ERR_CONNECTION_REFUSED @ http://localhost:3000/api/ha-correlated-findings/stream?token=eyJhbGciOiJIUzUxMiJ9.eyJzdWIiOiJhZG1pbiIsImF1dGgiOiJST0xFX0FETUlOLFJPTEVfVVNFUiIsImF1dGhlbnRpY2F0ZWQiOnRydWUsImV4cCI6MTc4NjE1ODg5NX0.BPtJKkRGNJZYCdqTel8VmkjLYlencIcMSPAoDzC1tUsBRTo7oxeWCCgaVf2lTisXznnMfWVCYaaz6RjvPKAipQ:0
[  831175ms] [ERROR] Failed to load resource: net::ERR_CONNECTION_REFUSED @ http://localhost:3000/api/eps/stream:0
[  836020ms] [ERROR] Failed to load resource: net::ERR_CONNECTION_REFUSED @ http://localhost:3000/api/ha-correlated-findings/stream?token=eyJhbGciOiJIUzUxMiJ9.eyJzdWIiOiJhZG1pbiIsImF1dGgiOiJST0xFX0FETUlOLFJPTEVfVVNFUiIsImF1dGhlbnRpY2F0ZWQiOnRydWUsImV4cCI6MTc4NjE1ODg5NX0.BPtJKkRGNJZYCdqTel8VmkjLYlencIcMSPAoDzC1tUsBRTo7oxeWCCgaVf2lTisXznnMfWVCYaaz6RjvPKAipQ:0
[  836180ms] [ERROR] Failed to load resource: net::ERR_CONNECTION_REFUSED @ http://localhost:3000/api/eps/stream:0
[  840244ms] [ERROR] Failed to load resource: net::ERR_CONNECTION_REFUSED @ http://localhost:3000/api/overview/health:0
[  841025ms] [ERROR] Failed to load resource: net::ERR_CONNECTION_REFUSED @ http://localhost:3000/api/ha-correlated-findings/stream?token=eyJhbGciOiJIUzUxMiJ9.eyJzdWIiOiJhZG1pbiIsImF1dGgiOiJST0xFX0FETUlOLFJPTEVfVVNFUiIsImF1dGhlbnRpY2F0ZWQiOnRydWUsImV4cCI6MTc4NjE1ODg5NX0.BPtJKkRGNJZYCdqTel8VmkjLYlencIcMSPAoDzC1tUsBRTo7oxeWCCgaVf2lTisXznnMfWVCYaaz6RjvPKAipQ:0
[  841185ms] [ERROR] Failed to load resource: net::ERR_CONNECTION_REFUSED @ http://localhost:3000/api/eps/stream:0
[  846030ms] [ERROR] Failed to load resource: net::ERR_CONNECTION_REFUSED @ http://localhost:3000/api/ha-correlated-findings/stream?token=eyJhbGciOiJIUzUxMiJ9.eyJzdWIiOiJhZG1pbiIsImF1dGgiOiJST0xFX0FETUlOLFJPTEVfVVNFUiIsImF1dGhlbnRpY2F0ZWQiOnRydWUsImV4cCI6MTc4NjE1ODg5NX0.BPtJKkRGNJZYCdqTel8VmkjLYlencIcMSPAoDzC1tUsBRTo7oxeWCCgaVf2lTisXznnMfWVCYaaz6RjvPKAipQ:0
[  846191ms] [ERROR] Failed to load resource: net::ERR_CONNECTION_REFUSED @ http://localhost:3000/api/eps/stream:0
[  851034ms] [ERROR] Failed to load resource: net::ERR_CONNECTION_REFUSED @ http://localhost:3000/api/ha-correlated-findings/stream?token=eyJhbGciOiJIUzUxMiJ9.eyJzdWIiOiJhZG1pbiIsImF1dGgiOiJST0xFX0FETUlOLFJPTEVfVVNFUiIsImF1dGhlbnRpY2F0ZWQiOnRydWUsImV4cCI6MTc4NjE1ODg5NX0.BPtJKkRGNJZYCdqTel8VmkjLYlencIcMSPAoDzC1tUsBRTo7oxeWCCgaVf2lTisXznnMfWVCYaaz6RjvPKAipQ:0
[  851196ms] [ERROR] Failed to load resource: net::ERR_CONNECTION_REFUSED @ http://localhost:3000/api/eps/stream:0
[  856039ms] [ERROR] Failed to load resource: net::ERR_CONNECTION_REFUSED @ http://localhost:3000/api/ha-correlated-findings/stream?token=eyJhbGciOiJIUzUxMiJ9.eyJzdWIiOiJhZG1pbiIsImF1dGgiOiJST0xFX0FETUlOLFJPTEVfVVNFUiIsImF1dGhlbnRpY2F0ZWQiOnRydWUsImV4cCI6MTc4NjE1ODg5NX0.BPtJKkRGNJZYCdqTel8VmkjLYlencIcMSPAoDzC1tUsBRTo7oxeWCCgaVf2lTisXznnMfWVCYaaz6RjvPKAipQ:0
[  856201ms] [ERROR] Failed to load resource: net::ERR_CONNECTION_REFUSED @ http://localhost:3000/api/eps/stream:0
[  861044ms] [ERROR] Failed to load resource: net::ERR_CONNECTION_REFUSED @ http://localhost:3000/api/ha-correlated-findings/stream?token=eyJhbGciOiJIUzUxMiJ9.eyJzdWIiOiJhZG1pbiIsImF1dGgiOiJST0xFX0FETUlOLFJPTEVfVVNFUiIsImF1dGhlbnRpY2F0ZWQiOnRydWUsImV4cCI6MTc4NjE1ODg5NX0.BPtJKkRGNJZYCdqTel8VmkjLYlencIcMSPAoDzC1tUsBRTo7oxeWCCgaVf2lTisXznnMfWVCYaaz6RjvPKAipQ:0
[  861206ms] [ERROR] Failed to load resource: net::ERR_CONNECTION_REFUSED @ http://localhost:3000/api/eps/stream:0
[  866049ms] [ERROR] Failed to load resource: net::ERR_CONNECTION_REFUSED @ http://localhost:3000/api/ha-correlated-findings/stream?token=eyJhbGciOiJIUzUxMiJ9.eyJzdWIiOiJhZG1pbiIsImF1dGgiOiJST0xFX0FETUlOLFJPTEVfVVNFUiIsImF1dGhlbnRpY2F0ZWQiOnRydWUsImV4cCI6MTc4NjE1ODg5NX0.BPtJKkRGNJZYCdqTel8VmkjLYlencIcMSPAoDzC1tUsBRTo7oxeWCCgaVf2lTisXznnMfWVCYaaz6RjvPKAipQ:0
[  866211ms] [ERROR] Failed to load resource: net::ERR_CONNECTION_REFUSED @ http://localhost:3000/api/eps/stream:0
[  870242ms] [ERROR] Failed to load resource: net::ERR_CONNECTION_REFUSED @ http://localhost:3000/api/overview/health:0
[  871054ms] [ERROR] Failed to load resource: net::ERR_CONNECTION_REFUSED @ http://localhost:3000/api/ha-correlated-findings/stream?token=eyJhbGciOiJIUzUxMiJ9.eyJzdWIiOiJhZG1pbiIsImF1dGgiOiJST0xFX0FETUlOLFJPTEVfVVNFUiIsImF1dGhlbnRpY2F0ZWQiOnRydWUsImV4cCI6MTc4NjE1ODg5NX0.BPtJKkRGNJZYCdqTel8VmkjLYlencIcMSPAoDzC1tUsBRTo7oxeWCCgaVf2lTisXznnMfWVCYaaz6RjvPKAipQ:0
[  871215ms] [ERROR] Failed to load resource: net::ERR_CONNECTION_REFUSED @ http://localhost:3000/api/eps/stream:0
[  876058ms] [ERROR] Failed to load resource: net::ERR_CONNECTION_REFUSED @ http://localhost:3000/api/ha-correlated-findings/stream?token=eyJhbGciOiJIUzUxMiJ9.eyJzdWIiOiJhZG1pbiIsImF1dGgiOiJST0xFX0FETUlOLFJPTEVfVVNFUiIsImF1dGhlbnRpY2F0ZWQiOnRydWUsImV4cCI6MTc4NjE1ODg5NX0.BPtJKkRGNJZYCdqTel8VmkjLYlencIcMSPAoDzC1tUsBRTo7oxeWCCgaVf2lTisXznnMfWVCYaaz6RjvPKAipQ:0
[  876220ms] [ERROR] Failed to load resource: net::ERR_CONNECTION_REFUSED @ http://localhost:3000/api/eps/stream:0
[  881063ms] [ERROR] Failed to load resource: net::ERR_CONNECTION_REFUSED @ http://localhost:3000/api/ha-correlated-findings/stream?token=eyJhbGciOiJIUzUxMiJ9.eyJzdWIiOiJhZG1pbiIsImF1dGgiOiJST0xFX0FETUlOLFJPTEVfVVNFUiIsImF1dGhlbnRpY2F0ZWQiOnRydWUsImV4cCI6MTc4NjE1ODg5NX0.BPtJKkRGNJZYCdqTel8VmkjLYlencIcMSPAoDzC1tUsBRTo7oxeWCCgaVf2lTisXznnMfWVCYaaz6RjvPKAipQ:0
[  881226ms] [ERROR] Failed to load resource: net::ERR_CONNECTION_REFUSED @ http://localhost:3000/api/eps/stream:0
[  886067ms] [ERROR] Failed to load resource: net::ERR_CONNECTION_REFUSED @ http://localhost:3000/api/ha-correlated-findings/stream?token=eyJhbGciOiJIUzUxMiJ9.eyJzdWIiOiJhZG1pbiIsImF1dGgiOiJST0xFX0FETUlOLFJPTEVfVVNFUiIsImF1dGhlbnRpY2F0ZWQiOnRydWUsImV4cCI6MTc4NjE1ODg5NX0.BPtJKkRGNJZYCdqTel8VmkjLYlencIcMSPAoDzC1tUsBRTo7oxeWCCgaVf2lTisXznnMfWVCYaaz6RjvPKAipQ:0
[  886229ms] [ERROR] Failed to load resource: net::ERR_CONNECTION_REFUSED @ http://localhost:3000/api/eps/stream:0
[  891070ms] [ERROR] Failed to load resource: net::ERR_CONNECTION_REFUSED @ http://localhost:3000/api/ha-correlated-findings/stream?token=eyJhbGciOiJIUzUxMiJ9.eyJzdWIiOiJhZG1pbiIsImF1dGgiOiJST0xFX0FETUlOLFJPTEVfVVNFUiIsImF1dGhlbnRpY2F0ZWQiOnRydWUsImV4cCI6MTc4NjE1ODg5NX0.BPtJKkRGNJZYCdqTel8VmkjLYlencIcMSPAoDzC1tUsBRTo7oxeWCCgaVf2lTisXznnMfWVCYaaz6RjvPKAipQ:0
[  891233ms] [ERROR] Failed to load resource: net::ERR_CONNECTION_REFUSED @ http://localhost:3000/api/eps/stream:0
[  896073ms] [ERROR] Failed to load resource: net::ERR_CONNECTION_REFUSED @ http://localhost:3000/api/ha-correlated-findings/stream?token=eyJhbGciOiJIUzUxMiJ9.eyJzdWIiOiJhZG1pbiIsImF1dGgiOiJST0xFX0FETUlOLFJPTEVfVVNFUiIsImF1dGhlbnRpY2F0ZWQiOnRydWUsImV4cCI6MTc4NjE1ODg5NX0.BPtJKkRGNJZYCdqTel8VmkjLYlencIcMSPAoDzC1tUsBRTo7oxeWCCgaVf2lTisXznnMfWVCYaaz6RjvPKAipQ:0
[  896236ms] [ERROR] Failed to load resource: net::ERR_CONNECTION_REFUSED @ http://localhost:3000/api/eps/stream:0
[  900243ms] [ERROR] Failed to load resource: net::ERR_CONNECTION_REFUSED @ http://localhost:3000/api/overview/health:0
[  901075ms] [ERROR] Failed to load resource: net::ERR_CONNECTION_REFUSED @ http://localhost:3000/api/ha-correlated-findings/stream?token=eyJhbGciOiJIUzUxMiJ9.eyJzdWIiOiJhZG1pbiIsImF1dGgiOiJST0xFX0FETUlOLFJPTEVfVVNFUiIsImF1dGhlbnRpY2F0ZWQiOnRydWUsImV4cCI6MTc4NjE1ODg5NX0.BPtJKkRGNJZYCdqTel8VmkjLYlencIcMSPAoDzC1tUsBRTo7oxeWCCgaVf2lTisXznnMfWVCYaaz6RjvPKAipQ:0
[  901240ms] [ERROR] Failed to load resource: net::ERR_CONNECTION_REFUSED @ http://localhost:3000/api/eps/stream:0
[  906078ms] [ERROR] Failed to load resource: net::ERR_CONNECTION_REFUSED @ http://localhost:3000/api/ha-correlated-findings/stream?token=eyJhbGciOiJIUzUxMiJ9.eyJzdWIiOiJhZG1pbiIsImF1dGgiOiJST0xFX0FETUlOLFJPTEVfVVNFUiIsImF1dGhlbnRpY2F0ZWQiOnRydWUsImV4cCI6MTc4NjE1ODg5NX0.BPtJKkRGNJZYCdqTel8VmkjLYlencIcMSPAoDzC1tUsBRTo7oxeWCCgaVf2lTisXznnMfWVCYaaz6RjvPKAipQ:0
[  906245ms] [ERROR] Failed to load resource: net::ERR_CONNECTION_REFUSED @ http://localhost:3000/api/eps/stream:0
[  911082ms] [ERROR] Failed to load resource: net::ERR_CONNECTION_REFUSED @ http://localhost:3000/api/ha-correlated-findings/stream?token=eyJhbGciOiJIUzUxMiJ9.eyJzdWIiOiJhZG1pbiIsImF1dGgiOiJST0xFX0FETUlOLFJPTEVfVVNFUiIsImF1dGhlbnRpY2F0ZWQiOnRydWUsImV4cCI6MTc4NjE1ODg5NX0.BPtJKkRGNJZYCdqTel8VmkjLYlencIcMSPAoDzC1tUsBRTo7oxeWCCgaVf2lTisXznnMfWVCYaaz6RjvPKAipQ:0
[  911248ms] [ERROR] Failed to load resource: net::ERR_CONNECTION_REFUSED @ http://localhost:3000/api/eps/stream:0
[  916084ms] [ERROR] Failed to load resource: net::ERR_CONNECTION_REFUSED @ http://localhost:3000/api/ha-correlated-findings/stream?token=eyJhbGciOiJIUzUxMiJ9.eyJzdWIiOiJhZG1pbiIsImF1dGgiOiJST0xFX0FETUlOLFJPTEVfVVNFUiIsImF1dGhlbnRpY2F0ZWQiOnRydWUsImV4cCI6MTc4NjE1ODg5NX0.BPtJKkRGNJZYCdqTel8VmkjLYlencIcMSPAoDzC1tUsBRTo7oxeWCCgaVf2lTisXznnMfWVCYaaz6RjvPKAipQ:0
[  916250ms] [ERROR] Failed to load resource: net::ERR_CONNECTION_REFUSED @ http://localhost:3000/api/eps/stream:0
[  921086ms] [ERROR] Failed to load resource: net::ERR_CONNECTION_REFUSED @ http://localhost:3000/api/ha-correlated-findings/stream?token=eyJhbGciOiJIUzUxMiJ9.eyJzdWIiOiJhZG1pbiIsImF1dGgiOiJST0xFX0FETUlOLFJPTEVfVVNFUiIsImF1dGhlbnRpY2F0ZWQiOnRydWUsImV4cCI6MTc4NjE1ODg5NX0.BPtJKkRGNJZYCdqTel8VmkjLYlencIcMSPAoDzC1tUsBRTo7oxeWCCgaVf2lTisXznnMfWVCYaaz6RjvPKAipQ:0
[  921253ms] [ERROR] Failed to load resource: net::ERR_CONNECTION_REFUSED @ http://localhost:3000/api/eps/stream:0
[  926088ms] [ERROR] Failed to load resource: net::ERR_CONNECTION_REFUSED @ http://localhost:3000/api/ha-correlated-findings/stream?token=eyJhbGciOiJIUzUxMiJ9.eyJzdWIiOiJhZG1pbiIsImF1dGgiOiJST0xFX0FETUlOLFJPTEVfVVNFUiIsImF1dGhlbnRpY2F0ZWQiOnRydWUsImV4cCI6MTc4NjE1ODg5NX0.BPtJKkRGNJZYCdqTel8VmkjLYlencIcMSPAoDzC1tUsBRTo7oxeWCCgaVf2lTisXznnMfWVCYaaz6RjvPKAipQ:0
[  926256ms] [ERROR] Failed to load resource: net::ERR_CONNECTION_REFUSED @ http://localhost:3000/api/eps/stream:0
[  930242ms] [ERROR] Failed to load resource: net::ERR_CONNECTION_REFUSED @ http://localhost:3000/api/overview/health:0
[  931090ms] [ERROR] Failed to load resource: net::ERR_CONNECTION_REFUSED @ http://localhost:3000/api/ha-correlated-findings/stream?token=eyJhbGciOiJIUzUxMiJ9.eyJzdWIiOiJhZG1pbiIsImF1dGgiOiJST0xFX0FETUlOLFJPTEVfVVNFUiIsImF1dGhlbnRpY2F0ZWQiOnRydWUsImV4cCI6MTc4NjE1ODg5NX0.BPtJKkRGNJZYCdqTel8VmkjLYlencIcMSPAoDzC1tUsBRTo7oxeWCCgaVf2lTisXznnMfWVCYaaz6RjvPKAipQ:0
[  931257ms] [ERROR] Failed to load resource: net::ERR_CONNECTION_REFUSED @ http://localhost:3000/api/eps/stream:0
[  936095ms] [ERROR] Failed to load resource: net::ERR_CONNECTION_REFUSED @ http://localhost:3000/api/ha-correlated-findings/stream?token=eyJhbGciOiJIUzUxMiJ9.eyJzdWIiOiJhZG1pbiIsImF1dGgiOiJST0xFX0FETUlOLFJPTEVfVVNFUiIsImF1dGhlbnRpY2F0ZWQiOnRydWUsImV4cCI6MTc4NjE1ODg5NX0.BPtJKkRGNJZYCdqTel8VmkjLYlencIcMSPAoDzC1tUsBRTo7oxeWCCgaVf2lTisXznnMfWVCYaaz6RjvPKAipQ:0
[  936260ms] [ERROR] Failed to load resource: net::ERR_CONNECTION_REFUSED @ http://localhost:3000/api/eps/stream:0
[  941098ms] [ERROR] Failed to load resource: net::ERR_CONNECTION_REFUSED @ http://localhost:3000/api/ha-correlated-findings/stream?token=eyJhbGciOiJIUzUxMiJ9.eyJzdWIiOiJhZG1pbiIsImF1dGgiOiJST0xFX0FETUlOLFJPTEVfVVNFUiIsImF1dGhlbnRpY2F0ZWQiOnRydWUsImV4cCI6MTc4NjE1ODg5NX0.BPtJKkRGNJZYCdqTel8VmkjLYlencIcMSPAoDzC1tUsBRTo7oxeWCCgaVf2lTisXznnMfWVCYaaz6RjvPKAipQ:0
[  941262ms] [ERROR] Failed to load resource: net::ERR_CONNECTION_REFUSED @ http://localhost:3000/api/eps/stream:0
[  946101ms] [ERROR] Failed to load resource: net::ERR_CONNECTION_REFUSED @ http://localhost:3000/api/ha-correlated-findings/stream?token=eyJhbGciOiJIUzUxMiJ9.eyJzdWIiOiJhZG1pbiIsImF1dGgiOiJST0xFX0FETUlOLFJPTEVfVVNFUiIsImF1dGhlbnRpY2F0ZWQiOnRydWUsImV4cCI6MTc4NjE1ODg5NX0.BPtJKkRGNJZYCdqTel8VmkjLYlencIcMSPAoDzC1tUsBRTo7oxeWCCgaVf2lTisXznnMfWVCYaaz6RjvPKAipQ:0
[  946267ms] [ERROR] Failed to load resource: net::ERR_CONNECTION_REFUSED @ http://localhost:3000/api/eps/stream:0
[  951105ms] [ERROR] Failed to load resource: net::ERR_CONNECTION_REFUSED @ http://localhost:3000/api/ha-correlated-findings/stream?token=eyJhbGciOiJIUzUxMiJ9.eyJzdWIiOiJhZG1pbiIsImF1dGgiOiJST0xFX0FETUlOLFJPTEVfVVNFUiIsImF1dGhlbnRpY2F0ZWQiOnRydWUsImV4cCI6MTc4NjE1ODg5NX0.BPtJKkRGNJZYCdqTel8VmkjLYlencIcMSPAoDzC1tUsBRTo7oxeWCCgaVf2lTisXznnMfWVCYaaz6RjvPKAipQ:0
[  951272ms] [ERROR] Failed to load resource: net::ERR_CONNECTION_REFUSED @ http://localhost:3000/api/eps/stream:0
[  956109ms] [ERROR] Failed to load resource: net::ERR_CONNECTION_REFUSED @ http://localhost:3000/api/ha-correlated-findings/stream?token=eyJhbGciOiJIUzUxMiJ9.eyJzdWIiOiJhZG1pbiIsImF1dGgiOiJST0xFX0FETUlOLFJPTEVfVVNFUiIsImF1dGhlbnRpY2F0ZWQiOnRydWUsImV4cCI6MTc4NjE1ODg5NX0.BPtJKkRGNJZYCdqTel8VmkjLYlencIcMSPAoDzC1tUsBRTo7oxeWCCgaVf2lTisXznnMfWVCYaaz6RjvPKAipQ:0
[  956276ms] [ERROR] Failed to load resource: net::ERR_CONNECTION_REFUSED @ http://localhost:3000/api/eps/stream:0
[  960243ms] [ERROR] Failed to load resource: net::ERR_CONNECTION_REFUSED @ http://localhost:3000/api/overview/health:0
[  961113ms] [ERROR] Failed to load resource: net::ERR_CONNECTION_REFUSED @ http://localhost:3000/api/ha-correlated-findings/stream?token=eyJhbGciOiJIUzUxMiJ9.eyJzdWIiOiJhZG1pbiIsImF1dGgiOiJST0xFX0FETUlOLFJPTEVfVVNFUiIsImF1dGhlbnRpY2F0ZWQiOnRydWUsImV4cCI6MTc4NjE1ODg5NX0.BPtJKkRGNJZYCdqTel8VmkjLYlencIcMSPAoDzC1tUsBRTo7oxeWCCgaVf2lTisXznnMfWVCYaaz6RjvPKAipQ:0
[  961280ms] [ERROR] Failed to load resource: net::ERR_CONNECTION_REFUSED @ http://localhost:3000/api/eps/stream:0
[  966117ms] [ERROR] Failed to load resource: net::ERR_CONNECTION_REFUSED @ http://localhost:3000/api/ha-correlated-findings/stream?token=eyJhbGciOiJIUzUxMiJ9.eyJzdWIiOiJhZG1pbiIsImF1dGgiOiJST0xFX0FETUlOLFJPTEVfVVNFUiIsImF1dGhlbnRpY2F0ZWQiOnRydWUsImV4cCI6MTc4NjE1ODg5NX0.BPtJKkRGNJZYCdqTel8VmkjLYlencIcMSPAoDzC1tUsBRTo7oxeWCCgaVf2lTisXznnMfWVCYaaz6RjvPKAipQ:0
[  966285ms] [ERROR] Failed to load resource: net::ERR_CONNECTION_REFUSED @ http://localhost:3000/api/eps/stream:0
[  971120ms] [ERROR] Failed to load resource: net::ERR_CONNECTION_REFUSED @ http://localhost:3000/api/ha-correlated-findings/stream?token=eyJhbGciOiJIUzUxMiJ9.eyJzdWIiOiJhZG1pbiIsImF1dGgiOiJST0xFX0FETUlOLFJPTEVfVVNFUiIsImF1dGhlbnRpY2F0ZWQiOnRydWUsImV4cCI6MTc4NjE1ODg5NX0.BPtJKkRGNJZYCdqTel8VmkjLYlencIcMSPAoDzC1tUsBRTo7oxeWCCgaVf2lTisXznnMfWVCYaaz6RjvPKAipQ:0
[  971288ms] [ERROR] Failed to load resource: net::ERR_CONNECTION_REFUSED @ http://localhost:3000/api/eps/stream:0
[  976123ms] [ERROR] Failed to load resource: net::ERR_CONNECTION_REFUSED @ http://localhost:3000/api/ha-correlated-findings/stream?token=eyJhbGciOiJIUzUxMiJ9.eyJzdWIiOiJhZG1pbiIsImF1dGgiOiJST0xFX0FETUlOLFJPTEVfVVNFUiIsImF1dGhlbnRpY2F0ZWQiOnRydWUsImV4cCI6MTc4NjE1ODg5NX0.BPtJKkRGNJZYCdqTel8VmkjLYlencIcMSPAoDzC1tUsBRTo7oxeWCCgaVf2lTisXznnMfWVCYaaz6RjvPKAipQ:0
[  976292ms] [ERROR] Failed to load resource: net::ERR_CONNECTION_REFUSED @ http://localhost:3000/api/eps/stream:0
[  981126ms] [ERROR] Failed to load resource: net::ERR_CONNECTION_REFUSED @ http://localhost:3000/api/ha-correlated-findings/stream?token=eyJhbGciOiJIUzUxMiJ9.eyJzdWIiOiJhZG1pbiIsImF1dGgiOiJST0xFX0FETUlOLFJPTEVfVVNFUiIsImF1dGhlbnRpY2F0ZWQiOnRydWUsImV4cCI6MTc4NjE1ODg5NX0.BPtJKkRGNJZYCdqTel8VmkjLYlencIcMSPAoDzC1tUsBRTo7oxeWCCgaVf2lTisXznnMfWVCYaaz6RjvPKAipQ:0
[  981295ms] [ERROR] Failed to load resource: net::ERR_CONNECTION_REFUSED @ http://localhost:3000/api/eps/stream:0
[  986130ms] [ERROR] Failed to load resource: net::ERR_CONNECTION_REFUSED @ http://localhost:3000/api/ha-correlated-findings/stream?token=eyJhbGciOiJIUzUxMiJ9.eyJzdWIiOiJhZG1pbiIsImF1dGgiOiJST0xFX0FETUlOLFJPTEVfVVNFUiIsImF1dGhlbnRpY2F0ZWQiOnRydWUsImV4cCI6MTc4NjE1ODg5NX0.BPtJKkRGNJZYCdqTel8VmkjLYlencIcMSPAoDzC1tUsBRTo7oxeWCCgaVf2lTisXznnMfWVCYaaz6RjvPKAipQ:0
[  986298ms] [ERROR] Failed to load resource: net::ERR_CONNECTION_REFUSED @ http://localhost:3000/api/eps/stream:0
[  990242ms] [ERROR] Failed to load resource: net::ERR_CONNECTION_REFUSED @ http://localhost:3000/api/overview/health:0
[  991133ms] [ERROR] Failed to load resource: net::ERR_CONNECTION_REFUSED @ http://localhost:3000/api/ha-correlated-findings/stream?token=eyJhbGciOiJIUzUxMiJ9.eyJzdWIiOiJhZG1pbiIsImF1dGgiOiJST0xFX0FETUlOLFJPTEVfVVNFUiIsImF1dGhlbnRpY2F0ZWQiOnRydWUsImV4cCI6MTc4NjE1ODg5NX0.BPtJKkRGNJZYCdqTel8VmkjLYlencIcMSPAoDzC1tUsBRTo7oxeWCCgaVf2lTisXznnMfWVCYaaz6RjvPKAipQ:0
[  991301ms] [ERROR] Failed to load resource: net::ERR_CONNECTION_REFUSED @ http://localhost:3000/api/eps/stream:0
[  996137ms] [ERROR] Failed to load resource: net::ERR_CONNECTION_REFUSED @ http://localhost:3000/api/ha-correlated-findings/stream?token=eyJhbGciOiJIUzUxMiJ9.eyJzdWIiOiJhZG1pbiIsImF1dGgiOiJST0xFX0FETUlOLFJPTEVfVVNFUiIsImF1dGhlbnRpY2F0ZWQiOnRydWUsImV4cCI6MTc4NjE1ODg5NX0.BPtJKkRGNJZYCdqTel8VmkjLYlencIcMSPAoDzC1tUsBRTo7oxeWCCgaVf2lTisXznnMfWVCYaaz6RjvPKAipQ:0
[  996304ms] [ERROR] Failed to load resource: net::ERR_CONNECTION_REFUSED @ http://localhost:3000/api/eps/stream:0
[ 1001140ms] [ERROR] Failed to load resource: net::ERR_CONNECTION_REFUSED @ http://localhost:3000/api/ha-correlated-findings/stream?token=eyJhbGciOiJIUzUxMiJ9.eyJzdWIiOiJhZG1pbiIsImF1dGgiOiJST0xFX0FETUlOLFJPTEVfVVNFUiIsImF1dGhlbnRpY2F0ZWQiOnRydWUsImV4cCI6MTc4NjE1ODg5NX0.BPtJKkRGNJZYCdqTel8VmkjLYlencIcMSPAoDzC1tUsBRTo7oxeWCCgaVf2lTisXznnMfWVCYaaz6RjvPKAipQ:0
[ 1001309ms] [ERROR] Failed to load resource: net::ERR_CONNECTION_REFUSED @ http://localhost:3000/api/eps/stream:0
[ 1006144ms] [ERROR] Failed to load resource: net::ERR_CONNECTION_REFUSED @ http://localhost:3000/api/ha-correlated-findings/stream?token=eyJhbGciOiJIUzUxMiJ9.eyJzdWIiOiJhZG1pbiIsImF1dGgiOiJST0xFX0FETUlOLFJPTEVfVVNFUiIsImF1dGhlbnRpY2F0ZWQiOnRydWUsImV4cCI6MTc4NjE1ODg5NX0.BPtJKkRGNJZYCdqTel8VmkjLYlencIcMSPAoDzC1tUsBRTo7oxeWCCgaVf2lTisXznnMfWVCYaaz6RjvPKAipQ:0
[ 1006313ms] [ERROR] Failed to load resource: net::ERR_CONNECTION_REFUSED @ http://localhost:3000/api/eps/stream:0
[ 1011148ms] [ERROR] Failed to load resource: net::ERR_CONNECTION_REFUSED @ http://localhost:3000/api/ha-correlated-findings/stream?token=eyJhbGciOiJIUzUxMiJ9.eyJzdWIiOiJhZG1pbiIsImF1dGgiOiJST0xFX0FETUlOLFJPTEVfVVNFUiIsImF1dGhlbnRpY2F0ZWQiOnRydWUsImV4cCI6MTc4NjE1ODg5NX0.BPtJKkRGNJZYCdqTel8VmkjLYlencIcMSPAoDzC1tUsBRTo7oxeWCCgaVf2lTisXznnMfWVCYaaz6RjvPKAipQ:0
[ 1011316ms] [ERROR] Failed to load resource: net::ERR_CONNECTION_REFUSED @ http://localhost:3000/api/eps/stream:0
[ 1016150ms] [ERROR] Failed to load resource: net::ERR_CONNECTION_REFUSED @ http://localhost:3000/api/ha-correlated-findings/stream?token=eyJhbGciOiJIUzUxMiJ9.eyJzdWIiOiJhZG1pbiIsImF1dGgiOiJST0xFX0FETUlOLFJPTEVfVVNFUiIsImF1dGhlbnRpY2F0ZWQiOnRydWUsImV4cCI6MTc4NjE1ODg5NX0.BPtJKkRGNJZYCdqTel8VmkjLYlencIcMSPAoDzC1tUsBRTo7oxeWCCgaVf2lTisXznnMfWVCYaaz6RjvPKAipQ:0
[ 1016321ms] [ERROR] Failed to load resource: net::ERR_CONNECTION_REFUSED @ http://localhost:3000/api/eps/stream:0
[ 1020241ms] [ERROR] Failed to load resource: net::ERR_CONNECTION_REFUSED @ http://localhost:3000/api/overview/health:0
[ 1021154ms] [ERROR] Failed to load resource: net::ERR_CONNECTION_REFUSED @ http://localhost:3000/api/ha-correlated-findings/stream?token=eyJhbGciOiJIUzUxMiJ9.eyJzdWIiOiJhZG1pbiIsImF1dGgiOiJST0xFX0FETUlOLFJPTEVfVVNFUiIsImF1dGhlbnRpY2F0ZWQiOnRydWUsImV4cCI6MTc4NjE1ODg5NX0.BPtJKkRGNJZYCdqTel8VmkjLYlencIcMSPAoDzC1tUsBRTo7oxeWCCgaVf2lTisXznnMfWVCYaaz6RjvPKAipQ:0
[ 1021324ms] [ERROR] Failed to load resource: net::ERR_CONNECTION_REFUSED @ http://localhost:3000/api/eps/stream:0
[ 1026156ms] [ERROR] Failed to load resource: net::ERR_CONNECTION_REFUSED @ http://localhost:3000/api/ha-correlated-findings/stream?token=eyJhbGciOiJIUzUxMiJ9.eyJzdWIiOiJhZG1pbiIsImF1dGgiOiJST0xFX0FETUlOLFJPTEVfVVNFUiIsImF1dGhlbnRpY2F0ZWQiOnRydWUsImV4cCI6MTc4NjE1ODg5NX0.BPtJKkRGNJZYCdqTel8VmkjLYlencIcMSPAoDzC1tUsBRTo7oxeWCCgaVf2lTisXznnMfWVCYaaz6RjvPKAipQ:0
[ 1026327ms] [ERROR] Failed to load resource: net::ERR_CONNECTION_REFUSED @ http://localhost:3000/api/eps/stream:0
[ 1031159ms] [ERROR] Failed to load resource: net::ERR_CONNECTION_REFUSED @ http://localhost:3000/api/ha-correlated-findings/stream?token=eyJhbGciOiJIUzUxMiJ9.eyJzdWIiOiJhZG1pbiIsImF1dGgiOiJST0xFX0FETUlOLFJPTEVfVVNFUiIsImF1dGhlbnRpY2F0ZWQiOnRydWUsImV4cCI6MTc4NjE1ODg5NX0.BPtJKkRGNJZYCdqTel8VmkjLYlencIcMSPAoDzC1tUsBRTo7oxeWCCgaVf2lTisXznnMfWVCYaaz6RjvPKAipQ:0
[ 1031330ms] [ERROR] Failed to load resource: net::ERR_CONNECTION_REFUSED @ http://localhost:3000/api/eps/stream:0
[ 1036161ms] [ERROR] Failed to load resource: net::ERR_CONNECTION_REFUSED @ http://localhost:3000/api/ha-correlated-findings/stream?token=eyJhbGciOiJIUzUxMiJ9.eyJzdWIiOiJhZG1pbiIsImF1dGgiOiJST0xFX0FETUlOLFJPTEVfVVNFUiIsImF1dGhlbnRpY2F0ZWQiOnRydWUsImV4cCI6MTc4NjE1ODg5NX0.BPtJKkRGNJZYCdqTel8VmkjLYlencIcMSPAoDzC1tUsBRTo7oxeWCCgaVf2lTisXznnMfWVCYaaz6RjvPKAipQ:0
[ 1036332ms] [ERROR] Failed to load resource: net::ERR_CONNECTION_REFUSED @ http://localhost:3000/api/eps/stream:0
[ 1041165ms] [ERROR] Failed to load resource: net::ERR_CONNECTION_REFUSED @ http://localhost:3000/api/ha-correlated-findings/stream?token=eyJhbGciOiJIUzUxMiJ9.eyJzdWIiOiJhZG1pbiIsImF1dGgiOiJST0xFX0FETUlOLFJPTEVfVVNFUiIsImF1dGhlbnRpY2F0ZWQiOnRydWUsImV4cCI6MTc4NjE1ODg5NX0.BPtJKkRGNJZYCdqTel8VmkjLYlencIcMSPAoDzC1tUsBRTo7oxeWCCgaVf2lTisXznnMfWVCYaaz6RjvPKAipQ:0
[ 1041335ms] [ERROR] Failed to load resource: net::ERR_CONNECTION_REFUSED @ http://localhost:3000/api/eps/stream:0
[ 1046170ms] [ERROR] Failed to load resource: net::ERR_CONNECTION_REFUSED @ http://localhost:3000/api/ha-correlated-findings/stream?token=eyJhbGciOiJIUzUxMiJ9.eyJzdWIiOiJhZG1pbiIsImF1dGgiOiJST0xFX0FETUlOLFJPTEVfVVNFUiIsImF1dGhlbnRpY2F0ZWQiOnRydWUsImV4cCI6MTc4NjE1ODg5NX0.BPtJKkRGNJZYCdqTel8VmkjLYlencIcMSPAoDzC1tUsBRTo7oxeWCCgaVf2lTisXznnMfWVCYaaz6RjvPKAipQ:0
[ 1046338ms] [ERROR] Failed to load resource: net::ERR_CONNECTION_REFUSED @ http://localhost:3000/api/eps/stream:0
[ 1050243ms] [ERROR] Failed to load resource: net::ERR_CONNECTION_REFUSED @ http://localhost:3000/api/overview/health:0
[ 1051173ms] [ERROR] Failed to load resource: net::ERR_CONNECTION_REFUSED @ http://localhost:3000/api/ha-correlated-findings/stream?token=eyJhbGciOiJIUzUxMiJ9.eyJzdWIiOiJhZG1pbiIsImF1dGgiOiJST0xFX0FETUlOLFJPTEVfVVNFUiIsImF1dGhlbnRpY2F0ZWQiOnRydWUsImV4cCI6MTc4NjE1ODg5NX0.BPtJKkRGNJZYCdqTel8VmkjLYlencIcMSPAoDzC1tUsBRTo7oxeWCCgaVf2lTisXznnMfWVCYaaz6RjvPKAipQ:0
[ 1051342ms] [ERROR] Failed to load resource: net::ERR_CONNECTION_REFUSED @ http://localhost:3000/api/eps/stream:0
[ 1056175ms] [ERROR] Failed to load resource: net::ERR_CONNECTION_REFUSED @ http://localhost:3000/api/ha-correlated-findings/stream?token=eyJhbGciOiJIUzUxMiJ9.eyJzdWIiOiJhZG1pbiIsImF1dGgiOiJST0xFX0FETUlOLFJPTEVfVVNFUiIsImF1dGhlbnRpY2F0ZWQiOnRydWUsImV4cCI6MTc4NjE1ODg5NX0.BPtJKkRGNJZYCdqTel8VmkjLYlencIcMSPAoDzC1tUsBRTo7oxeWCCgaVf2lTisXznnMfWVCYaaz6RjvPKAipQ:0
[ 1056345ms] [ERROR] Failed to load resource: net::ERR_CONNECTION_REFUSED @ http://localhost:3000/api/eps/stream:0
[ 1061178ms] [ERROR] Failed to load resource: net::ERR_CONNECTION_REFUSED @ http://localhost:3000/api/ha-correlated-findings/stream?token=eyJhbGciOiJIUzUxMiJ9.eyJzdWIiOiJhZG1pbiIsImF1dGgiOiJST0xFX0FETUlOLFJPTEVfVVNFUiIsImF1dGhlbnRpY2F0ZWQiOnRydWUsImV4cCI6MTc4NjE1ODg5NX0.BPtJKkRGNJZYCdqTel8VmkjLYlencIcMSPAoDzC1tUsBRTo7oxeWCCgaVf2lTisXznnMfWVCYaaz6RjvPKAipQ:0
[ 1061347ms] [ERROR] Failed to load resource: net::ERR_CONNECTION_REFUSED @ http://localhost:3000/api/eps/stream:0
[ 1066180ms] [ERROR] Failed to load resource: net::ERR_CONNECTION_REFUSED @ http://localhost:3000/api/ha-correlated-findings/stream?token=eyJhbGciOiJIUzUxMiJ9.eyJzdWIiOiJhZG1pbiIsImF1dGgiOiJST0xFX0FETUlOLFJPTEVfVVNFUiIsImF1dGhlbnRpY2F0ZWQiOnRydWUsImV4cCI6MTc4NjE1ODg5NX0.BPtJKkRGNJZYCdqTel8VmkjLYlencIcMSPAoDzC1tUsBRTo7oxeWCCgaVf2lTisXznnMfWVCYaaz6RjvPKAipQ:0
[ 1066350ms] [ERROR] Failed to load resource: net::ERR_CONNECTION_REFUSED @ http://localhost:3000/api/eps/stream:0
[ 1071183ms] [ERROR] Failed to load resource: net::ERR_CONNECTION_REFUSED @ http://localhost:3000/api/ha-correlated-findings/stream?token=eyJhbGciOiJIUzUxMiJ9.eyJzdWIiOiJhZG1pbiIsImF1dGgiOiJST0xFX0FETUlOLFJPTEVfVVNFUiIsImF1dGhlbnRpY2F0ZWQiOnRydWUsImV4cCI6MTc4NjE1ODg5NX0.BPtJKkRGNJZYCdqTel8VmkjLYlencIcMSPAoDzC1tUsBRTo7oxeWCCgaVf2lTisXznnMfWVCYaaz6RjvPKAipQ:0
[ 1071353ms] [ERROR] Failed to load resource: net::ERR_CONNECTION_REFUSED @ http://localhost:3000/api/eps/stream:0
[ 1076187ms] [ERROR] Failed to load resource: net::ERR_CONNECTION_REFUSED @ http://localhost:3000/api/ha-correlated-findings/stream?token=eyJhbGciOiJIUzUxMiJ9.eyJzdWIiOiJhZG1pbiIsImF1dGgiOiJST0xFX0FETUlOLFJPTEVfVVNFUiIsImF1dGhlbnRpY2F0ZWQiOnRydWUsImV4cCI6MTc4NjE1ODg5NX0.BPtJKkRGNJZYCdqTel8VmkjLYlencIcMSPAoDzC1tUsBRTo7oxeWCCgaVf2lTisXznnMfWVCYaaz6RjvPKAipQ:0
[ 1076356ms] [ERROR] Failed to load resource: net::ERR_CONNECTION_REFUSED @ http://localhost:3000/api/eps/stream:0
[ 1080241ms] [ERROR] Failed to load resource: net::ERR_CONNECTION_REFUSED @ http://localhost:3000/api/overview/health:0
[ 1081189ms] [ERROR] Failed to load resource: net::ERR_CONNECTION_REFUSED @ http://localhost:3000/api/ha-correlated-findings/stream?token=eyJhbGciOiJIUzUxMiJ9.eyJzdWIiOiJhZG1pbiIsImF1dGgiOiJST0xFX0FETUlOLFJPTEVfVVNFUiIsImF1dGhlbnRpY2F0ZWQiOnRydWUsImV4cCI6MTc4NjE1ODg5NX0.BPtJKkRGNJZYCdqTel8VmkjLYlencIcMSPAoDzC1tUsBRTo7oxeWCCgaVf2lTisXznnMfWVCYaaz6RjvPKAipQ:0
[ 1081359ms] [ERROR] Failed to load resource: net::ERR_CONNECTION_REFUSED @ http://localhost:3000/api/eps/stream:0
[ 1086191ms] [ERROR] Failed to load resource: net::ERR_CONNECTION_REFUSED @ http://localhost:3000/api/ha-correlated-findings/stream?token=eyJhbGciOiJIUzUxMiJ9.eyJzdWIiOiJhZG1pbiIsImF1dGgiOiJST0xFX0FETUlOLFJPTEVfVVNFUiIsImF1dGhlbnRpY2F0ZWQiOnRydWUsImV4cCI6MTc4NjE1ODg5NX0.BPtJKkRGNJZYCdqTel8VmkjLYlencIcMSPAoDzC1tUsBRTo7oxeWCCgaVf2lTisXznnMfWVCYaaz6RjvPKAipQ:0
[ 1086361ms] [ERROR] Failed to load resource: net::ERR_CONNECTION_REFUSED @ http://localhost:3000/api/eps/stream:0
[ 1091194ms] [ERROR] Failed to load resource: net::ERR_CONNECTION_REFUSED @ http://localhost:3000/api/ha-correlated-findings/stream?token=eyJhbGciOiJIUzUxMiJ9.eyJzdWIiOiJhZG1pbiIsImF1dGgiOiJST0xFX0FETUlOLFJPTEVfVVNFUiIsImF1dGhlbnRpY2F0ZWQiOnRydWUsImV4cCI6MTc4NjE1ODg5NX0.BPtJKkRGNJZYCdqTel8VmkjLYlencIcMSPAoDzC1tUsBRTo7oxeWCCgaVf2lTisXznnMfWVCYaaz6RjvPKAipQ:0
[ 1091365ms] [ERROR] Failed to load resource: net::ERR_CONNECTION_REFUSED @ http://localhost:3000/api/eps/stream:0
[ 1096197ms] [ERROR] Failed to load resource: net::ERR_CONNECTION_REFUSED @ http://localhost:3000/api/ha-correlated-findings/stream?token=eyJhbGciOiJIUzUxMiJ9.eyJzdWIiOiJhZG1pbiIsImF1dGgiOiJST0xFX0FETUlOLFJPTEVfVVNFUiIsImF1dGhlbnRpY2F0ZWQiOnRydWUsImV4cCI6MTc4NjE1ODg5NX0.BPtJKkRGNJZYCdqTel8VmkjLYlencIcMSPAoDzC1tUsBRTo7oxeWCCgaVf2lTisXznnMfWVCYaaz6RjvPKAipQ:0
[ 1096369ms] [ERROR] Failed to load resource: net::ERR_CONNECTION_REFUSED @ http://localhost:3000/api/eps/stream:0
[ 1101199ms] [ERROR] Failed to load resource: net::ERR_CONNECTION_REFUSED @ http://localhost:3000/api/ha-correlated-findings/stream?token=eyJhbGciOiJIUzUxMiJ9.eyJzdWIiOiJhZG1pbiIsImF1dGgiOiJST0xFX0FETUlOLFJPTEVfVVNFUiIsImF1dGhlbnRpY2F0ZWQiOnRydWUsImV4cCI6MTc4NjE1ODg5NX0.BPtJKkRGNJZYCdqTel8VmkjLYlencIcMSPAoDzC1tUsBRTo7oxeWCCgaVf2lTisXznnMfWVCYaaz6RjvPKAipQ:0
[ 1101372ms] [ERROR] Failed to load resource: net::ERR_CONNECTION_REFUSED @ http://localhost:3000/api/eps/stream:0
[ 1106201ms] [ERROR] Failed to load resource: net::ERR_CONNECTION_REFUSED @ http://localhost:3000/api/ha-correlated-findings/stream?token=eyJhbGciOiJIUzUxMiJ9.eyJzdWIiOiJhZG1pbiIsImF1dGgiOiJST0xFX0FETUlOLFJPTEVfVVNFUiIsImF1dGhlbnRpY2F0ZWQiOnRydWUsImV4cCI6MTc4NjE1ODg5NX0.BPtJKkRGNJZYCdqTel8VmkjLYlencIcMSPAoDzC1tUsBRTo7oxeWCCgaVf2lTisXznnMfWVCYaaz6RjvPKAipQ:0
[ 1106375ms] [ERROR] Failed to load resource: net::ERR_CONNECTION_REFUSED @ http://localhost:3000/api/eps/stream:0
[ 1110241ms] [ERROR] Failed to load resource: net::ERR_CONNECTION_REFUSED @ http://localhost:3000/api/overview/health:0
[ 1111205ms] [ERROR] Failed to load resource: net::ERR_CONNECTION_REFUSED @ http://localhost:3000/api/ha-correlated-findings/stream?token=eyJhbGciOiJIUzUxMiJ9.eyJzdWIiOiJhZG1pbiIsImF1dGgiOiJST0xFX0FETUlOLFJPTEVfVVNFUiIsImF1dGhlbnRpY2F0ZWQiOnRydWUsImV4cCI6MTc4NjE1ODg5NX0.BPtJKkRGNJZYCdqTel8VmkjLYlencIcMSPAoDzC1tUsBRTo7oxeWCCgaVf2lTisXznnMfWVCYaaz6RjvPKAipQ:0
[ 1111378ms] [ERROR] Failed to load resource: net::ERR_CONNECTION_REFUSED @ http://localhost:3000/api/eps/stream:0
[ 1116208ms] [ERROR] Failed to load resource: net::ERR_CONNECTION_REFUSED @ http://localhost:3000/api/ha-correlated-findings/stream?token=eyJhbGciOiJIUzUxMiJ9.eyJzdWIiOiJhZG1pbiIsImF1dGgiOiJST0xFX0FETUlOLFJPTEVfVVNFUiIsImF1dGhlbnRpY2F0ZWQiOnRydWUsImV4cCI6MTc4NjE1ODg5NX0.BPtJKkRGNJZYCdqTel8VmkjLYlencIcMSPAoDzC1tUsBRTo7oxeWCCgaVf2lTisXznnMfWVCYaaz6RjvPKAipQ:0
[ 1116381ms] [ERROR] Failed to load resource: net::ERR_CONNECTION_REFUSED @ http://localhost:3000/api/eps/stream:0
[ 1121211ms] [ERROR] Failed to load resource: net::ERR_CONNECTION_REFUSED @ http://localhost:3000/api/ha-correlated-findings/stream?token=eyJhbGciOiJIUzUxMiJ9.eyJzdWIiOiJhZG1pbiIsImF1dGgiOiJST0xFX0FETUlOLFJPTEVfVVNFUiIsImF1dGhlbnRpY2F0ZWQiOnRydWUsImV4cCI6MTc4NjE1ODg5NX0.BPtJKkRGNJZYCdqTel8VmkjLYlencIcMSPAoDzC1tUsBRTo7oxeWCCgaVf2lTisXznnMfWVCYaaz6RjvPKAipQ:0
[ 1121383ms] [ERROR] Failed to load resource: net::ERR_CONNECTION_REFUSED @ http://localhost:3000/api/eps/stream:0
[ 1126214ms] [ERROR] Failed to load resource: net::ERR_CONNECTION_REFUSED @ http://localhost:3000/api/ha-correlated-findings/stream?token=eyJhbGciOiJIUzUxMiJ9.eyJzdWIiOiJhZG1pbiIsImF1dGgiOiJST0xFX0FETUlOLFJPTEVfVVNFUiIsImF1dGhlbnRpY2F0ZWQiOnRydWUsImV4cCI6MTc4NjE1ODg5NX0.BPtJKkRGNJZYCdqTel8VmkjLYlencIcMSPAoDzC1tUsBRTo7oxeWCCgaVf2lTisXznnMfWVCYaaz6RjvPKAipQ:0
[ 1126386ms] [ERROR] Failed to load resource: net::ERR_CONNECTION_REFUSED @ http://localhost:3000/api/eps/stream:0
[ 1131217ms] [ERROR] Failed to load resource: net::ERR_CONNECTION_REFUSED @ http://localhost:3000/api/ha-correlated-findings/stream?token=eyJhbGciOiJIUzUxMiJ9.eyJzdWIiOiJhZG1pbiIsImF1dGgiOiJST0xFX0FETUlOLFJPTEVfVVNFUiIsImF1dGhlbnRpY2F0ZWQiOnRydWUsImV4cCI6MTc4NjE1ODg5NX0.BPtJKkRGNJZYCdqTel8VmkjLYlencIcMSPAoDzC1tUsBRTo7oxeWCCgaVf2lTisXznnMfWVCYaaz6RjvPKAipQ:0
[ 1131389ms] [ERROR] Failed to load resource: net::ERR_CONNECTION_REFUSED @ http://localhost:3000/api/eps/stream:0
[ 1136219ms] [ERROR] Failed to load resource: net::ERR_CONNECTION_REFUSED @ http://localhost:3000/api/ha-correlated-findings/stream?token=eyJhbGciOiJIUzUxMiJ9.eyJzdWIiOiJhZG1pbiIsImF1dGgiOiJST0xFX0FETUlOLFJPTEVfVVNFUiIsImF1dGhlbnRpY2F0ZWQiOnRydWUsImV4cCI6MTc4NjE1ODg5NX0.BPtJKkRGNJZYCdqTel8VmkjLYlencIcMSPAoDzC1tUsBRTo7oxeWCCgaVf2lTisXznnMfWVCYaaz6RjvPKAipQ:0
[ 1136392ms] [ERROR] Failed to load resource: net::ERR_CONNECTION_REFUSED @ http://localhost:3000/api/eps/stream:0
[ 1140241ms] [ERROR] Failed to load resource: net::ERR_CONNECTION_REFUSED @ http://localhost:3000/api/overview/health:0
[ 1141221ms] [ERROR] Failed to load resource: net::ERR_CONNECTION_REFUSED @ http://localhost:3000/api/ha-correlated-findings/stream?token=eyJhbGciOiJIUzUxMiJ9.eyJzdWIiOiJhZG1pbiIsImF1dGgiOiJST0xFX0FETUlOLFJPTEVfVVNFUiIsImF1dGhlbnRpY2F0ZWQiOnRydWUsImV4cCI6MTc4NjE1ODg5NX0.BPtJKkRGNJZYCdqTel8VmkjLYlencIcMSPAoDzC1tUsBRTo7oxeWCCgaVf2lTisXznnMfWVCYaaz6RjvPKAipQ:0
[ 1141393ms] [ERROR] Failed to load resource: net::ERR_CONNECTION_REFUSED @ http://localhost:3000/api/eps/stream:0
[ 1146225ms] [ERROR] Failed to load resource: net::ERR_CONNECTION_REFUSED @ http://localhost:3000/api/ha-correlated-findings/stream?token=eyJhbGciOiJIUzUxMiJ9.eyJzdWIiOiJhZG1pbiIsImF1dGgiOiJST0xFX0FETUlOLFJPTEVfVVNFUiIsImF1dGhlbnRpY2F0ZWQiOnRydWUsImV4cCI6MTc4NjE1ODg5NX0.BPtJKkRGNJZYCdqTel8VmkjLYlencIcMSPAoDzC1tUsBRTo7oxeWCCgaVf2lTisXznnMfWVCYaaz6RjvPKAipQ:0
[ 1146396ms] [ERROR] Failed to load resource: net::ERR_CONNECTION_REFUSED @ http://localhost:3000/api/eps/stream:0
[ 1151228ms] [ERROR] Failed to load resource: net::ERR_CONNECTION_REFUSED @ http://localhost:3000/api/ha-correlated-findings/stream?token=eyJhbGciOiJIUzUxMiJ9.eyJzdWIiOiJhZG1pbiIsImF1dGgiOiJST0xFX0FETUlOLFJPTEVfVVNFUiIsImF1dGhlbnRpY2F0ZWQiOnRydWUsImV4cCI6MTc4NjE1ODg5NX0.BPtJKkRGNJZYCdqTel8VmkjLYlencIcMSPAoDzC1tUsBRTo7oxeWCCgaVf2lTisXznnMfWVCYaaz6RjvPKAipQ:0
[ 1151399ms] [ERROR] Failed to load resource: net::ERR_CONNECTION_REFUSED @ http://localhost:3000/api/eps/stream:0
[ 1156231ms] [ERROR] Failed to load resource: net::ERR_CONNECTION_REFUSED @ http://localhost:3000/api/ha-correlated-findings/stream?token=eyJhbGciOiJIUzUxMiJ9.eyJzdWIiOiJhZG1pbiIsImF1dGgiOiJST0xFX0FETUlOLFJPTEVfVVNFUiIsImF1dGhlbnRpY2F0ZWQiOnRydWUsImV4cCI6MTc4NjE1ODg5NX0.BPtJKkRGNJZYCdqTel8VmkjLYlencIcMSPAoDzC1tUsBRTo7oxeWCCgaVf2lTisXznnMfWVCYaaz6RjvPKAipQ:0
[ 1156402ms] [ERROR] Failed to load resource: net::ERR_CONNECTION_REFUSED @ http://localhost:3000/api/eps/stream:0
[ 1161233ms] [ERROR] Failed to load resource: net::ERR_CONNECTION_REFUSED @ http://localhost:3000/api/ha-correlated-findings/stream?token=eyJhbGciOiJIUzUxMiJ9.eyJzdWIiOiJhZG1pbiIsImF1dGgiOiJST0xFX0FETUlOLFJPTEVfVVNFUiIsImF1dGhlbnRpY2F0ZWQiOnRydWUsImV4cCI6MTc4NjE1ODg5NX0.BPtJKkRGNJZYCdqTel8VmkjLYlencIcMSPAoDzC1tUsBRTo7oxeWCCgaVf2lTisXznnMfWVCYaaz6RjvPKAipQ:0
[ 1161405ms] [ERROR] Failed to load resource: net::ERR_CONNECTION_REFUSED @ http://localhost:3000/api/eps/stream:0
[ 1166234ms] [ERROR] Failed to load resource: net::ERR_CONNECTION_REFUSED @ http://localhost:3000/api/ha-correlated-findings/stream?token=eyJhbGciOiJIUzUxMiJ9.eyJzdWIiOiJhZG1pbiIsImF1dGgiOiJST0xFX0FETUlOLFJPTEVfVVNFUiIsImF1dGhlbnRpY2F0ZWQiOnRydWUsImV4cCI6MTc4NjE1ODg5NX0.BPtJKkRGNJZYCdqTel8VmkjLYlencIcMSPAoDzC1tUsBRTo7oxeWCCgaVf2lTisXznnMfWVCYaaz6RjvPKAipQ:0
[ 1166407ms] [ERROR] Failed to load resource: net::ERR_CONNECTION_REFUSED @ http://localhost:3000/api/eps/stream:0
[ 1170241ms] [ERROR] Failed to load resource: net::ERR_CONNECTION_REFUSED @ http://localhost:3000/api/overview/health:0
[ 1171236ms] [ERROR] Failed to load resource: net::ERR_CONNECTION_REFUSED @ http://localhost:3000/api/ha-correlated-findings/stream?token=eyJhbGciOiJIUzUxMiJ9.eyJzdWIiOiJhZG1pbiIsImF1dGgiOiJST0xFX0FETUlOLFJPTEVfVVNFUiIsImF1dGhlbnRpY2F0ZWQiOnRydWUsImV4cCI6MTc4NjE1ODg5NX0.BPtJKkRGNJZYCdqTel8VmkjLYlencIcMSPAoDzC1tUsBRTo7oxeWCCgaVf2lTisXznnMfWVCYaaz6RjvPKAipQ:0
[ 1171408ms] [ERROR] Failed to load resource: net::ERR_CONNECTION_REFUSED @ http://localhost:3000/api/eps/stream:0
[ 1176239ms] [ERROR] Failed to load resource: net::ERR_CONNECTION_REFUSED @ http://localhost:3000/api/ha-correlated-findings/stream?token=eyJhbGciOiJIUzUxMiJ9.eyJzdWIiOiJhZG1pbiIsImF1dGgiOiJST0xFX0FETUlOLFJPTEVfVVNFUiIsImF1dGhlbnRpY2F0ZWQiOnRydWUsImV4cCI6MTc4NjE1ODg5NX0.BPtJKkRGNJZYCdqTel8VmkjLYlencIcMSPAoDzC1tUsBRTo7oxeWCCgaVf2lTisXznnMfWVCYaaz6RjvPKAipQ:0
[ 1176412ms] [ERROR] Failed to load resource: net::ERR_CONNECTION_REFUSED @ http://localhost:3000/api/eps/stream:0
[ 1181242ms] [ERROR] Failed to load resource: net::ERR_CONNECTION_REFUSED @ http://localhost:3000/api/ha-correlated-findings/stream?token=eyJhbGciOiJIUzUxMiJ9.eyJzdWIiOiJhZG1pbiIsImF1dGgiOiJST0xFX0FETUlOLFJPTEVfVVNFUiIsImF1dGhlbnRpY2F0ZWQiOnRydWUsImV4cCI6MTc4NjE1ODg5NX0.BPtJKkRGNJZYCdqTel8VmkjLYlencIcMSPAoDzC1tUsBRTo7oxeWCCgaVf2lTisXznnMfWVCYaaz6RjvPKAipQ:0
[ 1181415ms] [ERROR] Failed to load resource: net::ERR_CONNECTION_REFUSED @ http://localhost:3000/api/eps/stream:0
[ 1186245ms] [ERROR] Failed to load resource: net::ERR_CONNECTION_REFUSED @ http://localhost:3000/api/ha-correlated-findings/stream?token=eyJhbGciOiJIUzUxMiJ9.eyJzdWIiOiJhZG1pbiIsImF1dGgiOiJST0xFX0FETUlOLFJPTEVfVVNFUiIsImF1dGhlbnRpY2F0ZWQiOnRydWUsImV4cCI6MTc4NjE1ODg5NX0.BPtJKkRGNJZYCdqTel8VmkjLYlencIcMSPAoDzC1tUsBRTo7oxeWCCgaVf2lTisXznnMfWVCYaaz6RjvPKAipQ:0
[ 1186418ms] [ERROR] Failed to load resource: net::ERR_CONNECTION_REFUSED @ http://localhost:3000/api/eps/stream:0
[ 1191247ms] [ERROR] Failed to load resource: net::ERR_CONNECTION_REFUSED @ http://localhost:3000/api/ha-correlated-findings/stream?token=eyJhbGciOiJIUzUxMiJ9.eyJzdWIiOiJhZG1pbiIsImF1dGgiOiJST0xFX0FETUlOLFJPTEVfVVNFUiIsImF1dGhlbnRpY2F0ZWQiOnRydWUsImV4cCI6MTc4NjE1ODg5NX0.BPtJKkRGNJZYCdqTel8VmkjLYlencIcMSPAoDzC1tUsBRTo7oxeWCCgaVf2lTisXznnMfWVCYaaz6RjvPKAipQ:0
[ 1191420ms] [ERROR] Failed to load resource: net::ERR_CONNECTION_REFUSED @ http://localhost:3000/api/eps/stream:0
[ 1196249ms] [ERROR] Failed to load resource: net::ERR_CONNECTION_REFUSED @ http://localhost:3000/api/ha-correlated-findings/stream?token=eyJhbGciOiJIUzUxMiJ9.eyJzdWIiOiJhZG1pbiIsImF1dGgiOiJST0xFX0FETUlOLFJPTEVfVVNFUiIsImF1dGhlbnRpY2F0ZWQiOnRydWUsImV4cCI6MTc4NjE1ODg5NX0.BPtJKkRGNJZYCdqTel8VmkjLYlencIcMSPAoDzC1tUsBRTo7oxeWCCgaVf2lTisXznnMfWVCYaaz6RjvPKAipQ:0
[ 1196423ms] [ERROR] Failed to load resource: net::ERR_CONNECTION_REFUSED @ http://localhost:3000/api/eps/stream:0
[ 1200241ms] [ERROR] Failed to load resource: net::ERR_CONNECTION_REFUSED @ http://localhost:3000/api/overview/health:0
[ 1201253ms] [ERROR] Failed to load resource: net::ERR_CONNECTION_REFUSED @ http://localhost:3000/api/ha-correlated-findings/stream?token=eyJhbGciOiJIUzUxMiJ9.eyJzdWIiOiJhZG1pbiIsImF1dGgiOiJST0xFX0FETUlOLFJPTEVfVVNFUiIsImF1dGhlbnRpY2F0ZWQiOnRydWUsImV4cCI6MTc4NjE1ODg5NX0.BPtJKkRGNJZYCdqTel8VmkjLYlencIcMSPAoDzC1tUsBRTo7oxeWCCgaVf2lTisXznnMfWVCYaaz6RjvPKAipQ:0
[ 1201426ms] [ERROR] Failed to load resource: net::ERR_CONNECTION_REFUSED @ http://localhost:3000/api/eps/stream:0
[ 1206257ms] [ERROR] Failed to load resource: net::ERR_CONNECTION_REFUSED @ http://localhost:3000/api/ha-correlated-findings/stream?token=eyJhbGciOiJIUzUxMiJ9.eyJzdWIiOiJhZG1pbiIsImF1dGgiOiJST0xFX0FETUlOLFJPTEVfVVNFUiIsImF1dGhlbnRpY2F0ZWQiOnRydWUsImV4cCI6MTc4NjE1ODg5NX0.BPtJKkRGNJZYCdqTel8VmkjLYlencIcMSPAoDzC1tUsBRTo7oxeWCCgaVf2lTisXznnMfWVCYaaz6RjvPKAipQ:0
[ 1206429ms] [ERROR] Failed to load resource: net::ERR_CONNECTION_REFUSED @ http://localhost:3000/api/eps/stream:0
[ 1211259ms] [ERROR] Failed to load resource: net::ERR_CONNECTION_REFUSED @ http://localhost:3000/api/ha-correlated-findings/stream?token=eyJhbGciOiJIUzUxMiJ9.eyJzdWIiOiJhZG1pbiIsImF1dGgiOiJST0xFX0FETUlOLFJPTEVfVVNFUiIsImF1dGhlbnRpY2F0ZWQiOnRydWUsImV4cCI6MTc4NjE1ODg5NX0.BPtJKkRGNJZYCdqTel8VmkjLYlencIcMSPAoDzC1tUsBRTo7oxeWCCgaVf2lTisXznnMfWVCYaaz6RjvPKAipQ:0
[ 1211432ms] [ERROR] Failed to load resource: net::ERR_CONNECTION_REFUSED @ http://localhost:3000/api/eps/stream:0
[ 1216263ms] [ERROR] Failed to load resource: net::ERR_CONNECTION_REFUSED @ http://localhost:3000/api/ha-correlated-findings/stream?token=eyJhbGciOiJIUzUxMiJ9.eyJzdWIiOiJhZG1pbiIsImF1dGgiOiJST0xFX0FETUlOLFJPTEVfVVNFUiIsImF1dGhlbnRpY2F0ZWQiOnRydWUsImV4cCI6MTc4NjE1ODg5NX0.BPtJKkRGNJZYCdqTel8VmkjLYlencIcMSPAoDzC1tUsBRTo7oxeWCCgaVf2lTisXznnMfWVCYaaz6RjvPKAipQ:0
[ 1216436ms] [ERROR] Failed to load resource: net::ERR_CONNECTION_REFUSED @ http://localhost:3000/api/eps/stream:0
[ 1221265ms] [ERROR] Failed to load resource: net::ERR_CONNECTION_REFUSED @ http://localhost:3000/api/ha-correlated-findings/stream?token=eyJhbGciOiJIUzUxMiJ9.eyJzdWIiOiJhZG1pbiIsImF1dGgiOiJST0xFX0FETUlOLFJPTEVfVVNFUiIsImF1dGhlbnRpY2F0ZWQiOnRydWUsImV4cCI6MTc4NjE1ODg5NX0.BPtJKkRGNJZYCdqTel8VmkjLYlencIcMSPAoDzC1tUsBRTo7oxeWCCgaVf2lTisXznnMfWVCYaaz6RjvPKAipQ:0
[ 1221438ms] [ERROR] Failed to load resource: net::ERR_CONNECTION_REFUSED @ http://localhost:3000/api/eps/stream:0
[ 1226268ms] [ERROR] Failed to load resource: net::ERR_CONNECTION_REFUSED @ http://localhost:3000/api/ha-correlated-findings/stream?token=eyJhbGciOiJIUzUxMiJ9.eyJzdWIiOiJhZG1pbiIsImF1dGgiOiJST0xFX0FETUlOLFJPTEVfVVNFUiIsImF1dGhlbnRpY2F0ZWQiOnRydWUsImV4cCI6MTc4NjE1ODg5NX0.BPtJKkRGNJZYCdqTel8VmkjLYlencIcMSPAoDzC1tUsBRTo7oxeWCCgaVf2lTisXznnMfWVCYaaz6RjvPKAipQ:0
[ 1226441ms] [ERROR] Failed to load resource: net::ERR_CONNECTION_REFUSED @ http://localhost:3000/api/eps/stream:0
[ 1230242ms] [ERROR] Failed to load resource: net::ERR_CONNECTION_REFUSED @ http://localhost:3000/api/overview/health:0
[ 1231270ms] [ERROR] Failed to load resource: net::ERR_CONNECTION_REFUSED @ http://localhost:3000/api/ha-correlated-findings/stream?token=eyJhbGciOiJIUzUxMiJ9.eyJzdWIiOiJhZG1pbiIsImF1dGgiOiJST0xFX0FETUlOLFJPTEVfVVNFUiIsImF1dGhlbnRpY2F0ZWQiOnRydWUsImV4cCI6MTc4NjE1ODg5NX0.BPtJKkRGNJZYCdqTel8VmkjLYlencIcMSPAoDzC1tUsBRTo7oxeWCCgaVf2lTisXznnMfWVCYaaz6RjvPKAipQ:0
[ 1231444ms] [ERROR] Failed to load resource: net::ERR_CONNECTION_REFUSED @ http://localhost:3000/api/eps/stream:0
[ 1236273ms] [ERROR] Failed to load resource: net::ERR_CONNECTION_REFUSED @ http://localhost:3000/api/ha-correlated-findings/stream?token=eyJhbGciOiJIUzUxMiJ9.eyJzdWIiOiJhZG1pbiIsImF1dGgiOiJST0xFX0FETUlOLFJPTEVfVVNFUiIsImF1dGhlbnRpY2F0ZWQiOnRydWUsImV4cCI6MTc4NjE1ODg5NX0.BPtJKkRGNJZYCdqTel8VmkjLYlencIcMSPAoDzC1tUsBRTo7oxeWCCgaVf2lTisXznnMfWVCYaaz6RjvPKAipQ:0
[ 1236448ms] [ERROR] Failed to load resource: net::ERR_CONNECTION_REFUSED @ http://localhost:3000/api/eps/stream:0
[ 1241274ms] [ERROR] Failed to load resource: net::ERR_CONNECTION_REFUSED @ http://localhost:3000/api/ha-correlated-findings/stream?token=eyJhbGciOiJIUzUxMiJ9.eyJzdWIiOiJhZG1pbiIsImF1dGgiOiJST0xFX0FETUlOLFJPTEVfVVNFUiIsImF1dGhlbnRpY2F0ZWQiOnRydWUsImV4cCI6MTc4NjE1ODg5NX0.BPtJKkRGNJZYCdqTel8VmkjLYlencIcMSPAoDzC1tUsBRTo7oxeWCCgaVf2lTisXznnMfWVCYaaz6RjvPKAipQ:0
[ 1241450ms] [ERROR] Failed to load resource: net::ERR_CONNECTION_REFUSED @ http://localhost:3000/api/eps/stream:0
[ 1246276ms] [ERROR] Failed to load resource: net::ERR_CONNECTION_REFUSED @ http://localhost:3000/api/ha-correlated-findings/stream?token=eyJhbGciOiJIUzUxMiJ9.eyJzdWIiOiJhZG1pbiIsImF1dGgiOiJST0xFX0FETUlOLFJPTEVfVVNFUiIsImF1dGhlbnRpY2F0ZWQiOnRydWUsImV4cCI6MTc4NjE1ODg5NX0.BPtJKkRGNJZYCdqTel8VmkjLYlencIcMSPAoDzC1tUsBRTo7oxeWCCgaVf2lTisXznnMfWVCYaaz6RjvPKAipQ:0
[ 1246453ms] [ERROR] Failed to load resource: net::ERR_CONNECTION_REFUSED @ http://localhost:3000/api/eps/stream:0
[ 1251279ms] [ERROR] Failed to load resource: net::ERR_CONNECTION_REFUSED @ http://localhost:3000/api/ha-correlated-findings/stream?token=eyJhbGciOiJIUzUxMiJ9.eyJzdWIiOiJhZG1pbiIsImF1dGgiOiJST0xFX0FETUlOLFJPTEVfVVNFUiIsImF1dGhlbnRpY2F0ZWQiOnRydWUsImV4cCI6MTc4NjE1ODg5NX0.BPtJKkRGNJZYCdqTel8VmkjLYlencIcMSPAoDzC1tUsBRTo7oxeWCCgaVf2lTisXznnMfWVCYaaz6RjvPKAipQ:0
[ 1251455ms] [ERROR] Failed to load resource: net::ERR_CONNECTION_REFUSED @ http://localhost:3000/api/eps/stream:0
[ 1256281ms] [ERROR] Failed to load resource: net::ERR_CONNECTION_REFUSED @ http://localhost:3000/api/ha-correlated-findings/stream?token=eyJhbGciOiJIUzUxMiJ9.eyJzdWIiOiJhZG1pbiIsImF1dGgiOiJST0xFX0FETUlOLFJPTEVfVVNFUiIsImF1dGhlbnRpY2F0ZWQiOnRydWUsImV4cCI6MTc4NjE1ODg5NX0.BPtJKkRGNJZYCdqTel8VmkjLYlencIcMSPAoDzC1tUsBRTo7oxeWCCgaVf2lTisXznnMfWVCYaaz6RjvPKAipQ:0
[ 1256457ms] [ERROR] Failed to load resource: net::ERR_CONNECTION_REFUSED @ http://localhost:3000/api/eps/stream:0
[ 1260242ms] [ERROR] Failed to load resource: net::ERR_CONNECTION_REFUSED @ http://localhost:3000/api/overview/health:0
[ 1261284ms] [ERROR] Failed to load resource: net::ERR_CONNECTION_REFUSED @ http://localhost:3000/api/ha-correlated-findings/stream?token=eyJhbGciOiJIUzUxMiJ9.eyJzdWIiOiJhZG1pbiIsImF1dGgiOiJST0xFX0FETUlOLFJPTEVfVVNFUiIsImF1dGhlbnRpY2F0ZWQiOnRydWUsImV4cCI6MTc4NjE1ODg5NX0.BPtJKkRGNJZYCdqTel8VmkjLYlencIcMSPAoDzC1tUsBRTo7oxeWCCgaVf2lTisXznnMfWVCYaaz6RjvPKAipQ:0
[ 1261459ms] [ERROR] Failed to load resource: net::ERR_CONNECTION_REFUSED @ http://localhost:3000/api/eps/stream:0
[ 1266287ms] [ERROR] Failed to load resource: net::ERR_CONNECTION_REFUSED @ http://localhost:3000/api/ha-correlated-findings/stream?token=eyJhbGciOiJIUzUxMiJ9.eyJzdWIiOiJhZG1pbiIsImF1dGgiOiJST0xFX0FETUlOLFJPTEVfVVNFUiIsImF1dGhlbnRpY2F0ZWQiOnRydWUsImV4cCI6MTc4NjE1ODg5NX0.BPtJKkRGNJZYCdqTel8VmkjLYlencIcMSPAoDzC1tUsBRTo7oxeWCCgaVf2lTisXznnMfWVCYaaz6RjvPKAipQ:0
[ 1266462ms] [ERROR] Failed to load resource: net::ERR_CONNECTION_REFUSED @ http://localhost:3000/api/eps/stream:0
[ 1271289ms] [ERROR] Failed to load resource: net::ERR_CONNECTION_REFUSED @ http://localhost:3000/api/ha-correlated-findings/stream?token=eyJhbGciOiJIUzUxMiJ9.eyJzdWIiOiJhZG1pbiIsImF1dGgiOiJST0xFX0FETUlOLFJPTEVfVVNFUiIsImF1dGhlbnRpY2F0ZWQiOnRydWUsImV4cCI6MTc4NjE1ODg5NX0.BPtJKkRGNJZYCdqTel8VmkjLYlencIcMSPAoDzC1tUsBRTo7oxeWCCgaVf2lTisXznnMfWVCYaaz6RjvPKAipQ:0
[ 1271464ms] [ERROR] Failed to load resource: net::ERR_CONNECTION_REFUSED @ http://localhost:3000/api/eps/stream:0
[ 1276292ms] [ERROR] Failed to load resource: net::ERR_CONNECTION_REFUSED @ http://localhost:3000/api/ha-correlated-findings/stream?token=eyJhbGciOiJIUzUxMiJ9.eyJzdWIiOiJhZG1pbiIsImF1dGgiOiJST0xFX0FETUlOLFJPTEVfVVNFUiIsImF1dGhlbnRpY2F0ZWQiOnRydWUsImV4cCI6MTc4NjE1ODg5NX0.BPtJKkRGNJZYCdqTel8VmkjLYlencIcMSPAoDzC1tUsBRTo7oxeWCCgaVf2lTisXznnMfWVCYaaz6RjvPKAipQ:0
[ 1276467ms] [ERROR] Failed to load resource: net::ERR_CONNECTION_REFUSED @ http://localhost:3000/api/eps/stream:0
[ 1281294ms] [ERROR] Failed to load resource: net::ERR_CONNECTION_REFUSED @ http://localhost:3000/api/ha-correlated-findings/stream?token=eyJhbGciOiJIUzUxMiJ9.eyJzdWIiOiJhZG1pbiIsImF1dGgiOiJST0xFX0FETUlOLFJPTEVfVVNFUiIsImF1dGhlbnRpY2F0ZWQiOnRydWUsImV4cCI6MTc4NjE1ODg5NX0.BPtJKkRGNJZYCdqTel8VmkjLYlencIcMSPAoDzC1tUsBRTo7oxeWCCgaVf2lTisXznnMfWVCYaaz6RjvPKAipQ:0
[ 1281470ms] [ERROR] Failed to load resource: net::ERR_CONNECTION_REFUSED @ http://localhost:3000/api/eps/stream:0
[ 1286296ms] [ERROR] Failed to load resource: net::ERR_CONNECTION_REFUSED @ http://localhost:3000/api/ha-correlated-findings/stream?token=eyJhbGciOiJIUzUxMiJ9.eyJzdWIiOiJhZG1pbiIsImF1dGgiOiJST0xFX0FETUlOLFJPTEVfVVNFUiIsImF1dGhlbnRpY2F0ZWQiOnRydWUsImV4cCI6MTc4NjE1ODg5NX0.BPtJKkRGNJZYCdqTel8VmkjLYlencIcMSPAoDzC1tUsBRTo7oxeWCCgaVf2lTisXznnMfWVCYaaz6RjvPKAipQ:0
[ 1286472ms] [ERROR] Failed to load resource: net::ERR_CONNECTION_REFUSED @ http://localhost:3000/api/eps/stream:0
[ 1290241ms] [ERROR] Failed to load resource: net::ERR_CONNECTION_REFUSED @ http://localhost:3000/api/overview/health:0
[ 1291298ms] [ERROR] Failed to load resource: net::ERR_CONNECTION_REFUSED @ http://localhost:3000/api/ha-correlated-findings/stream?token=eyJhbGciOiJIUzUxMiJ9.eyJzdWIiOiJhZG1pbiIsImF1dGgiOiJST0xFX0FETUlOLFJPTEVfVVNFUiIsImF1dGhlbnRpY2F0ZWQiOnRydWUsImV4cCI6MTc4NjE1ODg5NX0.BPtJKkRGNJZYCdqTel8VmkjLYlencIcMSPAoDzC1tUsBRTo7oxeWCCgaVf2lTisXznnMfWVCYaaz6RjvPKAipQ:0
[ 1291473ms] [ERROR] Failed to load resource: net::ERR_CONNECTION_REFUSED @ http://localhost:3000/api/eps/stream:0
[ 1296303ms] [ERROR] Failed to load resource: net::ERR_CONNECTION_REFUSED @ http://localhost:3000/api/ha-correlated-findings/stream?token=eyJhbGciOiJIUzUxMiJ9.eyJzdWIiOiJhZG1pbiIsImF1dGgiOiJST0xFX0FETUlOLFJPTEVfVVNFUiIsImF1dGhlbnRpY2F0ZWQiOnRydWUsImV4cCI6MTc4NjE1ODg5NX0.BPtJKkRGNJZYCdqTel8VmkjLYlencIcMSPAoDzC1tUsBRTo7oxeWCCgaVf2lTisXznnMfWVCYaaz6RjvPKAipQ:0
[ 1296477ms] [ERROR] Failed to load resource: net::ERR_CONNECTION_REFUSED @ http://localhost:3000/api/eps/stream:0
[ 1301305ms] [ERROR] Failed to load resource: net::ERR_CONNECTION_REFUSED @ http://localhost:3000/api/ha-correlated-findings/stream?token=eyJhbGciOiJIUzUxMiJ9.eyJzdWIiOiJhZG1pbiIsImF1dGgiOiJST0xFX0FETUlOLFJPTEVfVVNFUiIsImF1dGhlbnRpY2F0ZWQiOnRydWUsImV4cCI6MTc4NjE1ODg5NX0.BPtJKkRGNJZYCdqTel8VmkjLYlencIcMSPAoDzC1tUsBRTo7oxeWCCgaVf2lTisXznnMfWVCYaaz6RjvPKAipQ:0
[ 1301480ms] [ERROR] Failed to load resource: net::ERR_CONNECTION_REFUSED @ http://localhost:3000/api/eps/stream:0
[ 1306308ms] [ERROR] Failed to load resource: net::ERR_CONNECTION_REFUSED @ http://localhost:3000/api/ha-correlated-findings/stream?token=eyJhbGciOiJIUzUxMiJ9.eyJzdWIiOiJhZG1pbiIsImF1dGgiOiJST0xFX0FETUlOLFJPTEVfVVNFUiIsImF1dGhlbnRpY2F0ZWQiOnRydWUsImV4cCI6MTc4NjE1ODg5NX0.BPtJKkRGNJZYCdqTel8VmkjLYlencIcMSPAoDzC1tUsBRTo7oxeWCCgaVf2lTisXznnMfWVCYaaz6RjvPKAipQ:0
[ 1306481ms] [ERROR] Failed to load resource: net::ERR_CONNECTION_REFUSED @ http://localhost:3000/api/eps/stream:0
[ 1311309ms] [ERROR] Failed to load resource: net::ERR_CONNECTION_REFUSED @ http://localhost:3000/api/ha-correlated-findings/stream?token=eyJhbGciOiJIUzUxMiJ9.eyJzdWIiOiJhZG1pbiIsImF1dGgiOiJST0xFX0FETUlOLFJPTEVfVVNFUiIsImF1dGhlbnRpY2F0ZWQiOnRydWUsImV4cCI6MTc4NjE1ODg5NX0.BPtJKkRGNJZYCdqTel8VmkjLYlencIcMSPAoDzC1tUsBRTo7oxeWCCgaVf2lTisXznnMfWVCYaaz6RjvPKAipQ:0
[ 1311483ms] [ERROR] Failed to load resource: net::ERR_CONNECTION_REFUSED @ http://localhost:3000/api/eps/stream:0
[ 1316311ms] [ERROR] Failed to load resource: net::ERR_CONNECTION_REFUSED @ http://localhost:3000/api/ha-correlated-findings/stream?token=eyJhbGciOiJIUzUxMiJ9.eyJzdWIiOiJhZG1pbiIsImF1dGgiOiJST0xFX0FETUlOLFJPTEVfVVNFUiIsImF1dGhlbnRpY2F0ZWQiOnRydWUsImV4cCI6MTc4NjE1ODg5NX0.BPtJKkRGNJZYCdqTel8VmkjLYlencIcMSPAoDzC1tUsBRTo7oxeWCCgaVf2lTisXznnMfWVCYaaz6RjvPKAipQ:0
[ 1316484ms] [ERROR] Failed to load resource: net::ERR_CONNECTION_REFUSED @ http://localhost:3000/api/eps/stream:0
[ 1320241ms] [ERROR] Failed to load resource: net::ERR_CONNECTION_REFUSED @ http://localhost:3000/api/overview/health:0
[ 1321313ms] [ERROR] Failed to load resource: net::ERR_CONNECTION_REFUSED @ http://localhost:3000/api/ha-correlated-findings/stream?token=eyJhbGciOiJIUzUxMiJ9.eyJzdWIiOiJhZG1pbiIsImF1dGgiOiJST0xFX0FETUlOLFJPTEVfVVNFUiIsImF1dGhlbnRpY2F0ZWQiOnRydWUsImV4cCI6MTc4NjE1ODg5NX0.BPtJKkRGNJZYCdqTel8VmkjLYlencIcMSPAoDzC1tUsBRTo7oxeWCCgaVf2lTisXznnMfWVCYaaz6RjvPKAipQ:0
[ 1321487ms] [ERROR] Failed to load resource: net::ERR_CONNECTION_REFUSED @ http://localhost:3000/api/eps/stream:0
[ 1326316ms] [ERROR] Failed to load resource: net::ERR_CONNECTION_REFUSED @ http://localhost:3000/api/ha-correlated-findings/stream?token=eyJhbGciOiJIUzUxMiJ9.eyJzdWIiOiJhZG1pbiIsImF1dGgiOiJST0xFX0FETUlOLFJPTEVfVVNFUiIsImF1dGhlbnRpY2F0ZWQiOnRydWUsImV4cCI6MTc4NjE1ODg5NX0.BPtJKkRGNJZYCdqTel8VmkjLYlencIcMSPAoDzC1tUsBRTo7oxeWCCgaVf2lTisXznnMfWVCYaaz6RjvPKAipQ:0
[ 1326489ms] [ERROR] Failed to load resource: net::ERR_CONNECTION_REFUSED @ http://localhost:3000/api/eps/stream:0
[ 1331319ms] [ERROR] Failed to load resource: net::ERR_CONNECTION_REFUSED @ http://localhost:3000/api/ha-correlated-findings/stream?token=eyJhbGciOiJIUzUxMiJ9.eyJzdWIiOiJhZG1pbiIsImF1dGgiOiJST0xFX0FETUlOLFJPTEVfVVNFUiIsImF1dGhlbnRpY2F0ZWQiOnRydWUsImV4cCI6MTc4NjE1ODg5NX0.BPtJKkRGNJZYCdqTel8VmkjLYlencIcMSPAoDzC1tUsBRTo7oxeWCCgaVf2lTisXznnMfWVCYaaz6RjvPKAipQ:0
[ 1331492ms] [ERROR] Failed to load resource: net::ERR_CONNECTION_REFUSED @ http://localhost:3000/api/eps/stream:0
[ 1336323ms] [ERROR] Failed to load resource: net::ERR_CONNECTION_REFUSED @ http://localhost:3000/api/ha-correlated-findings/stream?token=eyJhbGciOiJIUzUxMiJ9.eyJzdWIiOiJhZG1pbiIsImF1dGgiOiJST0xFX0FETUlOLFJPTEVfVVNFUiIsImF1dGhlbnRpY2F0ZWQiOnRydWUsImV4cCI6MTc4NjE1ODg5NX0.BPtJKkRGNJZYCdqTel8VmkjLYlencIcMSPAoDzC1tUsBRTo7oxeWCCgaVf2lTisXznnMfWVCYaaz6RjvPKAipQ:0
[ 1336495ms] [ERROR] Failed to load resource: net::ERR_CONNECTION_REFUSED @ http://localhost:3000/api/eps/stream:0
[ 1341326ms] [ERROR] Failed to load resource: net::ERR_CONNECTION_REFUSED @ http://localhost:3000/api/ha-correlated-findings/stream?token=eyJhbGciOiJIUzUxMiJ9.eyJzdWIiOiJhZG1pbiIsImF1dGgiOiJST0xFX0FETUlOLFJPTEVfVVNFUiIsImF1dGhlbnRpY2F0ZWQiOnRydWUsImV4cCI6MTc4NjE1ODg5NX0.BPtJKkRGNJZYCdqTel8VmkjLYlencIcMSPAoDzC1tUsBRTo7oxeWCCgaVf2lTisXznnMfWVCYaaz6RjvPKAipQ:0
[ 1341497ms] [ERROR] Failed to load resource: net::ERR_CONNECTION_REFUSED @ http://localhost:3000/api/eps/stream:0
[ 1346328ms] [ERROR] Failed to load resource: net::ERR_CONNECTION_REFUSED @ http://localhost:3000/api/ha-correlated-findings/stream?token=eyJhbGciOiJIUzUxMiJ9.eyJzdWIiOiJhZG1pbiIsImF1dGgiOiJST0xFX0FETUlOLFJPTEVfVVNFUiIsImF1dGhlbnRpY2F0ZWQiOnRydWUsImV4cCI6MTc4NjE1ODg5NX0.BPtJKkRGNJZYCdqTel8VmkjLYlencIcMSPAoDzC1tUsBRTo7oxeWCCgaVf2lTisXznnMfWVCYaaz6RjvPKAipQ:0
[ 1346500ms] [ERROR] Failed to load resource: net::ERR_CONNECTION_REFUSED @ http://localhost:3000/api/eps/stream:0
[ 1350242ms] [ERROR] Failed to load resource: net::ERR_CONNECTION_REFUSED @ http://localhost:3000/api/overview/health:0
[ 1351331ms] [ERROR] Failed to load resource: net::ERR_CONNECTION_REFUSED @ http://localhost:3000/api/ha-correlated-findings/stream?token=eyJhbGciOiJIUzUxMiJ9.eyJzdWIiOiJhZG1pbiIsImF1dGgiOiJST0xFX0FETUlOLFJPTEVfVVNFUiIsImF1dGhlbnRpY2F0ZWQiOnRydWUsImV4cCI6MTc4NjE1ODg5NX0.BPtJKkRGNJZYCdqTel8VmkjLYlencIcMSPAoDzC1tUsBRTo7oxeWCCgaVf2lTisXznnMfWVCYaaz6RjvPKAipQ:0
[ 1351503ms] [ERROR] Failed to load resource: net::ERR_CONNECTION_REFUSED @ http://localhost:3000/api/eps/stream:0
[ 1356333ms] [ERROR] Failed to load resource: net::ERR_CONNECTION_REFUSED @ http://localhost:3000/api/ha-correlated-findings/stream?token=eyJhbGciOiJIUzUxMiJ9.eyJzdWIiOiJhZG1pbiIsImF1dGgiOiJST0xFX0FETUlOLFJPTEVfVVNFUiIsImF1dGhlbnRpY2F0ZWQiOnRydWUsImV4cCI6MTc4NjE1ODg5NX0.BPtJKkRGNJZYCdqTel8VmkjLYlencIcMSPAoDzC1tUsBRTo7oxeWCCgaVf2lTisXznnMfWVCYaaz6RjvPKAipQ:0
[ 1356506ms] [ERROR] Failed to load resource: net::ERR_CONNECTION_REFUSED @ http://localhost:3000/api/eps/stream:0
[ 1361335ms] [ERROR] Failed to load resource: net::ERR_CONNECTION_REFUSED @ http://localhost:3000/api/ha-correlated-findings/stream?token=eyJhbGciOiJIUzUxMiJ9.eyJzdWIiOiJhZG1pbiIsImF1dGgiOiJST0xFX0FETUlOLFJPTEVfVVNFUiIsImF1dGhlbnRpY2F0ZWQiOnRydWUsImV4cCI6MTc4NjE1ODg5NX0.BPtJKkRGNJZYCdqTel8VmkjLYlencIcMSPAoDzC1tUsBRTo7oxeWCCgaVf2lTisXznnMfWVCYaaz6RjvPKAipQ:0
[ 1361510ms] [ERROR] Failed to load resource: net::ERR_CONNECTION_REFUSED @ http://localhost:3000/api/eps/stream:0
[ 1366337ms] [ERROR] Failed to load resource: net::ERR_CONNECTION_REFUSED @ http://localhost:3000/api/ha-correlated-findings/stream?token=eyJhbGciOiJIUzUxMiJ9.eyJzdWIiOiJhZG1pbiIsImF1dGgiOiJST0xFX0FETUlOLFJPTEVfVVNFUiIsImF1dGhlbnRpY2F0ZWQiOnRydWUsImV4cCI6MTc4NjE1ODg5NX0.BPtJKkRGNJZYCdqTel8VmkjLYlencIcMSPAoDzC1tUsBRTo7oxeWCCgaVf2lTisXznnMfWVCYaaz6RjvPKAipQ:0
[ 1366512ms] [ERROR] Failed to load resource: net::ERR_CONNECTION_REFUSED @ http://localhost:3000/api/eps/stream:0
[ 1371339ms] [ERROR] Failed to load resource: net::ERR_CONNECTION_REFUSED @ http://localhost:3000/api/ha-correlated-findings/stream?token=eyJhbGciOiJIUzUxMiJ9.eyJzdWIiOiJhZG1pbiIsImF1dGgiOiJST0xFX0FETUlOLFJPTEVfVVNFUiIsImF1dGhlbnRpY2F0ZWQiOnRydWUsImV4cCI6MTc4NjE1ODg5NX0.BPtJKkRGNJZYCdqTel8VmkjLYlencIcMSPAoDzC1tUsBRTo7oxeWCCgaVf2lTisXznnMfWVCYaaz6RjvPKAipQ:0
[ 1371514ms] [ERROR] Failed to load resource: net::ERR_CONNECTION_REFUSED @ http://localhost:3000/api/eps/stream:0
[ 1376341ms] [ERROR] Failed to load resource: net::ERR_CONNECTION_REFUSED @ http://localhost:3000/api/ha-correlated-findings/stream?token=eyJhbGciOiJIUzUxMiJ9.eyJzdWIiOiJhZG1pbiIsImF1dGgiOiJST0xFX0FETUlOLFJPTEVfVVNFUiIsImF1dGhlbnRpY2F0ZWQiOnRydWUsImV4cCI6MTc4NjE1ODg5NX0.BPtJKkRGNJZYCdqTel8VmkjLYlencIcMSPAoDzC1tUsBRTo7oxeWCCgaVf2lTisXznnMfWVCYaaz6RjvPKAipQ:0
[ 1376516ms] [ERROR] Failed to load resource: net::ERR_CONNECTION_REFUSED @ http://localhost:3000/api/eps/stream:0
[ 1380242ms] [ERROR] Failed to load resource: net::ERR_CONNECTION_REFUSED @ http://localhost:3000/api/overview/health:0
[ 1381344ms] [ERROR] Failed to load resource: net::ERR_CONNECTION_REFUSED @ http://localhost:3000/api/ha-correlated-findings/stream?token=eyJhbGciOiJIUzUxMiJ9.eyJzdWIiOiJhZG1pbiIsImF1dGgiOiJST0xFX0FETUlOLFJPTEVfVVNFUiIsImF1dGhlbnRpY2F0ZWQiOnRydWUsImV4cCI6MTc4NjE1ODg5NX0.BPtJKkRGNJZYCdqTel8VmkjLYlencIcMSPAoDzC1tUsBRTo7oxeWCCgaVf2lTisXznnMfWVCYaaz6RjvPKAipQ:0
[ 1381518ms] [ERROR] Failed to load resource: net::ERR_CONNECTION_REFUSED @ http://localhost:3000/api/eps/stream:0
[ 1386346ms] [ERROR] Failed to load resource: net::ERR_CONNECTION_REFUSED @ http://localhost:3000/api/ha-correlated-findings/stream?token=eyJhbGciOiJIUzUxMiJ9.eyJzdWIiOiJhZG1pbiIsImF1dGgiOiJST0xFX0FETUlOLFJPTEVfVVNFUiIsImF1dGhlbnRpY2F0ZWQiOnRydWUsImV4cCI6MTc4NjE1ODg5NX0.BPtJKkRGNJZYCdqTel8VmkjLYlencIcMSPAoDzC1tUsBRTo7oxeWCCgaVf2lTisXznnMfWVCYaaz6RjvPKAipQ:0
[ 1386521ms] [ERROR] Failed to load resource: net::ERR_CONNECTION_REFUSED @ http://localhost:3000/api/eps/stream:0
[ 1391349ms] [ERROR] Failed to load resource: net::ERR_CONNECTION_REFUSED @ http://localhost:3000/api/ha-correlated-findings/stream?token=eyJhbGciOiJIUzUxMiJ9.eyJzdWIiOiJhZG1pbiIsImF1dGgiOiJST0xFX0FETUlOLFJPTEVfVVNFUiIsImF1dGhlbnRpY2F0ZWQiOnRydWUsImV4cCI6MTc4NjE1ODg5NX0.BPtJKkRGNJZYCdqTel8VmkjLYlencIcMSPAoDzC1tUsBRTo7oxeWCCgaVf2lTisXznnMfWVCYaaz6RjvPKAipQ:0
[ 1391523ms] [ERROR] Failed to load resource: net::ERR_CONNECTION_REFUSED @ http://localhost:3000/api/eps/stream:0
[ 1396353ms] [ERROR] Failed to load resource: net::ERR_CONNECTION_REFUSED @ http://localhost:3000/api/ha-correlated-findings/stream?token=eyJhbGciOiJIUzUxMiJ9.eyJzdWIiOiJhZG1pbiIsImF1dGgiOiJST0xFX0FETUlOLFJPTEVfVVNFUiIsImF1dGhlbnRpY2F0ZWQiOnRydWUsImV4cCI6MTc4NjE1ODg5NX0.BPtJKkRGNJZYCdqTel8VmkjLYlencIcMSPAoDzC1tUsBRTo7oxeWCCgaVf2lTisXznnMfWVCYaaz6RjvPKAipQ:0
[ 1396525ms] [ERROR] Failed to load resource: net::ERR_CONNECTION_REFUSED @ http://localhost:3000/api/eps/stream:0
[ 1401356ms] [ERROR] Failed to load resource: net::ERR_CONNECTION_REFUSED @ http://localhost:3000/api/ha-correlated-findings/stream?token=eyJhbGciOiJIUzUxMiJ9.eyJzdWIiOiJhZG1pbiIsImF1dGgiOiJST0xFX0FETUlOLFJPTEVfVVNFUiIsImF1dGhlbnRpY2F0ZWQiOnRydWUsImV4cCI6MTc4NjE1ODg5NX0.BPtJKkRGNJZYCdqTel8VmkjLYlencIcMSPAoDzC1tUsBRTo7oxeWCCgaVf2lTisXznnMfWVCYaaz6RjvPKAipQ:0
[ 1401528ms] [ERROR] Failed to load resource: net::ERR_CONNECTION_REFUSED @ http://localhost:3000/api/eps/stream:0
[ 1406360ms] [ERROR] Failed to load resource: net::ERR_CONNECTION_REFUSED @ http://localhost:3000/api/ha-correlated-findings/stream?token=eyJhbGciOiJIUzUxMiJ9.eyJzdWIiOiJhZG1pbiIsImF1dGgiOiJST0xFX0FETUlOLFJPTEVfVVNFUiIsImF1dGhlbnRpY2F0ZWQiOnRydWUsImV4cCI6MTc4NjE1ODg5NX0.BPtJKkRGNJZYCdqTel8VmkjLYlencIcMSPAoDzC1tUsBRTo7oxeWCCgaVf2lTisXznnMfWVCYaaz6RjvPKAipQ:0
[ 1406532ms] [ERROR] Failed to load resource: net::ERR_CONNECTION_REFUSED @ http://localhost:3000/api/eps/stream:0
[ 1410242ms] [ERROR] Failed to load resource: net::ERR_CONNECTION_REFUSED @ http://localhost:3000/api/overview/health:0
[ 1411363ms] [ERROR] Failed to load resource: net::ERR_CONNECTION_REFUSED @ http://localhost:3000/api/ha-correlated-findings/stream?token=eyJhbGciOiJIUzUxMiJ9.eyJzdWIiOiJhZG1pbiIsImF1dGgiOiJST0xFX0FETUlOLFJPTEVfVVNFUiIsImF1dGhlbnRpY2F0ZWQiOnRydWUsImV4cCI6MTc4NjE1ODg5NX0.BPtJKkRGNJZYCdqTel8VmkjLYlencIcMSPAoDzC1tUsBRTo7oxeWCCgaVf2lTisXznnMfWVCYaaz6RjvPKAipQ:0
[ 1411535ms] [ERROR] Failed to load resource: net::ERR_CONNECTION_REFUSED @ http://localhost:3000/api/eps/stream:0
[ 1416366ms] [ERROR] Failed to load resource: net::ERR_CONNECTION_REFUSED @ http://localhost:3000/api/ha-correlated-findings/stream?token=eyJhbGciOiJIUzUxMiJ9.eyJzdWIiOiJhZG1pbiIsImF1dGgiOiJST0xFX0FETUlOLFJPTEVfVVNFUiIsImF1dGhlbnRpY2F0ZWQiOnRydWUsImV4cCI6MTc4NjE1ODg5NX0.BPtJKkRGNJZYCdqTel8VmkjLYlencIcMSPAoDzC1tUsBRTo7oxeWCCgaVf2lTisXznnMfWVCYaaz6RjvPKAipQ:0
[ 1416538ms] [ERROR] Failed to load resource: net::ERR_CONNECTION_REFUSED @ http://localhost:3000/api/eps/stream:0
[ 1421369ms] [ERROR] Failed to load resource: net::ERR_CONNECTION_REFUSED @ http://localhost:3000/api/ha-correlated-findings/stream?token=eyJhbGciOiJIUzUxMiJ9.eyJzdWIiOiJhZG1pbiIsImF1dGgiOiJST0xFX0FETUlOLFJPTEVfVVNFUiIsImF1dGhlbnRpY2F0ZWQiOnRydWUsImV4cCI6MTc4NjE1ODg5NX0.BPtJKkRGNJZYCdqTel8VmkjLYlencIcMSPAoDzC1tUsBRTo7oxeWCCgaVf2lTisXznnMfWVCYaaz6RjvPKAipQ:0
[ 1421542ms] [ERROR] Failed to load resource: net::ERR_CONNECTION_REFUSED @ http://localhost:3000/api/eps/stream:0
[ 1426373ms] [ERROR] Failed to load resource: net::ERR_CONNECTION_REFUSED @ http://localhost:3000/api/ha-correlated-findings/stream?token=eyJhbGciOiJIUzUxMiJ9.eyJzdWIiOiJhZG1pbiIsImF1dGgiOiJST0xFX0FETUlOLFJPTEVfVVNFUiIsImF1dGhlbnRpY2F0ZWQiOnRydWUsImV4cCI6MTc4NjE1ODg5NX0.BPtJKkRGNJZYCdqTel8VmkjLYlencIcMSPAoDzC1tUsBRTo7oxeWCCgaVf2lTisXznnMfWVCYaaz6RjvPKAipQ:0
[ 1426545ms] [ERROR] Failed to load resource: net::ERR_CONNECTION_REFUSED @ http://localhost:3000/api/eps/stream:0
[ 1431376ms] [ERROR] Failed to load resource: net::ERR_CONNECTION_REFUSED @ http://localhost:3000/api/ha-correlated-findings/stream?token=eyJhbGciOiJIUzUxMiJ9.eyJzdWIiOiJhZG1pbiIsImF1dGgiOiJST0xFX0FETUlOLFJPTEVfVVNFUiIsImF1dGhlbnRpY2F0ZWQiOnRydWUsImV4cCI6MTc4NjE1ODg5NX0.BPtJKkRGNJZYCdqTel8VmkjLYlencIcMSPAoDzC1tUsBRTo7oxeWCCgaVf2lTisXznnMfWVCYaaz6RjvPKAipQ:0
[ 1431549ms] [ERROR] Failed to load resource: net::ERR_CONNECTION_REFUSED @ http://localhost:3000/api/eps/stream:0
[ 1436379ms] [ERROR] Failed to load resource: net::ERR_CONNECTION_REFUSED @ http://localhost:3000/api/ha-correlated-findings/stream?token=eyJhbGciOiJIUzUxMiJ9.eyJzdWIiOiJhZG1pbiIsImF1dGgiOiJST0xFX0FETUlOLFJPTEVfVVNFUiIsImF1dGhlbnRpY2F0ZWQiOnRydWUsImV4cCI6MTc4NjE1ODg5NX0.BPtJKkRGNJZYCdqTel8VmkjLYlencIcMSPAoDzC1tUsBRTo7oxeWCCgaVf2lTisXznnMfWVCYaaz6RjvPKAipQ:0
[ 1436552ms] [ERROR] Failed to load resource: net::ERR_CONNECTION_REFUSED @ http://localhost:3000/api/eps/stream:0
[ 1440242ms] [ERROR] Failed to load resource: net::ERR_CONNECTION_REFUSED @ http://localhost:3000/api/overview/health:0
[ 1441383ms] [ERROR] Failed to load resource: net::ERR_CONNECTION_REFUSED @ http://localhost:3000/api/ha-correlated-findings/stream?token=eyJhbGciOiJIUzUxMiJ9.eyJzdWIiOiJhZG1pbiIsImF1dGgiOiJST0xFX0FETUlOLFJPTEVfVVNFUiIsImF1dGhlbnRpY2F0ZWQiOnRydWUsImV4cCI6MTc4NjE1ODg5NX0.BPtJKkRGNJZYCdqTel8VmkjLYlencIcMSPAoDzC1tUsBRTo7oxeWCCgaVf2lTisXznnMfWVCYaaz6RjvPKAipQ:0
[ 1441555ms] [ERROR] Failed to load resource: net::ERR_CONNECTION_REFUSED @ http://localhost:3000/api/eps/stream:0
[ 1446386ms] [ERROR] Failed to load resource: net::ERR_CONNECTION_REFUSED @ http://localhost:3000/api/ha-correlated-findings/stream?token=eyJhbGciOiJIUzUxMiJ9.eyJzdWIiOiJhZG1pbiIsImF1dGgiOiJST0xFX0FETUlOLFJPTEVfVVNFUiIsImF1dGhlbnRpY2F0ZWQiOnRydWUsImV4cCI6MTc4NjE1ODg5NX0.BPtJKkRGNJZYCdqTel8VmkjLYlencIcMSPAoDzC1tUsBRTo7oxeWCCgaVf2lTisXznnMfWVCYaaz6RjvPKAipQ:0
[ 1446559ms] [ERROR] Failed to load resource: net::ERR_CONNECTION_REFUSED @ http://localhost:3000/api/eps/stream:0
[ 1451390ms] [ERROR] Failed to load resource: net::ERR_CONNECTION_REFUSED @ http://localhost:3000/api/ha-correlated-findings/stream?token=eyJhbGciOiJIUzUxMiJ9.eyJzdWIiOiJhZG1pbiIsImF1dGgiOiJST0xFX0FETUlOLFJPTEVfVVNFUiIsImF1dGhlbnRpY2F0ZWQiOnRydWUsImV4cCI6MTc4NjE1ODg5NX0.BPtJKkRGNJZYCdqTel8VmkjLYlencIcMSPAoDzC1tUsBRTo7oxeWCCgaVf2lTisXznnMfWVCYaaz6RjvPKAipQ:0
[ 1451563ms] [ERROR] Failed to load resource: net::ERR_CONNECTION_REFUSED @ http://localhost:3000/api/eps/stream:0
[ 1456395ms] [ERROR] Failed to load resource: net::ERR_CONNECTION_REFUSED @ http://localhost:3000/api/ha-correlated-findings/stream?token=eyJhbGciOiJIUzUxMiJ9.eyJzdWIiOiJhZG1pbiIsImF1dGgiOiJST0xFX0FETUlOLFJPTEVfVVNFUiIsImF1dGhlbnRpY2F0ZWQiOnRydWUsImV4cCI6MTc4NjE1ODg5NX0.BPtJKkRGNJZYCdqTel8VmkjLYlencIcMSPAoDzC1tUsBRTo7oxeWCCgaVf2lTisXznnMfWVCYaaz6RjvPKAipQ:0
[ 1456567ms] [ERROR] Failed to load resource: net::ERR_CONNECTION_REFUSED @ http://localhost:3000/api/eps/stream:0
[ 1461397ms] [ERROR] Failed to load resource: net::ERR_CONNECTION_REFUSED @ http://localhost:3000/api/ha-correlated-findings/stream?token=eyJhbGciOiJIUzUxMiJ9.eyJzdWIiOiJhZG1pbiIsImF1dGgiOiJST0xFX0FETUlOLFJPTEVfVVNFUiIsImF1dGhlbnRpY2F0ZWQiOnRydWUsImV4cCI6MTc4NjE1ODg5NX0.BPtJKkRGNJZYCdqTel8VmkjLYlencIcMSPAoDzC1tUsBRTo7oxeWCCgaVf2lTisXznnMfWVCYaaz6RjvPKAipQ:0
[ 1461569ms] [ERROR] Failed to load resource: net::ERR_CONNECTION_REFUSED @ http://localhost:3000/api/eps/stream:0
[ 1466401ms] [ERROR] Failed to load resource: net::ERR_CONNECTION_REFUSED @ http://localhost:3000/api/ha-correlated-findings/stream?token=eyJhbGciOiJIUzUxMiJ9.eyJzdWIiOiJhZG1pbiIsImF1dGgiOiJST0xFX0FETUlOLFJPTEVfVVNFUiIsImF1dGhlbnRpY2F0ZWQiOnRydWUsImV4cCI6MTc4NjE1ODg5NX0.BPtJKkRGNJZYCdqTel8VmkjLYlencIcMSPAoDzC1tUsBRTo7oxeWCCgaVf2lTisXznnMfWVCYaaz6RjvPKAipQ:0
[ 1466572ms] [ERROR] Failed to load resource: net::ERR_CONNECTION_REFUSED @ http://localhost:3000/api/eps/stream:0
[ 1470241ms] [ERROR] Failed to load resource: net::ERR_CONNECTION_REFUSED @ http://localhost:3000/api/overview/health:0
[ 1473193ms] [INFO] %cDownload the React DevTools for a better development experience: https://reactjs.org/link/react-devtools font-weight:bold @ http://localhost:3000/node_modules/.vite/deps/react-dom-BEjadErz.js?v=d60f55b8:17230
[ 1473320ms] [ERROR] Failed to load resource: the server responded with a status of 500 (Internal Server Error) @ http://localhost:3000/api/overview/health:0
[ 1473327ms] [ERROR] Failed to load resource: the server responded with a status of 500 (Internal Server Error) @ http://localhost:3000/api/overview/health:0
