[     125ms] [INFO] %cDownload the React DevTools for a better development experience: https://reactjs.org/link/react-devtools font-weight:bold @ http://localhost:3000/node_modules/.vite/deps/react-dom-BEjadErz.js?v=d7848635:17230
[     187ms] [ERROR] Failed to load resource: the server responded with a status of 500 (Internal Server Error) @ http://localhost:3000/api/overview/health:0
[     257ms] [ERROR] Failed to load resource: the server responded with a status of 500 (Internal Server Error) @ http://localhost:3000/api/overview/health:0
[   30186ms] [ERROR] Failed to load resource: the server responded with a status of 500 (Internal Server Error) @ http://localhost:3000/api/overview/health:0
[   60178ms] [ERROR] Failed to load resource: the server responded with a status of 500 (Internal Server Error) @ http://localhost:3000/api/overview/health:0
[   90188ms] [ERROR] Failed to load resource: the server responded with a status of 500 (Internal Server Error) @ http://localhost:3000/api/overview/health:0
[  120188ms] [ERROR] Failed to load resource: the server responded with a status of 500 (Internal Server Error) @ http://localhost:3000/api/overview/health:0
[  150183ms] [ERROR] Failed to load resource: the server responded with a status of 500 (Internal Server Error) @ http://localhost:3000/api/overview/health:0
[  180184ms] [ERROR] Failed to load resource: the server responded with a status of 500 (Internal Server Error) @ http://localhost:3000/api/overview/health:0
[  210180ms] [ERROR] Failed to load resource: the server responded with a status of 500 (Internal Server Error) @ http://localhost:3000/api/overview/health:0
[  240189ms] [ERROR] Failed to load resource: the server responded with a status of 500 (Internal Server Error) @ http://localhost:3000/api/overview/health:0
[  270189ms] [ERROR] Failed to load resource: the server responded with a status of 500 (Internal Server Error) @ http://localhost:3000/api/overview/health:0
[  300189ms] [ERROR] Failed to load resource: the server responded with a status of 500 (Internal Server Error) @ http://localhost:3000/api/overview/health:0
[  330182ms] [ERROR] Failed to load resource: the server responded with a status of 500 (Internal Server Error) @ http://localhost:3000/api/overview/health:0
[  360184ms] [ERROR] Failed to load resource: the server responded with a status of 500 (Internal Server Error) @ http://localhost:3000/api/overview/health:0
[  390184ms] [ERROR] Failed to load resource: the server responded with a status of 500 (Internal Server Error) @ http://localhost:3000/api/overview/health:0
[  420190ms] [ERROR] Failed to load resource: the server responded with a status of 500 (Internal Server Error) @ http://localhost:3000/api/overview/health:0
[  450183ms] [ERROR] Failed to load resource: the server responded with a status of 500 (Internal Server Error) @ http://localhost:3000/api/overview/health:0
[  480191ms] [ERROR] Failed to load resource: the server responded with a status of 500 (Internal Server Error) @ http://localhost:3000/api/overview/health:0
[  510184ms] [ERROR] Failed to load resource: the server responded with a status of 500 (Internal Server Error) @ http://localhost:3000/api/overview/health:0
[  540187ms] [ERROR] Failed to load resource: the server responded with a status of 500 (Internal Server Error) @ http://localhost:3000/api/overview/health:0
[  570183ms] [ERROR] Failed to load resource: the server responded with a status of 500 (Internal Server Error) @ http://localhost:3000/api/overview/health:0
[  600190ms] [ERROR] Failed to load resource: the server responded with a status of 500 (Internal Server Error) @ http://localhost:3000/api/overview/health:0
[  630185ms] [ERROR] Failed to load resource: the server responded with a status of 500 (Internal Server Error) @ http://localhost:3000/api/overview/health:0
[  660190ms] [ERROR] Failed to load resource: the server responded with a status of 500 (Internal Server Error) @ http://localhost:3000/api/overview/health:0
[  690186ms] [ERROR] Failed to load resource: the server responded with a status of 500 (Internal Server Error) @ http://localhost:3000/api/overview/health:0
[  720188ms] [ERROR] Failed to load resource: the server responded with a status of 500 (Internal Server Error) @ http://localhost:3000/api/overview/health:0
[  750187ms] [ERROR] Failed to load resource: the server responded with a status of 500 (Internal Server Error) @ http://localhost:3000/api/overview/health:0
[  780187ms] [ERROR] Failed to load resource: the server responded with a status of 500 (Internal Server Error) @ http://localhost:3000/api/overview/health:0
[  810186ms] [ERROR] Failed to load resource: the server responded with a status of 500 (Internal Server Error) @ http://localhost:3000/api/overview/health:0
[  840188ms] [ERROR] Failed to load resource: the server responded with a status of 500 (Internal Server Error) @ http://localhost:3000/api/overview/health:0
[  870184ms] [ERROR] Failed to load resource: the server responded with a status of 500 (Internal Server Error) @ http://localhost:3000/api/overview/health:0
[  900186ms] [ERROR] Failed to load resource: the server responded with a status of 500 (Internal Server Error) @ http://localhost:3000/api/overview/health:0
[  930183ms] [ERROR] Failed to load resource: the server responded with a status of 500 (Internal Server Error) @ http://localhost:3000/api/overview/health:0
[  960186ms] [ERROR] Failed to load resource: the server responded with a status of 500 (Internal Server Error) @ http://localhost:3000/api/overview/health:0
[  990189ms] [ERROR] Failed to load resource: the server responded with a status of 500 (Internal Server Error) @ http://localhost:3000/api/overview/health:0
[ 1020188ms] [ERROR] Failed to load resource: the server responded with a status of 500 (Internal Server Error) @ http://localhost:3000/api/overview/health:0
[ 1050186ms] [ERROR] Failed to load resource: the server responded with a status of 500 (Internal Server Error) @ http://localhost:3000/api/overview/health:0
[ 1080188ms] [ERROR] Failed to load resource: the server responded with a status of 500 (Internal Server Error) @ http://localhost:3000/api/overview/health:0
[ 1110179ms] [ERROR] Failed to load resource: the server responded with a status of 500 (Internal Server Error) @ http://localhost:3000/api/overview/health:0
[ 1140191ms] [ERROR] Failed to load resource: the server responded with a status of 500 (Internal Server Error) @ http://localhost:3000/api/overview/health:0
[ 1170183ms] [ERROR] Failed to load resource: the server responded with a status of 500 (Internal Server Error) @ http://localhost:3000/api/overview/health:0
[ 1200188ms] [ERROR] Failed to load resource: the server responded with a status of 500 (Internal Server Error) @ http://localhost:3000/api/overview/health:0
[ 1230186ms] [ERROR] Failed to load resource: the server responded with a status of 500 (Internal Server Error) @ http://localhost:3000/api/overview/health:0
[ 1260188ms] [ERROR] Failed to load resource: the server responded with a status of 500 (Internal Server Error) @ http://localhost:3000/api/overview/health:0
[ 1290182ms] [ERROR] Failed to load resource: the server responded with a status of 500 (Internal Server Error) @ http://localhost:3000/api/overview/health:0
[ 1320184ms] [ERROR] Failed to load resource: the server responded with a status of 500 (Internal Server Error) @ http://localhost:3000/api/overview/health:0
[ 1350181ms] [ERROR] Failed to load resource: the server responded with a status of 500 (Internal Server Error) @ http://localhost:3000/api/overview/health:0
[ 1380191ms] [ERROR] Failed to load resource: the server responded with a status of 500 (Internal Server Error) @ http://localhost:3000/api/overview/health:0
[ 1410189ms] [ERROR] Failed to load resource: the server responded with a status of 500 (Internal Server Error) @ http://localhost:3000/api/overview/health:0
[ 1440187ms] [ERROR] Failed to load resource: the server responded with a status of 500 (Internal Server Error) @ http://localhost:3000/api/overview/health:0
[ 1470188ms] [ERROR] Failed to load resource: the server responded with a status of 500 (Internal Server Error) @ http://localhost:3000/api/overview/health:0
[ 1500190ms] [ERROR] Failed to load resource: the server responded with a status of 500 (Internal Server Error) @ http://localhost:3000/api/overview/health:0
[ 1530192ms] [ERROR] Failed to load resource: the server responded with a status of 500 (Internal Server Error) @ http://localhost:3000/api/overview/health:0
[ 1560187ms] [ERROR] Failed to load resource: the server responded with a status of 500 (Internal Server Error) @ http://localhost:3000/api/overview/health:0
[ 1590187ms] [ERROR] Failed to load resource: the server responded with a status of 500 (Internal Server Error) @ http://localhost:3000/api/overview/health:0
[ 1620185ms] [ERROR] Failed to load resource: the server responded with a status of 500 (Internal Server Error) @ http://localhost:3000/api/overview/health:0
[ 1650184ms] [ERROR] Failed to load resource: the server responded with a status of 500 (Internal Server Error) @ http://localhost:3000/api/overview/health:0
[ 1680193ms] [ERROR] Failed to load resource: the server responded with a status of 500 (Internal Server Error) @ http://localhost:3000/api/overview/health:0
[ 1710193ms] [ERROR] Failed to load resource: the server responded with a status of 500 (Internal Server Error) @ http://localhost:3000/api/overview/health:0
[ 1740189ms] [ERROR] Failed to load resource: the server responded with a status of 500 (Internal Server Error) @ http://localhost:3000/api/overview/health:0
[ 1770186ms] [ERROR] Failed to load resource: the server responded with a status of 500 (Internal Server Error) @ http://localhost:3000/api/overview/health:0
[ 1800189ms] [ERROR] Failed to load resource: the server responded with a status of 500 (Internal Server Error) @ http://localhost:3000/api/overview/health:0
[ 1830187ms] [ERROR] Failed to load resource: the server responded with a status of 500 (Internal Server Error) @ http://localhost:3000/api/overview/health:0
[ 1860187ms] [ERROR] Failed to load resource: the server responded with a status of 500 (Internal Server Error) @ http://localhost:3000/api/overview/health:0
[ 1890192ms] [ERROR] Failed to load resource: the server responded with a status of 500 (Internal Server Error) @ http://localhost:3000/api/overview/health:0
[ 1920187ms] [ERROR] Failed to load resource: the server responded with a status of 500 (Internal Server Error) @ http://localhost:3000/api/overview/health:0
[ 1950178ms] [ERROR] Failed to load resource: the server responded with a status of 500 (Internal Server Error) @ http://localhost:3000/api/overview/health:0
[ 1980179ms] [ERROR] Failed to load resource: the server responded with a status of 500 (Internal Server Error) @ http://localhost:3000/api/overview/health:0
[ 2010176ms] [ERROR] Failed to load resource: the server responded with a status of 500 (Internal Server Error) @ http://localhost:3000/api/overview/health:0
[ 2040176ms] [ERROR] Failed to load resource: the server responded with a status of 500 (Internal Server Error) @ http://localhost:3000/api/overview/health:0
[ 2070191ms] [ERROR] Failed to load resource: the server responded with a status of 500 (Internal Server Error) @ http://localhost:3000/api/overview/health:0
[ 2100187ms] [ERROR] Failed to load resource: the server responded with a status of 500 (Internal Server Error) @ http://localhost:3000/api/overview/health:0
[ 2130189ms] [ERROR] Failed to load resource: the server responded with a status of 500 (Internal Server Error) @ http://localhost:3000/api/overview/health:0
[ 2160188ms] [ERROR] Failed to load resource: the server responded with a status of 500 (Internal Server Error) @ http://localhost:3000/api/overview/health:0
[ 2190191ms] [ERROR] Failed to load resource: the server responded with a status of 500 (Internal Server Error) @ http://localhost:3000/api/overview/health:0
[ 2220182ms] [ERROR] Failed to load resource: the server responded with a status of 500 (Internal Server Error) @ http://localhost:3000/api/overview/health:0
[ 2250182ms] [ERROR] Failed to load resource: the server responded with a status of 500 (Internal Server Error) @ http://localhost:3000/api/overview/health:0
[ 2280180ms] [ERROR] Failed to load resource: the server responded with a status of 500 (Internal Server Error) @ http://localhost:3000/api/overview/health:0
[ 2310186ms] [ERROR] Failed to load resource: the server responded with a status of 500 (Internal Server Error) @ http://localhost:3000/api/overview/health:0
[ 2340183ms] [ERROR] Failed to load resource: the server responded with a status of 500 (Internal Server Error) @ http://localhost:3000/api/overview/health:0
[ 2370192ms] [ERROR] Failed to load resource: the server responded with a status of 500 (Internal Server Error) @ http://localhost:3000/api/overview/health:0
[ 2400189ms] [ERROR] Failed to load resource: the server responded with a status of 500 (Internal Server Error) @ http://localhost:3000/api/overview/health:0
[ 2430185ms] [ERROR] Failed to load resource: the server responded with a status of 500 (Internal Server Error) @ http://localhost:3000/api/overview/health:0
[ 2460185ms] [ERROR] Failed to load resource: the server responded with a status of 500 (Internal Server Error) @ http://localhost:3000/api/overview/health:0
[ 2490191ms] [ERROR] Failed to load resource: the server responded with a status of 500 (Internal Server Error) @ http://localhost:3000/api/overview/health:0
[ 2520187ms] [ERROR] Failed to load resource: the server responded with a status of 500 (Internal Server Error) @ http://localhost:3000/api/overview/health:0
[ 2550173ms] [ERROR] Failed to load resource: the server responded with a status of 500 (Internal Server Error) @ http://localhost:3000/api/overview/health:0
[ 2580183ms] [ERROR] Failed to load resource: the server responded with a status of 500 (Internal Server Error) @ http://localhost:3000/api/overview/health:0
[ 2610191ms] [ERROR] Failed to load resource: the server responded with a status of 500 (Internal Server Error) @ http://localhost:3000/api/overview/health:0
[ 2640184ms] [ERROR] Failed to load resource: the server responded with a status of 500 (Internal Server Error) @ http://localhost:3000/api/overview/health:0
[ 2670187ms] [ERROR] Failed to load resource: the server responded with a status of 500 (Internal Server Error) @ http://localhost:3000/api/overview/health:0
[ 2697228ms] Error: Objects are not valid as a React child (found: object with keys {ip}). If you meant to render a collection of children, use an array instead.
    at throwOnInvalidObjectType (http://localhost:3000/node_modules/.vite/deps/react-dom-BEjadErz.js?v=d7848635:8427:10)
    at reconcileChildFibers (http://localhost:3000/node_modules/.vite/deps/react-dom-BEjadErz.js?v=d7848635:8888:6)
    at reconcileChildren (http://localhost:3000/node_modules/.vite/deps/react-dom-BEjadErz.js?v=d7848635:11924:49)
    at updateHostComponent (http://localhost:3000/node_modules/.vite/deps/react-dom-BEjadErz.js?v=d7848635:12287:4)
    at beginWork (http://localhost:3000/node_modules/.vite/deps/react-dom-BEjadErz.js?v=d7848635:13102:32)
    at HTMLUnknownElement.callCallback (http://localhost:3000/node_modules/.vite/deps/react-dom-BEjadErz.js?v=d7848635:3142:11)
    at Object.invokeGuardedCallbackDev (http://localhost:3000/node_modules/.vite/deps/react-dom-BEjadErz.js?v=d7848635:3162:14)
    at invokeGuardedCallback (http://localhost:3000/node_modules/.vite/deps/react-dom-BEjadErz.js?v=d7848635:3201:32)
    at beginWork$1 (http://localhost:3000/node_modules/.vite/deps/react-dom-BEjadErz.js?v=d7848635:15990:5)
    at performUnitOfWork (http://localhost:3000/node_modules/.vite/deps/react-dom-BEjadErz.js?v=d7848635:15568:12)
[ 2697230ms] Error: Objects are not valid as a React child (found: object with keys {name}). If you meant to render a collection of children, use an array instead.
    at throwOnInvalidObjectType (http://localhost:3000/node_modules/.vite/deps/react-dom-BEjadErz.js?v=d7848635:8427:10)
    at reconcileChildFibers (http://localhost:3000/node_modules/.vite/deps/react-dom-BEjadErz.js?v=d7848635:8888:6)
    at reconcileChildren (http://localhost:3000/node_modules/.vite/deps/react-dom-BEjadErz.js?v=d7848635:11924:49)
    at updateHostComponent (http://localhost:3000/node_modules/.vite/deps/react-dom-BEjadErz.js?v=d7848635:12287:4)
    at beginWork (http://localhost:3000/node_modules/.vite/deps/react-dom-BEjadErz.js?v=d7848635:13102:32)
    at HTMLUnknownElement.callCallback (http://localhost:3000/node_modules/.vite/deps/react-dom-BEjadErz.js?v=d7848635:3142:11)
    at Object.invokeGuardedCallbackDev (http://localhost:3000/node_modules/.vite/deps/react-dom-BEjadErz.js?v=d7848635:3162:14)
    at invokeGuardedCallback (http://localhost:3000/node_modules/.vite/deps/react-dom-BEjadErz.js?v=d7848635:3201:32)
    at beginWork$1 (http://localhost:3000/node_modules/.vite/deps/react-dom-BEjadErz.js?v=d7848635:15990:5)
    at performUnitOfWork (http://localhost:3000/node_modules/.vite/deps/react-dom-BEjadErz.js?v=d7848635:15568:12)
[ 2697231ms] [ERROR] Error handled by React Router default ErrorBoundary: Error: Objects are not valid as a React child (found: object with keys {name}). If you meant to render a collection of children, use an array instead.
    at throwOnInvalidObjectType (http://localhost:3000/node_modules/.vite/deps/react-dom-BEjadErz.js?v=d7848635:8427:10)
    at reconcileChildFibers (http://localhost:3000/node_modules/.vite/deps/react-dom-BEjadErz.js?v=d7848635:8888:6)
    at reconcileChildren (http://localhost:3000/node_modules/.vite/deps/react-dom-BEjadErz.js?v=d7848635:11924:49)
    at updateHostComponent (http://localhost:3000/node_modules/.vite/deps/react-dom-BEjadErz.js?v=d7848635:12287:4)
    at beginWork (http://localhost:3000/node_modules/.vite/deps/react-dom-BEjadErz.js?v=d7848635:13102:32)
    at beginWork$1 (http://localhost:3000/node_modules/.vite/deps/react-dom-BEjadErz.js?v=d7848635:15982:12)
    at performUnitOfWork (http://localhost:3000/node_modules/.vite/deps/react-dom-BEjadErz.js?v=d7848635:15568:12)
    at workLoopSync (http://localhost:3000/node_modules/.vite/deps/react-dom-BEjadErz.js?v=d7848635:15517:36)
    at renderRootSync (http://localhost:3000/node_modules/.vite/deps/react-dom-BEjadErz.js?v=d7848635:15500:6)
    at performSyncWorkOnRoot (http://localhost:3000/node_modules/.vite/deps/react-dom-BEjadErz.js?v=d7848635:15299:21) @ http://localhost:3000/node_modules/.vite/deps/react-router-dom.js?v=0309025e:3780
[ 2697231ms] [ERROR] Error handled by React Router default ErrorBoundary: Error: Objects are not valid as a React child (found: object with keys {name}). If you meant to render a collection of children, use an array instead.
    at throwOnInvalidObjectType (http://localhost:3000/node_modules/.vite/deps/react-dom-BEjadErz.js?v=d7848635:8427:10)
    at reconcileChildFibers (http://localhost:3000/node_modules/.vite/deps/react-dom-BEjadErz.js?v=d7848635:8888:6)
    at reconcileChildren (http://localhost:3000/node_modules/.vite/deps/react-dom-BEjadErz.js?v=d7848635:11924:49)
    at updateHostComponent (http://localhost:3000/node_modules/.vite/deps/react-dom-BEjadErz.js?v=d7848635:12287:4)
    at beginWork (http://localhost:3000/node_modules/.vite/deps/react-dom-BEjadErz.js?v=d7848635:13102:32)
    at beginWork$1 (http://localhost:3000/node_modules/.vite/deps/react-dom-BEjadErz.js?v=d7848635:15982:12)
    at performUnitOfWork (http://localhost:3000/node_modules/.vite/deps/react-dom-BEjadErz.js?v=d7848635:15568:12)
    at workLoopSync (http://localhost:3000/node_modules/.vite/deps/react-dom-BEjadErz.js?v=d7848635:15517:36)
    at renderRootSync (http://localhost:3000/node_modules/.vite/deps/react-dom-BEjadErz.js?v=d7848635:15500:6)
    at performSyncWorkOnRoot (http://localhost:3000/node_modules/.vite/deps/react-dom-BEjadErz.js?v=d7848635:15299:21) @ http://localhost:3000/node_modules/.vite/deps/react-router-dom.js?v=0309025e:3780
[ 2697232ms] Error: Objects are not valid as a React child (found: object with keys {ip}). If you meant to render a collection of children, use an array instead.
    at throwOnInvalidObjectType (http://localhost:3000/node_modules/.vite/deps/react-dom-BEjadErz.js?v=d7848635:8427:10)
    at reconcileChildFibers (http://localhost:3000/node_modules/.vite/deps/react-dom-BEjadErz.js?v=d7848635:8888:6)
    at reconcileChildren (http://localhost:3000/node_modules/.vite/deps/react-dom-BEjadErz.js?v=d7848635:11924:49)
    at updateHostComponent (http://localhost:3000/node_modules/.vite/deps/react-dom-BEjadErz.js?v=d7848635:12287:4)
    at beginWork (http://localhost:3000/node_modules/.vite/deps/react-dom-BEjadErz.js?v=d7848635:13102:32)
    at HTMLUnknownElement.callCallback (http://localhost:3000/node_modules/.vite/deps/react-dom-BEjadErz.js?v=d7848635:3142:11)
    at Object.invokeGuardedCallbackDev (http://localhost:3000/node_modules/.vite/deps/react-dom-BEjadErz.js?v=d7848635:3162:14)
    at invokeGuardedCallback (http://localhost:3000/node_modules/.vite/deps/react-dom-BEjadErz.js?v=d7848635:3201:32)
    at beginWork$1 (http://localhost:3000/node_modules/.vite/deps/react-dom-BEjadErz.js?v=d7848635:15990:5)
    at performUnitOfWork (http://localhost:3000/node_modules/.vite/deps/react-dom-BEjadErz.js?v=d7848635:15568:12)
[ 2697233ms] Error: Objects are not valid as a React child (found: object with keys {name}). If you meant to render a collection of children, use an array instead.
    at throwOnInvalidObjectType (http://localhost:3000/node_modules/.vite/deps/react-dom-BEjadErz.js?v=d7848635:8427:10)
    at reconcileChildFibers (http://localhost:3000/node_modules/.vite/deps/react-dom-BEjadErz.js?v=d7848635:8888:6)
    at reconcileChildren (http://localhost:3000/node_modules/.vite/deps/react-dom-BEjadErz.js?v=d7848635:11924:49)
    at updateHostComponent (http://localhost:3000/node_modules/.vite/deps/react-dom-BEjadErz.js?v=d7848635:12287:4)
    at beginWork (http://localhost:3000/node_modules/.vite/deps/react-dom-BEjadErz.js?v=d7848635:13102:32)
    at HTMLUnknownElement.callCallback (http://localhost:3000/node_modules/.vite/deps/react-dom-BEjadErz.js?v=d7848635:3142:11)
    at Object.invokeGuardedCallbackDev (http://localhost:3000/node_modules/.vite/deps/react-dom-BEjadErz.js?v=d7848635:3162:14)
    at invokeGuardedCallback (http://localhost:3000/node_modules/.vite/deps/react-dom-BEjadErz.js?v=d7848635:3201:32)
    at beginWork$1 (http://localhost:3000/node_modules/.vite/deps/react-dom-BEjadErz.js?v=d7848635:15990:5)
    at performUnitOfWork (http://localhost:3000/node_modules/.vite/deps/react-dom-BEjadErz.js?v=d7848635:15568:12)
[ 2697234ms] [ERROR] Error handled by React Router default ErrorBoundary: Error: Objects are not valid as a React child (found: object with keys {name}). If you meant to render a collection of children, use an array instead.
    at throwOnInvalidObjectType (http://localhost:3000/node_modules/.vite/deps/react-dom-BEjadErz.js?v=d7848635:8427:10)
    at reconcileChildFibers (http://localhost:3000/node_modules/.vite/deps/react-dom-BEjadErz.js?v=d7848635:8888:6)
    at reconcileChildren (http://localhost:3000/node_modules/.vite/deps/react-dom-BEjadErz.js?v=d7848635:11924:49)
    at updateHostComponent (http://localhost:3000/node_modules/.vite/deps/react-dom-BEjadErz.js?v=d7848635:12287:4)
    at beginWork (http://localhost:3000/node_modules/.vite/deps/react-dom-BEjadErz.js?v=d7848635:13102:32)
    at beginWork$1 (http://localhost:3000/node_modules/.vite/deps/react-dom-BEjadErz.js?v=d7848635:15982:12)
    at performUnitOfWork (http://localhost:3000/node_modules/.vite/deps/react-dom-BEjadErz.js?v=d7848635:15568:12)
    at workLoopSync (http://localhost:3000/node_modules/.vite/deps/react-dom-BEjadErz.js?v=d7848635:15517:36)
    at renderRootSync (http://localhost:3000/node_modules/.vite/deps/react-dom-BEjadErz.js?v=d7848635:15500:6)
    at recoverFromConcurrentError (http://localhost:3000/node_modules/.vite/deps/react-dom-BEjadErz.js?v=d7848635:15193:21) @ http://localhost:3000/node_modules/.vite/deps/react-router-dom.js?v=0309025e:3780
[ 2697234ms] [ERROR] Error handled by React Router default ErrorBoundary: Error: Objects are not valid as a React child (found: object with keys {name}). If you meant to render a collection of children, use an array instead.
    at throwOnInvalidObjectType (http://localhost:3000/node_modules/.vite/deps/react-dom-BEjadErz.js?v=d7848635:8427:10)
    at reconcileChildFibers (http://localhost:3000/node_modules/.vite/deps/react-dom-BEjadErz.js?v=d7848635:8888:6)
    at reconcileChildren (http://localhost:3000/node_modules/.vite/deps/react-dom-BEjadErz.js?v=d7848635:11924:49)
    at updateHostComponent (http://localhost:3000/node_modules/.vite/deps/react-dom-BEjadErz.js?v=d7848635:12287:4)
    at beginWork (http://localhost:3000/node_modules/.vite/deps/react-dom-BEjadErz.js?v=d7848635:13102:32)
    at beginWork$1 (http://localhost:3000/node_modules/.vite/deps/react-dom-BEjadErz.js?v=d7848635:15982:12)
    at performUnitOfWork (http://localhost:3000/node_modules/.vite/deps/react-dom-BEjadErz.js?v=d7848635:15568:12)
    at workLoopSync (http://localhost:3000/node_modules/.vite/deps/react-dom-BEjadErz.js?v=d7848635:15517:36)
    at renderRootSync (http://localhost:3000/node_modules/.vite/deps/react-dom-BEjadErz.js?v=d7848635:15500:6)
    at recoverFromConcurrentError (http://localhost:3000/node_modules/.vite/deps/react-dom-BEjadErz.js?v=d7848635:15193:21) @ http://localhost:3000/node_modules/.vite/deps/react-router-dom.js?v=0309025e:3780
[ 2697247ms] [ERROR] The above error occurred in the <code> component:

    at code
    at dd
    at div
    at dl
    at section
    at div
    at EvidenceView (http://localhost:3000/src/pages/alerts/AlertDetailDrawer.tsx:497:25)
    at div
    at aside
    at AlertDetailDrawer (http://localhost:3000/src/pages/alerts/AlertDetailDrawer.tsx:1003:37)
    at section
    at div
    at AlertsListPage (http://localhost:3000/src/pages/alerts/AlertsListPage.tsx?t=1785918461578:539:19)
    at AuthGuard (http://localhost:3000/src/router/AuthGuard.tsx:20:29)
    at RenderedRoute (http://localhost:3000/node_modules/.vite/deps/react-router-dom.js?v=0309025e:3821:10)
    at Outlet (http://localhost:3000/node_modules/.vite/deps/react-router-dom.js?v=0309025e:4229:27)
    at Suspense
    at main
    at div
    at AppLayout (http://localhost:3000/src/router/AppLayout.tsx?t=1785846203117:22:24)
    at RenderedRoute (http://localhost:3000/node_modules/.vite/deps/react-router-dom.js?v=0309025e:3821:10)
    at RenderErrorBoundary (http://localhost:3000/node_modules/.vite/deps/react-router-dom.js?v=0309025e:3788:5)
    at DataRoutes (http://localhost:3000/node_modules/.vite/deps/react-router-dom.js?v=0309025e:5096:10)
    at Router (http://localhost:3000/node_modules/.vite/deps/react-router-dom.js?v=0309025e:4249:20)
    at RouterProvider (http://localhost:3000/node_modules/.vite/deps/react-router-dom.js?v=0309025e:4929:10)
    at Suspense
    at AppInner (http://localhost:3000/src/App.tsx?t=1785918461578:18:30)
    at QueryClientProvider (http://localhost:3000/node_modules/.vite/deps/@tanstack_react-query.js?v=ee613ef6:2995:31)
    at App

React will try to recreate this component tree from scratch using the error boundary you provided, RenderErrorBoundary. @ http://localhost:3000/node_modules/.vite/deps/react-dom-BEjadErz.js?v=d7848635:11718
[ 2697247ms] [ERROR] React Router caught the following error during render Error: Objects are not valid as a React child (found: object with keys {ip}). If you meant to render a collection of children, use an array instead.
    at throwOnInvalidObjectType (http://localhost:3000/node_modules/.vite/deps/react-dom-BEjadErz.js?v=d7848635:8427:10)
    at reconcileChildFibers (http://localhost:3000/node_modules/.vite/deps/react-dom-BEjadErz.js?v=d7848635:8888:6)
    at reconcileChildren (http://localhost:3000/node_modules/.vite/deps/react-dom-BEjadErz.js?v=d7848635:11924:49)
    at updateHostComponent (http://localhost:3000/node_modules/.vite/deps/react-dom-BEjadErz.js?v=d7848635:12287:4)
    at beginWork (http://localhost:3000/node_modules/.vite/deps/react-dom-BEjadErz.js?v=d7848635:13102:32)
    at beginWork$1 (http://localhost:3000/node_modules/.vite/deps/react-dom-BEjadErz.js?v=d7848635:15982:12)
    at performUnitOfWork (http://localhost:3000/node_modules/.vite/deps/react-dom-BEjadErz.js?v=d7848635:15568:12)
    at workLoopSync (http://localhost:3000/node_modules/.vite/deps/react-dom-BEjadErz.js?v=d7848635:15517:36)
    at renderRootSync (http://localhost:3000/node_modules/.vite/deps/react-dom-BEjadErz.js?v=d7848635:15500:6)
    at recoverFromConcurrentError (http://localhost:3000/node_modules/.vite/deps/react-dom-BEjadErz.js?v=d7848635:15193:21) {componentStack: 
    at code
    at dd
    at div
    at dl
    at…ack_react-query.js?v=ee613ef6:2995:31)
    at App} @ http://localhost:3000/node_modules/.vite/deps/react-router-dom.js?v=0309025e:3810
[ 2697247ms] [ERROR] The above error occurred in the <code> component:

    at code
    at dd
    at div
    at dl
    at section
    at div
    at EvidenceView (http://localhost:3000/src/pages/alerts/AlertDetailDrawer.tsx:497:25)
    at div
    at aside
    at AlertDetailDrawer (http://localhost:3000/src/pages/alerts/AlertDetailDrawer.tsx:1003:37)
    at section
    at div
    at AlertsListPage (http://localhost:3000/src/pages/alerts/AlertsListPage.tsx?t=1785918461578:539:19)
    at AuthGuard (http://localhost:3000/src/router/AuthGuard.tsx:20:29)
    at RenderedRoute (http://localhost:3000/node_modules/.vite/deps/react-router-dom.js?v=0309025e:3821:10)
    at Outlet (http://localhost:3000/node_modules/.vite/deps/react-router-dom.js?v=0309025e:4229:27)
    at Suspense
    at main
    at div
    at AppLayout (http://localhost:3000/src/router/AppLayout.tsx?t=1785846203117:22:24)
    at RenderedRoute (http://localhost:3000/node_modules/.vite/deps/react-router-dom.js?v=0309025e:3821:10)
    at RenderErrorBoundary (http://localhost:3000/node_modules/.vite/deps/react-router-dom.js?v=0309025e:3788:5)
    at DataRoutes (http://localhost:3000/node_modules/.vite/deps/react-router-dom.js?v=0309025e:5096:10)
    at Router (http://localhost:3000/node_modules/.vite/deps/react-router-dom.js?v=0309025e:4249:20)
    at RouterProvider (http://localhost:3000/node_modules/.vite/deps/react-router-dom.js?v=0309025e:4929:10)
    at Suspense
    at AppInner (http://localhost:3000/src/App.tsx?t=1785918461578:18:30)
    at QueryClientProvider (http://localhost:3000/node_modules/.vite/deps/@tanstack_react-query.js?v=ee613ef6:2995:31)
    at App

React will try to recreate this component tree from scratch using the error boundary you provided, RenderErrorBoundary. @ http://localhost:3000/node_modules/.vite/deps/react-dom-BEjadErz.js?v=d7848635:11718
[ 2697247ms] [ERROR] React Router caught the following error during render Error: Objects are not valid as a React child (found: object with keys {name}). If you meant to render a collection of children, use an array instead.
    at throwOnInvalidObjectType (http://localhost:3000/node_modules/.vite/deps/react-dom-BEjadErz.js?v=d7848635:8427:10)
    at reconcileChildFibers (http://localhost:3000/node_modules/.vite/deps/react-dom-BEjadErz.js?v=d7848635:8888:6)
    at reconcileChildren (http://localhost:3000/node_modules/.vite/deps/react-dom-BEjadErz.js?v=d7848635:11924:49)
    at updateHostComponent (http://localhost:3000/node_modules/.vite/deps/react-dom-BEjadErz.js?v=d7848635:12287:4)
    at beginWork (http://localhost:3000/node_modules/.vite/deps/react-dom-BEjadErz.js?v=d7848635:13102:32)
    at beginWork$1 (http://localhost:3000/node_modules/.vite/deps/react-dom-BEjadErz.js?v=d7848635:15982:12)
    at performUnitOfWork (http://localhost:3000/node_modules/.vite/deps/react-dom-BEjadErz.js?v=d7848635:15568:12)
    at workLoopSync (http://localhost:3000/node_modules/.vite/deps/react-dom-BEjadErz.js?v=d7848635:15517:36)
    at renderRootSync (http://localhost:3000/node_modules/.vite/deps/react-dom-BEjadErz.js?v=d7848635:15500:6)
    at recoverFromConcurrentError (http://localhost:3000/node_modules/.vite/deps/react-dom-BEjadErz.js?v=d7848635:15193:21) {componentStack: 
    at code
    at dd
    at div
    at dl
    at…ack_react-query.js?v=ee613ef6:2995:31)
    at App} @ http://localhost:3000/node_modules/.vite/deps/react-router-dom.js?v=0309025e:3810
[ 2699532ms] [ERROR] Failed to load resource: the server responded with a status of 500 (Internal Server Error) @ http://localhost:3000/api/overview/health:0
[ 2699536ms] [ERROR] Failed to load resource: the server responded with a status of 500 (Internal Server Error) @ http://localhost:3000/api/overview/health:0
[ 2729500ms] [ERROR] Failed to load resource: the server responded with a status of 500 (Internal Server Error) @ http://localhost:3000/api/overview/health:0
[ 2759501ms] [ERROR] Failed to load resource: the server responded with a status of 500 (Internal Server Error) @ http://localhost:3000/api/overview/health:0
[ 2789501ms] [ERROR] Failed to load resource: the server responded with a status of 500 (Internal Server Error) @ http://localhost:3000/api/overview/health:0
[ 2819501ms] [ERROR] Failed to load resource: the server responded with a status of 500 (Internal Server Error) @ http://localhost:3000/api/overview/health:0
[ 2849513ms] [ERROR] Failed to load resource: the server responded with a status of 500 (Internal Server Error) @ http://localhost:3000/api/overview/health:0
[ 2879494ms] [ERROR] Failed to load resource: the server responded with a status of 500 (Internal Server Error) @ http://localhost:3000/api/overview/health:0
[ 2909496ms] [ERROR] Failed to load resource: the server responded with a status of 500 (Internal Server Error) @ http://localhost:3000/api/overview/health:0
[ 2939503ms] [ERROR] Failed to load resource: the server responded with a status of 500 (Internal Server Error) @ http://localhost:3000/api/overview/health:0
[ 2969502ms] [ERROR] Failed to load resource: the server responded with a status of 500 (Internal Server Error) @ http://localhost:3000/api/overview/health:0
[ 2999503ms] [ERROR] Failed to load resource: the server responded with a status of 500 (Internal Server Error) @ http://localhost:3000/api/overview/health:0
[ 3029498ms] [ERROR] Failed to load resource: the server responded with a status of 500 (Internal Server Error) @ http://localhost:3000/api/overview/health:0
[ 3059503ms] [ERROR] Failed to load resource: the server responded with a status of 500 (Internal Server Error) @ http://localhost:3000/api/overview/health:0
[ 3089500ms] [ERROR] Failed to load resource: the server responded with a status of 500 (Internal Server Error) @ http://localhost:3000/api/overview/health:0
[ 3119502ms] [ERROR] Failed to load resource: the server responded with a status of 500 (Internal Server Error) @ http://localhost:3000/api/overview/health:0
[ 3149500ms] [ERROR] Failed to load resource: the server responded with a status of 500 (Internal Server Error) @ http://localhost:3000/api/overview/health:0
[ 3179498ms] [ERROR] Failed to load resource: the server responded with a status of 500 (Internal Server Error) @ http://localhost:3000/api/overview/health:0
[ 3209496ms] [ERROR] Failed to load resource: the server responded with a status of 500 (Internal Server Error) @ http://localhost:3000/api/overview/health:0
[ 3239495ms] [ERROR] Failed to load resource: the server responded with a status of 500 (Internal Server Error) @ http://localhost:3000/api/overview/health:0
[ 3269498ms] [ERROR] Failed to load resource: the server responded with a status of 500 (Internal Server Error) @ http://localhost:3000/api/overview/health:0
[ 3299496ms] [ERROR] Failed to load resource: the server responded with a status of 500 (Internal Server Error) @ http://localhost:3000/api/overview/health:0
[ 3329498ms] [ERROR] Failed to load resource: the server responded with a status of 500 (Internal Server Error) @ http://localhost:3000/api/overview/health:0
[ 3359495ms] [ERROR] Failed to load resource: the server responded with a status of 500 (Internal Server Error) @ http://localhost:3000/api/overview/health:0
[ 3389500ms] [ERROR] Failed to load resource: the server responded with a status of 500 (Internal Server Error) @ http://localhost:3000/api/overview/health:0
[ 3419498ms] [ERROR] Failed to load resource: the server responded with a status of 500 (Internal Server Error) @ http://localhost:3000/api/overview/health:0
[ 3449499ms] [ERROR] Failed to load resource: the server responded with a status of 500 (Internal Server Error) @ http://localhost:3000/api/overview/health:0
[ 3479498ms] [ERROR] Failed to load resource: the server responded with a status of 500 (Internal Server Error) @ http://localhost:3000/api/overview/health:0
[ 3509496ms] [ERROR] Failed to load resource: the server responded with a status of 500 (Internal Server Error) @ http://localhost:3000/api/overview/health:0
[ 3539498ms] [ERROR] Failed to load resource: the server responded with a status of 500 (Internal Server Error) @ http://localhost:3000/api/overview/health:0
[ 3569490ms] [ERROR] Failed to load resource: the server responded with a status of 500 (Internal Server Error) @ http://localhost:3000/api/overview/health:0
[ 3599503ms] [ERROR] Failed to load resource: the server responded with a status of 500 (Internal Server Error) @ http://localhost:3000/api/overview/health:0
[ 3629506ms] [ERROR] Failed to load resource: the server responded with a status of 500 (Internal Server Error) @ http://localhost:3000/api/overview/health:0
[ 3659503ms] [ERROR] Failed to load resource: the server responded with a status of 500 (Internal Server Error) @ http://localhost:3000/api/overview/health:0
[ 3689491ms] [ERROR] Failed to load resource: the server responded with a status of 500 (Internal Server Error) @ http://localhost:3000/api/overview/health:0
[ 3719502ms] [ERROR] Failed to load resource: the server responded with a status of 500 (Internal Server Error) @ http://localhost:3000/api/overview/health:0
[ 3749501ms] [ERROR] Failed to load resource: the server responded with a status of 500 (Internal Server Error) @ http://localhost:3000/api/overview/health:0
[ 3779496ms] [ERROR] Failed to load resource: the server responded with a status of 500 (Internal Server Error) @ http://localhost:3000/api/overview/health:0
[ 3809489ms] [ERROR] Failed to load resource: the server responded with a status of 500 (Internal Server Error) @ http://localhost:3000/api/overview/health:0
[ 3839497ms] [ERROR] Failed to load resource: the server responded with a status of 500 (Internal Server Error) @ http://localhost:3000/api/overview/health:0
[ 3869498ms] [ERROR] Failed to load resource: the server responded with a status of 500 (Internal Server Error) @ http://localhost:3000/api/overview/health:0
[ 3899501ms] [ERROR] Failed to load resource: the server responded with a status of 500 (Internal Server Error) @ http://localhost:3000/api/overview/health:0
[ 3929493ms] [ERROR] Failed to load resource: the server responded with a status of 500 (Internal Server Error) @ http://localhost:3000/api/overview/health:0
[ 3959500ms] [ERROR] Failed to load resource: the server responded with a status of 500 (Internal Server Error) @ http://localhost:3000/api/overview/health:0
[ 3989498ms] [ERROR] Failed to load resource: the server responded with a status of 500 (Internal Server Error) @ http://localhost:3000/api/overview/health:0
[ 4019500ms] [ERROR] Failed to load resource: the server responded with a status of 500 (Internal Server Error) @ http://localhost:3000/api/overview/health:0
[ 4049503ms] [ERROR] Failed to load resource: the server responded with a status of 500 (Internal Server Error) @ http://localhost:3000/api/overview/health:0
[ 4079501ms] [ERROR] Failed to load resource: the server responded with a status of 500 (Internal Server Error) @ http://localhost:3000/api/overview/health:0
[ 4109495ms] [ERROR] Failed to load resource: the server responded with a status of 500 (Internal Server Error) @ http://localhost:3000/api/overview/health:0
[ 4139471ms] [ERROR] Failed to load resource: the server responded with a status of 500 (Internal Server Error) @ http://localhost:3000/api/overview/health:0
[ 4169459ms] [ERROR] Failed to load resource: the server responded with a status of 500 (Internal Server Error) @ http://localhost:3000/api/overview/health:0
[ 4199456ms] [ERROR] Failed to load resource: the server responded with a status of 500 (Internal Server Error) @ http://localhost:3000/api/overview/health:0
[ 4229456ms] [ERROR] Failed to load resource: the server responded with a status of 500 (Internal Server Error) @ http://localhost:3000/api/overview/health:0
[ 4259459ms] [ERROR] Failed to load resource: the server responded with a status of 500 (Internal Server Error) @ http://localhost:3000/api/overview/health:0
[ 4289457ms] [ERROR] Failed to load resource: the server responded with a status of 500 (Internal Server Error) @ http://localhost:3000/api/overview/health:0
[ 4319457ms] [ERROR] Failed to load resource: the server responded with a status of 500 (Internal Server Error) @ http://localhost:3000/api/overview/health:0
[ 4349459ms] [ERROR] Failed to load resource: the server responded with a status of 500 (Internal Server Error) @ http://localhost:3000/api/overview/health:0
[ 4379456ms] [ERROR] Failed to load resource: the server responded with a status of 500 (Internal Server Error) @ http://localhost:3000/api/overview/health:0
[ 4409464ms] [ERROR] Failed to load resource: the server responded with a status of 500 (Internal Server Error) @ http://localhost:3000/api/overview/health:0
[ 4439456ms] [ERROR] Failed to load resource: the server responded with a status of 500 (Internal Server Error) @ http://localhost:3000/api/overview/health:0
[ 4469456ms] [ERROR] Failed to load resource: the server responded with a status of 500 (Internal Server Error) @ http://localhost:3000/api/overview/health:0
[ 4499455ms] [ERROR] Failed to load resource: the server responded with a status of 500 (Internal Server Error) @ http://localhost:3000/api/overview/health:0
[ 4529473ms] [ERROR] Failed to load resource: the server responded with a status of 500 (Internal Server Error) @ http://localhost:3000/api/overview/health:0
[ 4559462ms] [ERROR] Failed to load resource: the server responded with a status of 500 (Internal Server Error) @ http://localhost:3000/api/overview/health:0
[ 4589462ms] [ERROR] Failed to load resource: the server responded with a status of 500 (Internal Server Error) @ http://localhost:3000/api/overview/health:0
[ 4619453ms] [ERROR] Failed to load resource: the server responded with a status of 500 (Internal Server Error) @ http://localhost:3000/api/overview/health:0
[ 4649462ms] [ERROR] Failed to load resource: the server responded with a status of 500 (Internal Server Error) @ http://localhost:3000/api/overview/health:0
[ 4679459ms] [ERROR] Failed to load resource: the server responded with a status of 500 (Internal Server Error) @ http://localhost:3000/api/overview/health:0
[ 4709451ms] [ERROR] Failed to load resource: the server responded with a status of 500 (Internal Server Error) @ http://localhost:3000/api/overview/health:0
[ 4739461ms] [ERROR] Failed to load resource: the server responded with a status of 500 (Internal Server Error) @ http://localhost:3000/api/overview/health:0
[ 4769457ms] [ERROR] Failed to load resource: the server responded with a status of 500 (Internal Server Error) @ http://localhost:3000/api/overview/health:0
[ 4799462ms] [ERROR] Failed to load resource: the server responded with a status of 500 (Internal Server Error) @ http://localhost:3000/api/overview/health:0
[ 4829456ms] [ERROR] Failed to load resource: the server responded with a status of 500 (Internal Server Error) @ http://localhost:3000/api/overview/health:0
[ 4859448ms] [ERROR] Failed to load resource: the server responded with a status of 500 (Internal Server Error) @ http://localhost:3000/api/overview/health:0
[ 4889461ms] [ERROR] Failed to load resource: the server responded with a status of 500 (Internal Server Error) @ http://localhost:3000/api/overview/health:0
[ 4919456ms] [ERROR] Failed to load resource: the server responded with a status of 500 (Internal Server Error) @ http://localhost:3000/api/overview/health:0
[ 4949457ms] [ERROR] Failed to load resource: the server responded with a status of 500 (Internal Server Error) @ http://localhost:3000/api/overview/health:0
[ 4979455ms] [ERROR] Failed to load resource: the server responded with a status of 500 (Internal Server Error) @ http://localhost:3000/api/overview/health:0
[ 5009460ms] [ERROR] Failed to load resource: the server responded with a status of 500 (Internal Server Error) @ http://localhost:3000/api/overview/health:0
[ 5039459ms] [ERROR] Failed to load resource: the server responded with a status of 500 (Internal Server Error) @ http://localhost:3000/api/overview/health:0
[ 5069465ms] [ERROR] Failed to load resource: the server responded with a status of 500 (Internal Server Error) @ http://localhost:3000/api/overview/health:0
[ 5099456ms] [ERROR] Failed to load resource: the server responded with a status of 500 (Internal Server Error) @ http://localhost:3000/api/overview/health:0
[ 5129456ms] [ERROR] Failed to load resource: the server responded with a status of 500 (Internal Server Error) @ http://localhost:3000/api/overview/health:0
[ 5159458ms] [ERROR] Failed to load resource: the server responded with a status of 500 (Internal Server Error) @ http://localhost:3000/api/overview/health:0
[ 5189456ms] [ERROR] Failed to load resource: the server responded with a status of 500 (Internal Server Error) @ http://localhost:3000/api/overview/health:0
[ 5219456ms] [ERROR] Failed to load resource: the server responded with a status of 500 (Internal Server Error) @ http://localhost:3000/api/overview/health:0
[ 5249455ms] [ERROR] Failed to load resource: the server responded with a status of 500 (Internal Server Error) @ http://localhost:3000/api/overview/health:0
[ 5279460ms] [ERROR] Failed to load resource: the server responded with a status of 500 (Internal Server Error) @ http://localhost:3000/api/overview/health:0
[ 5309453ms] [ERROR] Failed to load resource: the server responded with a status of 500 (Internal Server Error) @ http://localhost:3000/api/overview/health:0
[ 5339458ms] [ERROR] Failed to load resource: the server responded with a status of 500 (Internal Server Error) @ http://localhost:3000/api/overview/health:0
[ 5369456ms] [ERROR] Failed to load resource: the server responded with a status of 500 (Internal Server Error) @ http://localhost:3000/api/overview/health:0
[ 5399456ms] [ERROR] Failed to load resource: the server responded with a status of 500 (Internal Server Error) @ http://localhost:3000/api/overview/health:0
[ 5429450ms] [ERROR] Failed to load resource: the server responded with a status of 500 (Internal Server Error) @ http://localhost:3000/api/overview/health:0
[ 5459452ms] [ERROR] Failed to load resource: the server responded with a status of 500 (Internal Server Error) @ http://localhost:3000/api/overview/health:0
[ 5489457ms] [ERROR] Failed to load resource: the server responded with a status of 500 (Internal Server Error) @ http://localhost:3000/api/overview/health:0
[ 5519456ms] [ERROR] Failed to load resource: the server responded with a status of 500 (Internal Server Error) @ http://localhost:3000/api/overview/health:0
[ 5549447ms] [ERROR] Failed to load resource: the server responded with a status of 500 (Internal Server Error) @ http://localhost:3000/api/overview/health:0
[ 5579448ms] [ERROR] Failed to load resource: the server responded with a status of 500 (Internal Server Error) @ http://localhost:3000/api/overview/health:0
[ 5609445ms] [ERROR] Failed to load resource: the server responded with a status of 500 (Internal Server Error) @ http://localhost:3000/api/overview/health:0
[ 5639452ms] [ERROR] Failed to load resource: the server responded with a status of 500 (Internal Server Error) @ http://localhost:3000/api/overview/health:0
[ 5669453ms] [ERROR] Failed to load resource: the server responded with a status of 500 (Internal Server Error) @ http://localhost:3000/api/overview/health:0
[ 5699449ms] [ERROR] Failed to load resource: the server responded with a status of 500 (Internal Server Error) @ http://localhost:3000/api/overview/health:0
[ 5729449ms] [ERROR] Failed to load resource: the server responded with a status of 500 (Internal Server Error) @ http://localhost:3000/api/overview/health:0
[ 5759452ms] [ERROR] Failed to load resource: the server responded with a status of 500 (Internal Server Error) @ http://localhost:3000/api/overview/health:0
[ 5789455ms] [ERROR] Failed to load resource: the server responded with a status of 500 (Internal Server Error) @ http://localhost:3000/api/overview/health:0
[ 5819451ms] [ERROR] Failed to load resource: the server responded with a status of 500 (Internal Server Error) @ http://localhost:3000/api/overview/health:0
[ 5849449ms] [ERROR] Failed to load resource: the server responded with a status of 500 (Internal Server Error) @ http://localhost:3000/api/overview/health:0
[ 5879459ms] [ERROR] Failed to load resource: the server responded with a status of 500 (Internal Server Error) @ http://localhost:3000/api/overview/health:0
[ 5909451ms] [ERROR] Failed to load resource: the server responded with a status of 500 (Internal Server Error) @ http://localhost:3000/api/overview/health:0
[ 5939452ms] [ERROR] Failed to load resource: the server responded with a status of 500 (Internal Server Error) @ http://localhost:3000/api/overview/health:0
[ 5969449ms] [ERROR] Failed to load resource: the server responded with a status of 500 (Internal Server Error) @ http://localhost:3000/api/overview/health:0
[ 5999453ms] [ERROR] Failed to load resource: the server responded with a status of 500 (Internal Server Error) @ http://localhost:3000/api/overview/health:0
[ 6029450ms] [ERROR] Failed to load resource: the server responded with a status of 500 (Internal Server Error) @ http://localhost:3000/api/overview/health:0
[ 6059454ms] [ERROR] Failed to load resource: the server responded with a status of 500 (Internal Server Error) @ http://localhost:3000/api/overview/health:0
[ 6089458ms] [ERROR] Failed to load resource: the server responded with a status of 500 (Internal Server Error) @ http://localhost:3000/api/overview/health:0
[ 6119463ms] [ERROR] Failed to load resource: the server responded with a status of 500 (Internal Server Error) @ http://localhost:3000/api/overview/health:0
[ 6149459ms] [ERROR] Failed to load resource: the server responded with a status of 500 (Internal Server Error) @ http://localhost:3000/api/overview/health:0
[ 6179453ms] [ERROR] Failed to load resource: the server responded with a status of 500 (Internal Server Error) @ http://localhost:3000/api/overview/health:0
[ 6209487ms] [ERROR] Failed to load resource: the server responded with a status of 500 (Internal Server Error) @ http://localhost:3000/api/overview/health:0
[ 6239460ms] [ERROR] Failed to load resource: the server responded with a status of 500 (Internal Server Error) @ http://localhost:3000/api/overview/health:0
[ 6269466ms] [ERROR] Failed to load resource: the server responded with a status of 500 (Internal Server Error) @ http://localhost:3000/api/overview/health:0
[ 6299487ms] [ERROR] Failed to load resource: the server responded with a status of 500 (Internal Server Error) @ http://localhost:3000/api/overview/health:0
[ 6329456ms] [ERROR] Failed to load resource: the server responded with a status of 500 (Internal Server Error) @ http://localhost:3000/api/overview/health:0
[ 6359456ms] [ERROR] Failed to load resource: the server responded with a status of 500 (Internal Server Error) @ http://localhost:3000/api/overview/health:0
[ 6389459ms] [ERROR] Failed to load resource: the server responded with a status of 500 (Internal Server Error) @ http://localhost:3000/api/overview/health:0
[ 6419455ms] [ERROR] Failed to load resource: the server responded with a status of 500 (Internal Server Error) @ http://localhost:3000/api/overview/health:0
[ 6449467ms] [ERROR] Failed to load resource: the server responded with a status of 500 (Internal Server Error) @ http://localhost:3000/api/overview/health:0
[ 6479463ms] [ERROR] Failed to load resource: the server responded with a status of 500 (Internal Server Error) @ http://localhost:3000/api/overview/health:0
[ 6509450ms] [ERROR] Failed to load resource: the server responded with a status of 500 (Internal Server Error) @ http://localhost:3000/api/overview/health:0
[ 6539459ms] [ERROR] Failed to load resource: the server responded with a status of 500 (Internal Server Error) @ http://localhost:3000/api/overview/health:0
[ 6569459ms] [ERROR] Failed to load resource: the server responded with a status of 500 (Internal Server Error) @ http://localhost:3000/api/overview/health:0
[ 6599462ms] [ERROR] Failed to load resource: the server responded with a status of 500 (Internal Server Error) @ http://localhost:3000/api/overview/health:0
[ 6629457ms] [ERROR] Failed to load resource: the server responded with a status of 500 (Internal Server Error) @ http://localhost:3000/api/overview/health:0
[ 6659454ms] [ERROR] Failed to load resource: the server responded with a status of 500 (Internal Server Error) @ http://localhost:3000/api/overview/health:0
[ 6671982ms] [INFO] %cDownload the React DevTools for a better development experience: https://reactjs.org/link/react-devtools font-weight:bold @ http://localhost:3000/node_modules/.vite/deps/react-dom-BEjadErz.js?v=d7848635:17230
[ 6672109ms] [ERROR] Failed to load resource: the server responded with a status of 500 (Internal Server Error) @ http://localhost:3000/api/overview/health:0
[ 6672124ms] [ERROR] Failed to load resource: the server responded with a status of 500 (Internal Server Error) @ http://localhost:3000/api/overview/health:0
[ 6672219ms] [ERROR] Failed to load resource: the server responded with a status of 500 (Internal Server Error) @ http://localhost:3000/api/ha-alerts?page=0&size=100&sort=-%40timestamp%2Cid&order=desc&status=active:0
[ 6702105ms] [ERROR] Failed to load resource: the server responded with a status of 500 (Internal Server Error) @ http://localhost:3000/api/overview/health:0
[ 6732106ms] [ERROR] Failed to load resource: the server responded with a status of 500 (Internal Server Error) @ http://localhost:3000/api/overview/health:0
[ 6762115ms] [ERROR] Failed to load resource: the server responded with a status of 500 (Internal Server Error) @ http://localhost:3000/api/overview/health:0
[ 6785831ms] [INFO] %cDownload the React DevTools for a better development experience: https://reactjs.org/link/react-devtools font-weight:bold @ http://localhost:3000/node_modules/.vite/deps/react-dom-BEjadErz.js?v=d7848635:17230
[ 6785899ms] [ERROR] Failed to load resource: the server responded with a status of 500 (Internal Server Error) @ http://localhost:3000/api/overview/health:0
[ 6785956ms] [ERROR] Failed to load resource: the server responded with a status of 500 (Internal Server Error) @ http://localhost:3000/api/overview/health:0
[ 6785979ms] [ERROR] Failed to load resource: the server responded with a status of 500 (Internal Server Error) @ http://localhost:3000/api/ha-alerts?page=0&size=100&sort=-%40timestamp%2Cid&order=desc&status=active:0
[ 6793440ms] [INFO] %cDownload the React DevTools for a better development experience: https://reactjs.org/link/react-devtools font-weight:bold @ http://localhost:3000/node_modules/.vite/deps/react-dom-BEjadErz.js?v=d7848635:17230
[ 6793486ms] [ERROR] Failed to load resource: the server responded with a status of 500 (Internal Server Error) @ http://localhost:3000/api/overview/health:0
[ 6793541ms] [ERROR] Failed to load resource: the server responded with a status of 500 (Internal Server Error) @ http://localhost:3000/api/overview/health:0
[ 6793566ms] [ERROR] Failed to load resource: the server responded with a status of 500 (Internal Server Error) @ http://localhost:3000/api/ha-alerts?page=0&size=100&sort=-%40timestamp%2Cid&order=desc&status=active:0
[ 6823499ms] [ERROR] Failed to load resource: the server responded with a status of 500 (Internal Server Error) @ http://localhost:3000/api/overview/health:0
[ 6853496ms] [ERROR] Failed to load resource: the server responded with a status of 500 (Internal Server Error) @ http://localhost:3000/api/overview/health:0
[ 6883496ms] [ERROR] Failed to load resource: the server responded with a status of 500 (Internal Server Error) @ http://localhost:3000/api/overview/health:0
[ 6913495ms] [ERROR] Failed to load resource: the server responded with a status of 500 (Internal Server Error) @ http://localhost:3000/api/overview/health:0
[ 6943499ms] [ERROR] Failed to load resource: the server responded with a status of 500 (Internal Server Error) @ http://localhost:3000/api/overview/health:0
[ 6973498ms] [ERROR] Failed to load resource: the server responded with a status of 500 (Internal Server Error) @ http://localhost:3000/api/overview/health:0
[ 7003490ms] [ERROR] Failed to load resource: the server responded with a status of 500 (Internal Server Error) @ http://localhost:3000/api/overview/health:0
[ 7033503ms] [ERROR] Failed to load resource: the server responded with a status of 500 (Internal Server Error) @ http://localhost:3000/api/overview/health:0
[ 7063505ms] [ERROR] Failed to load resource: the server responded with a status of 500 (Internal Server Error) @ http://localhost:3000/api/overview/health:0
[ 7093499ms] [ERROR] Failed to load resource: the server responded with a status of 500 (Internal Server Error) @ http://localhost:3000/api/overview/health:0
[ 7123501ms] [ERROR] Failed to load resource: the server responded with a status of 500 (Internal Server Error) @ http://localhost:3000/api/overview/health:0
[ 7153499ms] [ERROR] Failed to load resource: the server responded with a status of 500 (Internal Server Error) @ http://localhost:3000/api/overview/health:0
[ 7183496ms] [ERROR] Failed to load resource: the server responded with a status of 500 (Internal Server Error) @ http://localhost:3000/api/overview/health:0
[ 7213498ms] [ERROR] Failed to load resource: the server responded with a status of 500 (Internal Server Error) @ http://localhost:3000/api/overview/health:0
[ 7243522ms] [ERROR] Failed to load resource: the server responded with a status of 500 (Internal Server Error) @ http://localhost:3000/api/overview/health:0
[ 7273503ms] [ERROR] Failed to load resource: the server responded with a status of 500 (Internal Server Error) @ http://localhost:3000/api/overview/health:0
[ 7303506ms] [ERROR] Failed to load resource: the server responded with a status of 500 (Internal Server Error) @ http://localhost:3000/api/overview/health:0
[ 7333496ms] [ERROR] Failed to load resource: the server responded with a status of 500 (Internal Server Error) @ http://localhost:3000/api/overview/health:0
[ 7363501ms] [ERROR] Failed to load resource: the server responded with a status of 500 (Internal Server Error) @ http://localhost:3000/api/overview/health:0
[ 7393496ms] [ERROR] Failed to load resource: the server responded with a status of 500 (Internal Server Error) @ http://localhost:3000/api/overview/health:0
[ 7423494ms] [ERROR] Failed to load resource: the server responded with a status of 500 (Internal Server Error) @ http://localhost:3000/api/overview/health:0
[ 7453525ms] [ERROR] Failed to load resource: the server responded with a status of 500 (Internal Server Error) @ http://localhost:3000/api/overview/health:0
[ 7483509ms] [ERROR] Failed to load resource: the server responded with a status of 500 (Internal Server Error) @ http://localhost:3000/api/overview/health:0
[ 7513497ms] [ERROR] Failed to load resource: the server responded with a status of 500 (Internal Server Error) @ http://localhost:3000/api/overview/health:0
[ 7543499ms] [ERROR] Failed to load resource: the server responded with a status of 500 (Internal Server Error) @ http://localhost:3000/api/overview/health:0
[ 7573509ms] [ERROR] Failed to load resource: the server responded with a status of 500 (Internal Server Error) @ http://localhost:3000/api/overview/health:0
[ 7603500ms] [ERROR] Failed to load resource: the server responded with a status of 500 (Internal Server Error) @ http://localhost:3000/api/overview/health:0
[ 7633521ms] [ERROR] Failed to load resource: the server responded with a status of 500 (Internal Server Error) @ http://localhost:3000/api/overview/health:0
[ 7663519ms] [ERROR] Failed to load resource: the server responded with a status of 500 (Internal Server Error) @ http://localhost:3000/api/overview/health:0
[ 7693498ms] [ERROR] Failed to load resource: the server responded with a status of 500 (Internal Server Error) @ http://localhost:3000/api/overview/health:0
[ 7723503ms] [ERROR] Failed to load resource: the server responded with a status of 500 (Internal Server Error) @ http://localhost:3000/api/overview/health:0
[ 7753496ms] [ERROR] Failed to load resource: the server responded with a status of 500 (Internal Server Error) @ http://localhost:3000/api/overview/health:0
[ 7783494ms] [ERROR] Failed to load resource: the server responded with a status of 500 (Internal Server Error) @ http://localhost:3000/api/overview/health:0
[ 7813498ms] [ERROR] Failed to load resource: the server responded with a status of 500 (Internal Server Error) @ http://localhost:3000/api/overview/health:0
[ 7843495ms] [ERROR] Failed to load resource: the server responded with a status of 500 (Internal Server Error) @ http://localhost:3000/api/overview/health:0
[ 7873502ms] [ERROR] Failed to load resource: the server responded with a status of 500 (Internal Server Error) @ http://localhost:3000/api/overview/health:0
[ 7903502ms] [ERROR] Failed to load resource: the server responded with a status of 500 (Internal Server Error) @ http://localhost:3000/api/overview/health:0
[ 7933498ms] [ERROR] Failed to load resource: the server responded with a status of 500 (Internal Server Error) @ http://localhost:3000/api/overview/health:0
[ 7963513ms] [ERROR] Failed to load resource: the server responded with a status of 500 (Internal Server Error) @ http://localhost:3000/api/overview/health:0
[ 7993505ms] [ERROR] Failed to load resource: the server responded with a status of 500 (Internal Server Error) @ http://localhost:3000/api/overview/health:0
[ 8023506ms] [ERROR] Failed to load resource: the server responded with a status of 500 (Internal Server Error) @ http://localhost:3000/api/overview/health:0
[ 8053505ms] [ERROR] Failed to load resource: the server responded with a status of 500 (Internal Server Error) @ http://localhost:3000/api/overview/health:0
[ 8083506ms] [ERROR] Failed to load resource: the server responded with a status of 500 (Internal Server Error) @ http://localhost:3000/api/overview/health:0
[ 8113493ms] [ERROR] Failed to load resource: the server responded with a status of 500 (Internal Server Error) @ http://localhost:3000/api/overview/health:0
[ 8143508ms] [ERROR] Failed to load resource: the server responded with a status of 500 (Internal Server Error) @ http://localhost:3000/api/overview/health:0
[ 8173505ms] [ERROR] Failed to load resource: the server responded with a status of 500 (Internal Server Error) @ http://localhost:3000/api/overview/health:0
[ 8203504ms] [ERROR] Failed to load resource: the server responded with a status of 500 (Internal Server Error) @ http://localhost:3000/api/overview/health:0
[ 8233505ms] [ERROR] Failed to load resource: the server responded with a status of 500 (Internal Server Error) @ http://localhost:3000/api/overview/health:0
[ 8263498ms] [ERROR] Failed to load resource: the server responded with a status of 500 (Internal Server Error) @ http://localhost:3000/api/overview/health:0
[ 8293508ms] [ERROR] Failed to load resource: the server responded with a status of 500 (Internal Server Error) @ http://localhost:3000/api/overview/health:0
[ 8323495ms] [ERROR] Failed to load resource: the server responded with a status of 500 (Internal Server Error) @ http://localhost:3000/api/overview/health:0
[ 8353508ms] [ERROR] Failed to load resource: the server responded with a status of 500 (Internal Server Error) @ http://localhost:3000/api/overview/health:0
[ 8383504ms] [ERROR] Failed to load resource: the server responded with a status of 500 (Internal Server Error) @ http://localhost:3000/api/overview/health:0
[ 8413507ms] [ERROR] Failed to load resource: the server responded with a status of 500 (Internal Server Error) @ http://localhost:3000/api/overview/health:0
[ 8443502ms] [ERROR] Failed to load resource: the server responded with a status of 500 (Internal Server Error) @ http://localhost:3000/api/overview/health:0
[ 8473502ms] [ERROR] Failed to load resource: the server responded with a status of 500 (Internal Server Error) @ http://localhost:3000/api/overview/health:0
[ 8503520ms] [ERROR] Failed to load resource: the server responded with a status of 500 (Internal Server Error) @ http://localhost:3000/api/overview/health:0
[ 8533501ms] [ERROR] Failed to load resource: the server responded with a status of 500 (Internal Server Error) @ http://localhost:3000/api/overview/health:0
[ 8563515ms] [ERROR] Failed to load resource: the server responded with a status of 500 (Internal Server Error) @ http://localhost:3000/api/overview/health:0
[ 8593513ms] [ERROR] Failed to load resource: the server responded with a status of 500 (Internal Server Error) @ http://localhost:3000/api/overview/health:0
[ 8623498ms] [ERROR] Failed to load resource: the server responded with a status of 500 (Internal Server Error) @ http://localhost:3000/api/overview/health:0
[ 8653503ms] [ERROR] Failed to load resource: the server responded with a status of 500 (Internal Server Error) @ http://localhost:3000/api/overview/health:0
[ 8683503ms] [ERROR] Failed to load resource: the server responded with a status of 500 (Internal Server Error) @ http://localhost:3000/api/overview/health:0
[ 8713503ms] [ERROR] Failed to load resource: the server responded with a status of 500 (Internal Server Error) @ http://localhost:3000/api/overview/health:0
[ 8743502ms] [ERROR] Failed to load resource: the server responded with a status of 500 (Internal Server Error) @ http://localhost:3000/api/overview/health:0
[ 8773503ms] [ERROR] Failed to load resource: the server responded with a status of 500 (Internal Server Error) @ http://localhost:3000/api/overview/health:0
[ 8803506ms] [ERROR] Failed to load resource: the server responded with a status of 500 (Internal Server Error) @ http://localhost:3000/api/overview/health:0
[ 8833503ms] [ERROR] Failed to load resource: the server responded with a status of 500 (Internal Server Error) @ http://localhost:3000/api/overview/health:0
[ 8863501ms] [ERROR] Failed to load resource: the server responded with a status of 500 (Internal Server Error) @ http://localhost:3000/api/overview/health:0
[ 8893501ms] [ERROR] Failed to load resource: the server responded with a status of 500 (Internal Server Error) @ http://localhost:3000/api/overview/health:0
[ 8923511ms] [ERROR] Failed to load resource: the server responded with a status of 500 (Internal Server Error) @ http://localhost:3000/api/overview/health:0
[ 8953508ms] [ERROR] Failed to load resource: the server responded with a status of 500 (Internal Server Error) @ http://localhost:3000/api/overview/health:0
[ 8983516ms] [ERROR] Failed to load resource: the server responded with a status of 500 (Internal Server Error) @ http://localhost:3000/api/overview/health:0
[ 9013515ms] [ERROR] Failed to load resource: the server responded with a status of 500 (Internal Server Error) @ http://localhost:3000/api/overview/health:0
[ 9043508ms] [ERROR] Failed to load resource: the server responded with a status of 500 (Internal Server Error) @ http://localhost:3000/api/overview/health:0
[ 9073504ms] [ERROR] Failed to load resource: the server responded with a status of 500 (Internal Server Error) @ http://localhost:3000/api/overview/health:0
[ 9103501ms] [ERROR] Failed to load resource: the server responded with a status of 500 (Internal Server Error) @ http://localhost:3000/api/overview/health:0
[ 9133521ms] [ERROR] Failed to load resource: the server responded with a status of 500 (Internal Server Error) @ http://localhost:3000/api/overview/health:0
[ 9163515ms] [ERROR] Failed to load resource: the server responded with a status of 500 (Internal Server Error) @ http://localhost:3000/api/overview/health:0
[ 9193504ms] [ERROR] Failed to load resource: the server responded with a status of 500 (Internal Server Error) @ http://localhost:3000/api/overview/health:0
[ 9223500ms] [ERROR] Failed to load resource: the server responded with a status of 500 (Internal Server Error) @ http://localhost:3000/api/overview/health:0
[ 9253498ms] [ERROR] Failed to load resource: the server responded with a status of 500 (Internal Server Error) @ http://localhost:3000/api/overview/health:0
[ 9283506ms] [ERROR] Failed to load resource: the server responded with a status of 500 (Internal Server Error) @ http://localhost:3000/api/overview/health:0
[ 9313504ms] [ERROR] Failed to load resource: the server responded with a status of 500 (Internal Server Error) @ http://localhost:3000/api/overview/health:0
[ 9343506ms] [ERROR] Failed to load resource: the server responded with a status of 500 (Internal Server Error) @ http://localhost:3000/api/overview/health:0
[ 9373502ms] [ERROR] Failed to load resource: the server responded with a status of 500 (Internal Server Error) @ http://localhost:3000/api/overview/health:0
[ 9403509ms] [ERROR] Failed to load resource: the server responded with a status of 500 (Internal Server Error) @ http://localhost:3000/api/overview/health:0
[ 9433507ms] [ERROR] Failed to load resource: the server responded with a status of 500 (Internal Server Error) @ http://localhost:3000/api/overview/health:0
[ 9463507ms] [ERROR] Failed to load resource: the server responded with a status of 500 (Internal Server Error) @ http://localhost:3000/api/overview/health:0
[ 9493501ms] [ERROR] Failed to load resource: the server responded with a status of 500 (Internal Server Error) @ http://localhost:3000/api/overview/health:0
[ 9523501ms] [ERROR] Failed to load resource: the server responded with a status of 500 (Internal Server Error) @ http://localhost:3000/api/overview/health:0
[ 9553504ms] [ERROR] Failed to load resource: the server responded with a status of 500 (Internal Server Error) @ http://localhost:3000/api/overview/health:0
[ 9583507ms] [ERROR] Failed to load resource: the server responded with a status of 500 (Internal Server Error) @ http://localhost:3000/api/overview/health:0
[ 9613503ms] [ERROR] Failed to load resource: the server responded with a status of 500 (Internal Server Error) @ http://localhost:3000/api/overview/health:0
[ 9643506ms] [ERROR] Failed to load resource: the server responded with a status of 500 (Internal Server Error) @ http://localhost:3000/api/overview/health:0
[ 9673507ms] [ERROR] Failed to load resource: the server responded with a status of 500 (Internal Server Error) @ http://localhost:3000/api/overview/health:0
[ 9703511ms] [ERROR] Failed to load resource: the server responded with a status of 500 (Internal Server Error) @ http://localhost:3000/api/overview/health:0
[ 9733497ms] [ERROR] Failed to load resource: the server responded with a status of 500 (Internal Server Error) @ http://localhost:3000/api/overview/health:0
[ 9763500ms] [ERROR] Failed to load resource: the server responded with a status of 500 (Internal Server Error) @ http://localhost:3000/api/overview/health:0
[ 9793502ms] [ERROR] Failed to load resource: the server responded with a status of 500 (Internal Server Error) @ http://localhost:3000/api/overview/health:0
[ 9823510ms] [ERROR] Failed to load resource: the server responded with a status of 500 (Internal Server Error) @ http://localhost:3000/api/overview/health:0
[ 9853516ms] [ERROR] Failed to load resource: the server responded with a status of 500 (Internal Server Error) @ http://localhost:3000/api/overview/health:0
[ 9883520ms] [ERROR] Failed to load resource: the server responded with a status of 500 (Internal Server Error) @ http://localhost:3000/api/overview/health:0
[ 9913517ms] [ERROR] Failed to load resource: the server responded with a status of 500 (Internal Server Error) @ http://localhost:3000/api/overview/health:0
[ 9943510ms] [ERROR] Failed to load resource: the server responded with a status of 500 (Internal Server Error) @ http://localhost:3000/api/overview/health:0
[ 9973512ms] [ERROR] Failed to load resource: the server responded with a status of 500 (Internal Server Error) @ http://localhost:3000/api/overview/health:0
[10003511ms] [ERROR] Failed to load resource: the server responded with a status of 500 (Internal Server Error) @ http://localhost:3000/api/overview/health:0
[10033514ms] [ERROR] Failed to load resource: the server responded with a status of 500 (Internal Server Error) @ http://localhost:3000/api/overview/health:0
[10063513ms] [ERROR] Failed to load resource: the server responded with a status of 500 (Internal Server Error) @ http://localhost:3000/api/overview/health:0
[10093516ms] [ERROR] Failed to load resource: the server responded with a status of 500 (Internal Server Error) @ http://localhost:3000/api/overview/health:0
[10123505ms] [ERROR] Failed to load resource: the server responded with a status of 500 (Internal Server Error) @ http://localhost:3000/api/overview/health:0
[10153512ms] [ERROR] Failed to load resource: the server responded with a status of 500 (Internal Server Error) @ http://localhost:3000/api/overview/health:0
[10183507ms] [ERROR] Failed to load resource: the server responded with a status of 500 (Internal Server Error) @ http://localhost:3000/api/overview/health:0
[10213511ms] [ERROR] Failed to load resource: the server responded with a status of 500 (Internal Server Error) @ http://localhost:3000/api/overview/health:0
[10243504ms] [ERROR] Failed to load resource: the server responded with a status of 500 (Internal Server Error) @ http://localhost:3000/api/overview/health:0
[10273509ms] [ERROR] Failed to load resource: the server responded with a status of 500 (Internal Server Error) @ http://localhost:3000/api/overview/health:0
[10303511ms] [ERROR] Failed to load resource: the server responded with a status of 500 (Internal Server Error) @ http://localhost:3000/api/overview/health:0
[10333511ms] [ERROR] Failed to load resource: the server responded with a status of 500 (Internal Server Error) @ http://localhost:3000/api/overview/health:0
[10363509ms] [ERROR] Failed to load resource: the server responded with a status of 500 (Internal Server Error) @ http://localhost:3000/api/overview/health:0
[10393511ms] [ERROR] Failed to load resource: the server responded with a status of 500 (Internal Server Error) @ http://localhost:3000/api/overview/health:0
[10423513ms] [ERROR] Failed to load resource: the server responded with a status of 500 (Internal Server Error) @ http://localhost:3000/api/overview/health:0
[10453509ms] [ERROR] Failed to load resource: the server responded with a status of 500 (Internal Server Error) @ http://localhost:3000/api/overview/health:0
[10483514ms] [ERROR] Failed to load resource: the server responded with a status of 500 (Internal Server Error) @ http://localhost:3000/api/overview/health:0
[10513513ms] [ERROR] Failed to load resource: the server responded with a status of 500 (Internal Server Error) @ http://localhost:3000/api/overview/health:0
[10543508ms] [ERROR] Failed to load resource: the server responded with a status of 500 (Internal Server Error) @ http://localhost:3000/api/overview/health:0
[10573514ms] [ERROR] Failed to load resource: the server responded with a status of 500 (Internal Server Error) @ http://localhost:3000/api/overview/health:0
[10603515ms] [ERROR] Failed to load resource: the server responded with a status of 500 (Internal Server Error) @ http://localhost:3000/api/overview/health:0
[10633522ms] [ERROR] Failed to load resource: the server responded with a status of 500 (Internal Server Error) @ http://localhost:3000/api/overview/health:0
[10663512ms] [ERROR] Failed to load resource: the server responded with a status of 500 (Internal Server Error) @ http://localhost:3000/api/overview/health:0
[10693511ms] [ERROR] Failed to load resource: the server responded with a status of 500 (Internal Server Error) @ http://localhost:3000/api/overview/health:0
[10723506ms] [ERROR] Failed to load resource: the server responded with a status of 500 (Internal Server Error) @ http://localhost:3000/api/overview/health:0
[10753529ms] [ERROR] Failed to load resource: the server responded with a status of 500 (Internal Server Error) @ http://localhost:3000/api/overview/health:0
[10783509ms] [ERROR] Failed to load resource: the server responded with a status of 500 (Internal Server Error) @ http://localhost:3000/api/overview/health:0
[10813514ms] [ERROR] Failed to load resource: the server responded with a status of 500 (Internal Server Error) @ http://localhost:3000/api/overview/health:0
[10843518ms] [ERROR] Failed to load resource: the server responded with a status of 500 (Internal Server Error) @ http://localhost:3000/api/overview/health:0
[10873512ms] [ERROR] Failed to load resource: the server responded with a status of 500 (Internal Server Error) @ http://localhost:3000/api/overview/health:0
[10903512ms] [ERROR] Failed to load resource: the server responded with a status of 500 (Internal Server Error) @ http://localhost:3000/api/overview/health:0
[10933520ms] [ERROR] Failed to load resource: the server responded with a status of 500 (Internal Server Error) @ http://localhost:3000/api/overview/health:0
[10963516ms] [ERROR] Failed to load resource: the server responded with a status of 500 (Internal Server Error) @ http://localhost:3000/api/overview/health:0
[10993519ms] [ERROR] Failed to load resource: the server responded with a status of 500 (Internal Server Error) @ http://localhost:3000/api/overview/health:0
[11023514ms] [ERROR] Failed to load resource: the server responded with a status of 500 (Internal Server Error) @ http://localhost:3000/api/overview/health:0
[11053521ms] [ERROR] Failed to load resource: the server responded with a status of 500 (Internal Server Error) @ http://localhost:3000/api/overview/health:0
[11083508ms] [ERROR] Failed to load resource: the server responded with a status of 500 (Internal Server Error) @ http://localhost:3000/api/overview/health:0
[11113510ms] [ERROR] Failed to load resource: the server responded with a status of 500 (Internal Server Error) @ http://localhost:3000/api/overview/health:0
[11143511ms] [ERROR] Failed to load resource: the server responded with a status of 500 (Internal Server Error) @ http://localhost:3000/api/overview/health:0
[11173512ms] [ERROR] Failed to load resource: the server responded with a status of 500 (Internal Server Error) @ http://localhost:3000/api/overview/health:0
[11203518ms] [ERROR] Failed to load resource: the server responded with a status of 500 (Internal Server Error) @ http://localhost:3000/api/overview/health:0
[11233517ms] [ERROR] Failed to load resource: the server responded with a status of 500 (Internal Server Error) @ http://localhost:3000/api/overview/health:0
[11263518ms] [ERROR] Failed to load resource: the server responded with a status of 500 (Internal Server Error) @ http://localhost:3000/api/overview/health:0
[11293511ms] [ERROR] Failed to load resource: the server responded with a status of 500 (Internal Server Error) @ http://localhost:3000/api/overview/health:0
[11323510ms] [ERROR] Failed to load resource: the server responded with a status of 500 (Internal Server Error) @ http://localhost:3000/api/overview/health:0
[11353509ms] [ERROR] Failed to load resource: the server responded with a status of 500 (Internal Server Error) @ http://localhost:3000/api/overview/health:0
[11383510ms] [ERROR] Failed to load resource: the server responded with a status of 500 (Internal Server Error) @ http://localhost:3000/api/overview/health:0
[11413517ms] [ERROR] Failed to load resource: the server responded with a status of 500 (Internal Server Error) @ http://localhost:3000/api/overview/health:0
[11443518ms] [ERROR] Failed to load resource: the server responded with a status of 500 (Internal Server Error) @ http://localhost:3000/api/overview/health:0
[11473513ms] [ERROR] Failed to load resource: the server responded with a status of 500 (Internal Server Error) @ http://localhost:3000/api/overview/health:0
[11503513ms] [ERROR] Failed to load resource: the server responded with a status of 500 (Internal Server Error) @ http://localhost:3000/api/overview/health:0
[11533514ms] [ERROR] Failed to load resource: the server responded with a status of 500 (Internal Server Error) @ http://localhost:3000/api/overview/health:0
[11563515ms] [ERROR] Failed to load resource: the server responded with a status of 500 (Internal Server Error) @ http://localhost:3000/api/overview/health:0
[11593513ms] [ERROR] Failed to load resource: the server responded with a status of 500 (Internal Server Error) @ http://localhost:3000/api/overview/health:0
[11623515ms] [ERROR] Failed to load resource: the server responded with a status of 500 (Internal Server Error) @ http://localhost:3000/api/overview/health:0
[11653517ms] [ERROR] Failed to load resource: the server responded with a status of 500 (Internal Server Error) @ http://localhost:3000/api/overview/health:0
[11683530ms] [ERROR] Failed to load resource: the server responded with a status of 500 (Internal Server Error) @ http://localhost:3000/api/overview/health:0
[11713520ms] [ERROR] Failed to load resource: the server responded with a status of 500 (Internal Server Error) @ http://localhost:3000/api/overview/health:0
[11743516ms] [ERROR] Failed to load resource: the server responded with a status of 500 (Internal Server Error) @ http://localhost:3000/api/overview/health:0
[11773519ms] [ERROR] Failed to load resource: the server responded with a status of 500 (Internal Server Error) @ http://localhost:3000/api/overview/health:0
[11803520ms] [ERROR] Failed to load resource: the server responded with a status of 500 (Internal Server Error) @ http://localhost:3000/api/overview/health:0
[11833518ms] [ERROR] Failed to load resource: the server responded with a status of 500 (Internal Server Error) @ http://localhost:3000/api/overview/health:0
[11863528ms] [ERROR] Failed to load resource: the server responded with a status of 500 (Internal Server Error) @ http://localhost:3000/api/overview/health:0
[11893518ms] [ERROR] Failed to load resource: the server responded with a status of 500 (Internal Server Error) @ http://localhost:3000/api/overview/health:0
[11923513ms] [ERROR] Failed to load resource: the server responded with a status of 500 (Internal Server Error) @ http://localhost:3000/api/overview/health:0
[11953516ms] [ERROR] Failed to load resource: the server responded with a status of 500 (Internal Server Error) @ http://localhost:3000/api/overview/health:0
[11983519ms] [ERROR] Failed to load resource: the server responded with a status of 500 (Internal Server Error) @ http://localhost:3000/api/overview/health:0
[12013514ms] [ERROR] Failed to load resource: the server responded with a status of 500 (Internal Server Error) @ http://localhost:3000/api/overview/health:0
[12043520ms] [ERROR] Failed to load resource: the server responded with a status of 500 (Internal Server Error) @ http://localhost:3000/api/overview/health:0
[12073516ms] [ERROR] Failed to load resource: the server responded with a status of 500 (Internal Server Error) @ http://localhost:3000/api/overview/health:0
[12103522ms] [ERROR] Failed to load resource: the server responded with a status of 500 (Internal Server Error) @ http://localhost:3000/api/overview/health:0
[12133526ms] [ERROR] Failed to load resource: the server responded with a status of 500 (Internal Server Error) @ http://localhost:3000/api/overview/health:0
[12163523ms] [ERROR] Failed to load resource: the server responded with a status of 500 (Internal Server Error) @ http://localhost:3000/api/overview/health:0
[12193523ms] [ERROR] Failed to load resource: the server responded with a status of 500 (Internal Server Error) @ http://localhost:3000/api/overview/health:0
[12223532ms] [ERROR] Failed to load resource: the server responded with a status of 500 (Internal Server Error) @ http://localhost:3000/api/overview/health:0
[12253533ms] [ERROR] Failed to load resource: the server responded with a status of 500 (Internal Server Error) @ http://localhost:3000/api/overview/health:0
[12283527ms] [ERROR] Failed to load resource: the server responded with a status of 500 (Internal Server Error) @ http://localhost:3000/api/overview/health:0
[12313526ms] [ERROR] Failed to load resource: the server responded with a status of 500 (Internal Server Error) @ http://localhost:3000/api/overview/health:0
[12343513ms] [ERROR] Failed to load resource: the server responded with a status of 500 (Internal Server Error) @ http://localhost:3000/api/overview/health:0
[12373528ms] [ERROR] Failed to load resource: the server responded with a status of 500 (Internal Server Error) @ http://localhost:3000/api/overview/health:0
[12403530ms] [ERROR] Failed to load resource: the server responded with a status of 500 (Internal Server Error) @ http://localhost:3000/api/overview/health:0
[12433520ms] [ERROR] Failed to load resource: the server responded with a status of 500 (Internal Server Error) @ http://localhost:3000/api/overview/health:0
[12463526ms] [ERROR] Failed to load resource: the server responded with a status of 500 (Internal Server Error) @ http://localhost:3000/api/overview/health:0
[12493513ms] [ERROR] Failed to load resource: the server responded with a status of 500 (Internal Server Error) @ http://localhost:3000/api/overview/health:0
[12523515ms] [ERROR] Failed to load resource: the server responded with a status of 500 (Internal Server Error) @ http://localhost:3000/api/overview/health:0
[12553515ms] [ERROR] Failed to load resource: the server responded with a status of 500 (Internal Server Error) @ http://localhost:3000/api/overview/health:0
[12583515ms] [ERROR] Failed to load resource: the server responded with a status of 500 (Internal Server Error) @ http://localhost:3000/api/overview/health:0
[12613515ms] [ERROR] Failed to load resource: the server responded with a status of 500 (Internal Server Error) @ http://localhost:3000/api/overview/health:0
[12643517ms] [ERROR] Failed to load resource: the server responded with a status of 500 (Internal Server Error) @ http://localhost:3000/api/overview/health:0
[12673515ms] [ERROR] Failed to load resource: the server responded with a status of 500 (Internal Server Error) @ http://localhost:3000/api/overview/health:0
[12703515ms] [ERROR] Failed to load resource: the server responded with a status of 500 (Internal Server Error) @ http://localhost:3000/api/overview/health:0
[12733515ms] [ERROR] Failed to load resource: the server responded with a status of 500 (Internal Server Error) @ http://localhost:3000/api/overview/health:0
[12763515ms] [ERROR] Failed to load resource: the server responded with a status of 500 (Internal Server Error) @ http://localhost:3000/api/overview/health:0
[12793516ms] [ERROR] Failed to load resource: the server responded with a status of 500 (Internal Server Error) @ http://localhost:3000/api/overview/health:0
[12823517ms] [ERROR] Failed to load resource: the server responded with a status of 500 (Internal Server Error) @ http://localhost:3000/api/overview/health:0
[12853518ms] [ERROR] Failed to load resource: the server responded with a status of 500 (Internal Server Error) @ http://localhost:3000/api/overview/health:0
[12883525ms] [ERROR] Failed to load resource: the server responded with a status of 500 (Internal Server Error) @ http://localhost:3000/api/overview/health:0
[12913519ms] [ERROR] Failed to load resource: the server responded with a status of 500 (Internal Server Error) @ http://localhost:3000/api/overview/health:0
[12943518ms] [ERROR] Failed to load resource: the server responded with a status of 500 (Internal Server Error) @ http://localhost:3000/api/overview/health:0
[12973524ms] [ERROR] Failed to load resource: the server responded with a status of 500 (Internal Server Error) @ http://localhost:3000/api/overview/health:0
[13003526ms] [ERROR] Failed to load resource: the server responded with a status of 500 (Internal Server Error) @ http://localhost:3000/api/overview/health:0
[13009699ms] [ERROR] Failed to load resource: the server responded with a status of 500 (Internal Server Error) @ http://localhost:3000/api/ha-correlated-findings?from=2026-08-04T12%3A06%3A31.893Z&to=2026-08-05T12%3A06%3A31.893Z&view=needs_review&ownership=all&sort=risk_desc&limit=25:0
[13010710ms] [ERROR] Failed to load resource: the server responded with a status of 500 (Internal Server Error) @ http://localhost:3000/api/ha-correlated-findings?from=2026-08-04T12%3A06%3A31.893Z&to=2026-08-05T12%3A06%3A31.893Z&view=needs_review&ownership=all&sort=risk_desc&limit=25:0
[13033025ms] [WARNING] [ECharts] Can't get DOM width or height. Please check dom.clientWidth and dom.clientHeight. They should not be 0.For example, you may need to call this in the callback of window.onload. @ http://localhost:3000/node_modules/.vite/deps/echarts.js?v=488ae579:7101
[13033043ms] [WARNING] [ECharts] Can't get DOM width or height. Please check dom.clientWidth and dom.clientHeight. They should not be 0.For example, you may need to call this in the callback of window.onload. @ http://localhost:3000/node_modules/.vite/deps/echarts.js?v=488ae579:7101
[13033527ms] [ERROR] Failed to load resource: the server responded with a status of 500 (Internal Server Error) @ http://localhost:3000/api/overview/health:0
[13034130ms] [WARNING] [ECharts] Can't get DOM width or height. Please check dom.clientWidth and dom.clientHeight. They should not be 0.For example, you may need to call this in the callback of window.onload. @ http://localhost:3000/node_modules/.vite/deps/echarts.js?v=488ae579:7101
[13034158ms] [WARNING] [ECharts] Can't get DOM width or height. Please check dom.clientWidth and dom.clientHeight. They should not be 0.For example, you may need to call this in the callback of window.onload. @ http://localhost:3000/node_modules/.vite/deps/echarts.js?v=488ae579:7101
[13034166ms] [WARNING] [ECharts] Can't get DOM width or height. Please check dom.clientWidth and dom.clientHeight. They should not be 0.For example, you may need to call this in the callback of window.onload. @ http://localhost:3000/node_modules/.vite/deps/echarts.js?v=488ae579:7101
[13041542ms] [WARNING] [ECharts] Can't get DOM width or height. Please check dom.clientWidth and dom.clientHeight. They should not be 0.For example, you may need to call this in the callback of window.onload. @ http://localhost:3000/node_modules/.vite/deps/echarts.js?v=488ae579:7101
[13041558ms] [WARNING] [ECharts] Can't get DOM width or height. Please check dom.clientWidth and dom.clientHeight. They should not be 0.For example, you may need to call this in the callback of window.onload. @ http://localhost:3000/node_modules/.vite/deps/echarts.js?v=488ae579:7101
[13041566ms] [WARNING] [ECharts] Can't get DOM width or height. Please check dom.clientWidth and dom.clientHeight. They should not be 0.For example, you may need to call this in the callback of window.onload. @ http://localhost:3000/node_modules/.vite/deps/echarts.js?v=488ae579:7101
[13042591ms] [WARNING] [ECharts] Can't get DOM width or height. Please check dom.clientWidth and dom.clientHeight. They should not be 0.For example, you may need to call this in the callback of window.onload. @ http://localhost:3000/node_modules/.vite/deps/echarts.js?v=488ae579:7101
[13042611ms] [WARNING] [ECharts] Can't get DOM width or height. Please check dom.clientWidth and dom.clientHeight. They should not be 0.For example, you may need to call this in the callback of window.onload. @ http://localhost:3000/node_modules/.vite/deps/echarts.js?v=488ae579:7101
[13042617ms] [WARNING] [ECharts] Can't get DOM width or height. Please check dom.clientWidth and dom.clientHeight. They should not be 0.For example, you may need to call this in the callback of window.onload. @ http://localhost:3000/node_modules/.vite/deps/echarts.js?v=488ae579:7101
[13044799ms] [WARNING] [ECharts] Can't get DOM width or height. Please check dom.clientWidth and dom.clientHeight. They should not be 0.For example, you may need to call this in the callback of window.onload. @ http://localhost:3000/node_modules/.vite/deps/echarts.js?v=488ae579:7101
[13044818ms] [WARNING] [ECharts] Can't get DOM width or height. Please check dom.clientWidth and dom.clientHeight. They should not be 0.For example, you may need to call this in the callback of window.onload. @ http://localhost:3000/node_modules/.vite/deps/echarts.js?v=488ae579:7101
[13044825ms] [WARNING] [ECharts] Can't get DOM width or height. Please check dom.clientWidth and dom.clientHeight. They should not be 0.For example, you may need to call this in the callback of window.onload. @ http://localhost:3000/node_modules/.vite/deps/echarts.js?v=488ae579:7101
[13053281ms] [ERROR] Failed to load resource: the server responded with a status of 500 (Internal Server Error) @ http://localhost:3000/api/ha-alerts?page=0&size=100&sort=-%40timestamp%2Cid&order=desc&status=active:0
[13055604ms] [WARNING] AG Grid: warning #60 Visit https://www.ag-grid.com/react-data-grid/errors/60?_version_=36.0.0 
  Alternatively register the ValidationModule to see the full message in the console. @ http://localhost:3000/node_modules/.vite/deps/ag-grid-community.js?v=c742ded7:6343
[13063517ms] [ERROR] Failed to load resource: the server responded with a status of 500 (Internal Server Error) @ http://localhost:3000/api/overview/health:0
[13093527ms] [ERROR] Failed to load resource: the server responded with a status of 500 (Internal Server Error) @ http://localhost:3000/api/overview/health:0
[13123518ms] [ERROR] Failed to load resource: the server responded with a status of 500 (Internal Server Error) @ http://localhost:3000/api/overview/health:0
[13153521ms] [ERROR] Failed to load resource: the server responded with a status of 500 (Internal Server Error) @ http://localhost:3000/api/overview/health:0
[13183519ms] [ERROR] Failed to load resource: the server responded with a status of 500 (Internal Server Error) @ http://localhost:3000/api/overview/health:0
[13213523ms] [ERROR] Failed to load resource: the server responded with a status of 500 (Internal Server Error) @ http://localhost:3000/api/overview/health:0
[13243518ms] [ERROR] Failed to load resource: the server responded with a status of 500 (Internal Server Error) @ http://localhost:3000/api/overview/health:0
[13273522ms] [ERROR] Failed to load resource: the server responded with a status of 500 (Internal Server Error) @ http://localhost:3000/api/overview/health:0
[13303522ms] [ERROR] Failed to load resource: the server responded with a status of 500 (Internal Server Error) @ http://localhost:3000/api/overview/health:0
[13333523ms] [ERROR] Failed to load resource: the server responded with a status of 500 (Internal Server Error) @ http://localhost:3000/api/overview/health:0
[13363522ms] [ERROR] Failed to load resource: the server responded with a status of 500 (Internal Server Error) @ http://localhost:3000/api/overview/health:0
[13393526ms] [ERROR] Failed to load resource: the server responded with a status of 500 (Internal Server Error) @ http://localhost:3000/api/overview/health:0
[13423526ms] [ERROR] Failed to load resource: the server responded with a status of 500 (Internal Server Error) @ http://localhost:3000/api/overview/health:0
[13453522ms] [ERROR] Failed to load resource: the server responded with a status of 500 (Internal Server Error) @ http://localhost:3000/api/overview/health:0
[13483528ms] [ERROR] Failed to load resource: the server responded with a status of 500 (Internal Server Error) @ http://localhost:3000/api/overview/health:0
[13513520ms] [ERROR] Failed to load resource: the server responded with a status of 500 (Internal Server Error) @ http://localhost:3000/api/overview/health:0
[13543522ms] [ERROR] Failed to load resource: the server responded with a status of 500 (Internal Server Error) @ http://localhost:3000/api/overview/health:0
[13573528ms] [ERROR] Failed to load resource: the server responded with a status of 500 (Internal Server Error) @ http://localhost:3000/api/overview/health:0
[13603519ms] [ERROR] Failed to load resource: the server responded with a status of 500 (Internal Server Error) @ http://localhost:3000/api/overview/health:0
[13633518ms] [ERROR] Failed to load resource: the server responded with a status of 500 (Internal Server Error) @ http://localhost:3000/api/overview/health:0
[13663519ms] [ERROR] Failed to load resource: the server responded with a status of 500 (Internal Server Error) @ http://localhost:3000/api/overview/health:0
[13693522ms] [ERROR] Failed to load resource: the server responded with a status of 500 (Internal Server Error) @ http://localhost:3000/api/overview/health:0
[13723517ms] [ERROR] Failed to load resource: the server responded with a status of 500 (Internal Server Error) @ http://localhost:3000/api/overview/health:0
[13753526ms] [ERROR] Failed to load resource: the server responded with a status of 500 (Internal Server Error) @ http://localhost:3000/api/overview/health:0
[13783521ms] [ERROR] Failed to load resource: the server responded with a status of 500 (Internal Server Error) @ http://localhost:3000/api/overview/health:0
[13813523ms] [ERROR] Failed to load resource: the server responded with a status of 500 (Internal Server Error) @ http://localhost:3000/api/overview/health:0
[13843523ms] [ERROR] Failed to load resource: the server responded with a status of 500 (Internal Server Error) @ http://localhost:3000/api/overview/health:0
[13873532ms] [ERROR] Failed to load resource: the server responded with a status of 500 (Internal Server Error) @ http://localhost:3000/api/overview/health:0
[13903525ms] [ERROR] Failed to load resource: the server responded with a status of 500 (Internal Server Error) @ http://localhost:3000/api/overview/health:0
[13933524ms] [ERROR] Failed to load resource: the server responded with a status of 500 (Internal Server Error) @ http://localhost:3000/api/overview/health:0
[13963530ms] [ERROR] Failed to load resource: the server responded with a status of 500 (Internal Server Error) @ http://localhost:3000/api/overview/health:0
[13993522ms] [ERROR] Failed to load resource: the server responded with a status of 500 (Internal Server Error) @ http://localhost:3000/api/overview/health:0
[14023536ms] [ERROR] Failed to load resource: the server responded with a status of 500 (Internal Server Error) @ http://localhost:3000/api/overview/health:0
[14053520ms] [ERROR] Failed to load resource: the server responded with a status of 500 (Internal Server Error) @ http://localhost:3000/api/overview/health:0
[14083523ms] [ERROR] Failed to load resource: the server responded with a status of 500 (Internal Server Error) @ http://localhost:3000/api/overview/health:0
[14113527ms] [ERROR] Failed to load resource: the server responded with a status of 500 (Internal Server Error) @ http://localhost:3000/api/overview/health:0
[14143524ms] [ERROR] Failed to load resource: the server responded with a status of 500 (Internal Server Error) @ http://localhost:3000/api/overview/health:0
[14173524ms] [ERROR] Failed to load resource: the server responded with a status of 500 (Internal Server Error) @ http://localhost:3000/api/overview/health:0
[14203524ms] [ERROR] Failed to load resource: the server responded with a status of 500 (Internal Server Error) @ http://localhost:3000/api/overview/health:0
[14233523ms] [ERROR] Failed to load resource: the server responded with a status of 500 (Internal Server Error) @ http://localhost:3000/api/overview/health:0
[14263531ms] [ERROR] Failed to load resource: the server responded with a status of 500 (Internal Server Error) @ http://localhost:3000/api/overview/health:0
[14293536ms] [ERROR] Failed to load resource: the server responded with a status of 500 (Internal Server Error) @ http://localhost:3000/api/overview/health:0
[14323538ms] [ERROR] Failed to load resource: the server responded with a status of 500 (Internal Server Error) @ http://localhost:3000/api/overview/health:0
[14353526ms] [ERROR] Failed to load resource: the server responded with a status of 500 (Internal Server Error) @ http://localhost:3000/api/overview/health:0
[14383529ms] [ERROR] Failed to load resource: the server responded with a status of 500 (Internal Server Error) @ http://localhost:3000/api/overview/health:0
[14413531ms] [ERROR] Failed to load resource: the server responded with a status of 500 (Internal Server Error) @ http://localhost:3000/api/overview/health:0
[14443525ms] [ERROR] Failed to load resource: the server responded with a status of 500 (Internal Server Error) @ http://localhost:3000/api/overview/health:0
[14473527ms] [ERROR] Failed to load resource: the server responded with a status of 500 (Internal Server Error) @ http://localhost:3000/api/overview/health:0
[14503552ms] [ERROR] Failed to load resource: the server responded with a status of 500 (Internal Server Error) @ http://localhost:3000/api/overview/health:0
[14533526ms] [ERROR] Failed to load resource: the server responded with a status of 500 (Internal Server Error) @ http://localhost:3000/api/overview/health:0
[14563529ms] [ERROR] Failed to load resource: the server responded with a status of 500 (Internal Server Error) @ http://localhost:3000/api/overview/health:0
[14593528ms] [ERROR] Failed to load resource: the server responded with a status of 500 (Internal Server Error) @ http://localhost:3000/api/overview/health:0
[14623524ms] [ERROR] Failed to load resource: the server responded with a status of 500 (Internal Server Error) @ http://localhost:3000/api/overview/health:0
[14653528ms] [ERROR] Failed to load resource: the server responded with a status of 500 (Internal Server Error) @ http://localhost:3000/api/overview/health:0
[14683539ms] [ERROR] Failed to load resource: the server responded with a status of 500 (Internal Server Error) @ http://localhost:3000/api/overview/health:0
[14713530ms] [ERROR] Failed to load resource: the server responded with a status of 500 (Internal Server Error) @ http://localhost:3000/api/overview/health:0
[14743535ms] [ERROR] Failed to load resource: the server responded with a status of 500 (Internal Server Error) @ http://localhost:3000/api/overview/health:0
[14773532ms] [ERROR] Failed to load resource: the server responded with a status of 500 (Internal Server Error) @ http://localhost:3000/api/overview/health:0
[14803531ms] [ERROR] Failed to load resource: the server responded with a status of 500 (Internal Server Error) @ http://localhost:3000/api/overview/health:0
[14833526ms] [ERROR] Failed to load resource: the server responded with a status of 500 (Internal Server Error) @ http://localhost:3000/api/overview/health:0
[14863537ms] [ERROR] Failed to load resource: the server responded with a status of 500 (Internal Server Error) @ http://localhost:3000/api/overview/health:0
[14893536ms] [ERROR] Failed to load resource: the server responded with a status of 500 (Internal Server Error) @ http://localhost:3000/api/overview/health:0
[14923535ms] [ERROR] Failed to load resource: the server responded with a status of 500 (Internal Server Error) @ http://localhost:3000/api/overview/health:0
[14953531ms] [ERROR] Failed to load resource: the server responded with a status of 500 (Internal Server Error) @ http://localhost:3000/api/overview/health:0
[14983528ms] [ERROR] Failed to load resource: the server responded with a status of 500 (Internal Server Error) @ http://localhost:3000/api/overview/health:0
[15013530ms] [ERROR] Failed to load resource: the server responded with a status of 500 (Internal Server Error) @ http://localhost:3000/api/overview/health:0
[15043534ms] [ERROR] Failed to load resource: the server responded with a status of 500 (Internal Server Error) @ http://localhost:3000/api/overview/health:0
[15073540ms] [ERROR] Failed to load resource: the server responded with a status of 500 (Internal Server Error) @ http://localhost:3000/api/overview/health:0
[15103531ms] [ERROR] Failed to load resource: the server responded with a status of 500 (Internal Server Error) @ http://localhost:3000/api/overview/health:0
[15133533ms] [ERROR] Failed to load resource: the server responded with a status of 500 (Internal Server Error) @ http://localhost:3000/api/overview/health:0
[15163531ms] [ERROR] Failed to load resource: the server responded with a status of 500 (Internal Server Error) @ http://localhost:3000/api/overview/health:0
[15193534ms] [ERROR] Failed to load resource: the server responded with a status of 500 (Internal Server Error) @ http://localhost:3000/api/overview/health:0
[15223537ms] [ERROR] Failed to load resource: the server responded with a status of 500 (Internal Server Error) @ http://localhost:3000/api/overview/health:0
[15253530ms] [ERROR] Failed to load resource: the server responded with a status of 500 (Internal Server Error) @ http://localhost:3000/api/overview/health:0
[15283535ms] [ERROR] Failed to load resource: the server responded with a status of 500 (Internal Server Error) @ http://localhost:3000/api/overview/health:0
[15313539ms] [ERROR] Failed to load resource: the server responded with a status of 500 (Internal Server Error) @ http://localhost:3000/api/overview/health:0
[15343530ms] [ERROR] Failed to load resource: the server responded with a status of 500 (Internal Server Error) @ http://localhost:3000/api/overview/health:0
[15373537ms] [ERROR] Failed to load resource: the server responded with a status of 500 (Internal Server Error) @ http://localhost:3000/api/overview/health:0
[15403564ms] [ERROR] Failed to load resource: the server responded with a status of 500 (Internal Server Error) @ http://localhost:3000/api/overview/health:0
[15433526ms] [ERROR] Failed to load resource: the server responded with a status of 500 (Internal Server Error) @ http://localhost:3000/api/overview/health:0
[15463549ms] [ERROR] Failed to load resource: the server responded with a status of 500 (Internal Server Error) @ http://localhost:3000/api/overview/health:0
[15493529ms] [ERROR] Failed to load resource: the server responded with a status of 500 (Internal Server Error) @ http://localhost:3000/api/overview/health:0
[15523528ms] [ERROR] Failed to load resource: the server responded with a status of 500 (Internal Server Error) @ http://localhost:3000/api/overview/health:0
[15553535ms] [ERROR] Failed to load resource: the server responded with a status of 500 (Internal Server Error) @ http://localhost:3000/api/overview/health:0
[15583533ms] [ERROR] Failed to load resource: the server responded with a status of 500 (Internal Server Error) @ http://localhost:3000/api/overview/health:0
[15613529ms] [ERROR] Failed to load resource: the server responded with a status of 500 (Internal Server Error) @ http://localhost:3000/api/overview/health:0
[15643543ms] [ERROR] Failed to load resource: the server responded with a status of 500 (Internal Server Error) @ http://localhost:3000/api/overview/health:0
[15673529ms] [ERROR] Failed to load resource: the server responded with a status of 500 (Internal Server Error) @ http://localhost:3000/api/overview/health:0
[15703530ms] [ERROR] Failed to load resource: the server responded with a status of 500 (Internal Server Error) @ http://localhost:3000/api/overview/health:0
[15733525ms] [ERROR] Failed to load resource: the server responded with a status of 500 (Internal Server Error) @ http://localhost:3000/api/overview/health:0
[15763523ms] [ERROR] Failed to load resource: the server responded with a status of 500 (Internal Server Error) @ http://localhost:3000/api/overview/health:0
[15793533ms] [ERROR] Failed to load resource: the server responded with a status of 500 (Internal Server Error) @ http://localhost:3000/api/overview/health:0
[15823538ms] [ERROR] Failed to load resource: the server responded with a status of 500 (Internal Server Error) @ http://localhost:3000/api/overview/health:0
[15853534ms] [ERROR] Failed to load resource: the server responded with a status of 500 (Internal Server Error) @ http://localhost:3000/api/overview/health:0
[15883536ms] [ERROR] Failed to load resource: the server responded with a status of 500 (Internal Server Error) @ http://localhost:3000/api/overview/health:0
[15913532ms] [ERROR] Failed to load resource: the server responded with a status of 500 (Internal Server Error) @ http://localhost:3000/api/overview/health:0
[15943543ms] [ERROR] Failed to load resource: the server responded with a status of 500 (Internal Server Error) @ http://localhost:3000/api/overview/health:0
[15973545ms] [ERROR] Failed to load resource: the server responded with a status of 500 (Internal Server Error) @ http://localhost:3000/api/overview/health:0
[16003531ms] [ERROR] Failed to load resource: the server responded with a status of 500 (Internal Server Error) @ http://localhost:3000/api/overview/health:0
[16033535ms] [ERROR] Failed to load resource: the server responded with a status of 500 (Internal Server Error) @ http://localhost:3000/api/overview/health:0
[16063539ms] [ERROR] Failed to load resource: the server responded with a status of 500 (Internal Server Error) @ http://localhost:3000/api/overview/health:0
[16093535ms] [ERROR] Failed to load resource: the server responded with a status of 500 (Internal Server Error) @ http://localhost:3000/api/overview/health:0
[16123529ms] [ERROR] Failed to load resource: the server responded with a status of 500 (Internal Server Error) @ http://localhost:3000/api/overview/health:0
[16153542ms] [ERROR] Failed to load resource: the server responded with a status of 500 (Internal Server Error) @ http://localhost:3000/api/overview/health:0
[16183533ms] [ERROR] Failed to load resource: the server responded with a status of 500 (Internal Server Error) @ http://localhost:3000/api/overview/health:0
[16213528ms] [ERROR] Failed to load resource: the server responded with a status of 500 (Internal Server Error) @ http://localhost:3000/api/overview/health:0
[16243527ms] [ERROR] Failed to load resource: the server responded with a status of 500 (Internal Server Error) @ http://localhost:3000/api/overview/health:0
[16273536ms] [ERROR] Failed to load resource: the server responded with a status of 500 (Internal Server Error) @ http://localhost:3000/api/overview/health:0
[16303543ms] [ERROR] Failed to load resource: the server responded with a status of 500 (Internal Server Error) @ http://localhost:3000/api/overview/health:0
[16333538ms] [ERROR] Failed to load resource: the server responded with a status of 500 (Internal Server Error) @ http://localhost:3000/api/overview/health:0
[16363540ms] [ERROR] Failed to load resource: the server responded with a status of 500 (Internal Server Error) @ http://localhost:3000/api/overview/health:0
[16393534ms] [ERROR] Failed to load resource: the server responded with a status of 500 (Internal Server Error) @ http://localhost:3000/api/overview/health:0
[16423535ms] [ERROR] Failed to load resource: the server responded with a status of 500 (Internal Server Error) @ http://localhost:3000/api/overview/health:0
[16453541ms] [ERROR] Failed to load resource: the server responded with a status of 500 (Internal Server Error) @ http://localhost:3000/api/overview/health:0
[16462902ms] [INFO] %cDownload the React DevTools for a better development experience: https://reactjs.org/link/react-devtools font-weight:bold @ http://localhost:3000/node_modules/.vite/deps/react-dom-BEjadErz.js?v=d7848635:17230
[16463030ms] [ERROR] Failed to load resource: the server responded with a status of 500 (Internal Server Error) @ http://localhost:3000/api/overview/health:0
[16463035ms] [ERROR] Failed to load resource: the server responded with a status of 500 (Internal Server Error) @ http://localhost:3000/api/overview/health:0
[16463139ms] [ERROR] Failed to load resource: the server responded with a status of 500 (Internal Server Error) @ http://localhost:3000/api/ha-alerts?page=0&size=100&sort=-%40timestamp%2Cid&order=desc&status=active:0
[16464303ms] [WARNING] AG Grid: warning #60 Visit https://www.ag-grid.com/react-data-grid/errors/60?_version_=36.0.0 
  Alternatively register the ValidationModule to see the full message in the console. @ http://localhost:3000/node_modules/.vite/deps/ag-grid-community.js?v=c742ded7:6343
[16468625ms] [ERROR] Failed to load resource: the server responded with a status of 500 (Internal Server Error) @ http://localhost:3000/api/ha-alerts?page=0&size=100&sort=-%40timestamp%2Cid&order=desc&status=active:0
[16469210ms] [ERROR] Failed to load resource: the server responded with a status of 500 (Internal Server Error) @ http://localhost:3000/api/ha-alerts?page=0&size=100&sort=-%40timestamp%2Cid&order=desc&status=active:0
