[     210ms] [INFO] %cDownload the React DevTools for a better development experience: https://reactjs.org/link/react-devtools font-weight:bold @ http://localhost:3000/node_modules/.vite/deps/react-dom-BEjadErz.js?v=d60f55b8:17230
[     258ms] [ERROR] Failed to load resource: the server responded with a status of 500 (Internal Server Error) @ http://localhost:3000/api/overview/health:0
[     278ms] [ERROR] Failed to load resource: the server responded with a status of 500 (Internal Server Error) @ http://localhost:3000/api/overview/health:0
[     298ms] [ERROR] Failed to load resource: the server responded with a status of 500 (Internal Server Error) @ http://localhost:3000/api/ha-incidents/105/entities:0
[     321ms] [ERROR] Warning: Each child in a list should have a unique "key" prop.%s%s See https://reactjs.org/link/warning-keys for more information.%s 

Check the render method of `IncidentDetailPage`.  
    at div
    at IncidentDetailPage (http://localhost:3000/src/pages/incidents/IncidentDetailPage.tsx:168:17)
    at AuthGuard (http://localhost:3000/src/router/AuthGuard.tsx:20:29)
    at RenderedRoute (http://localhost:3000/node_modules/.vite/deps/react-router-dom.js?v=d60f55b8:3821:10)
    at Outlet (http://localhost:3000/node_modules/.vite/deps/react-router-dom.js?v=d60f55b8:4229:27)
    at Suspense
    at main
    at div
    at AppLayout (http://localhost:3000/src/router/AppLayout.tsx:22:24)
    at RenderedRoute (http://localhost:3000/node_modules/.vite/deps/react-router-dom.js?v=d60f55b8:3821:10)
    at RenderErrorBoundary (http://localhost:3000/node_modules/.vite/deps/react-router-dom.js?v=d60f55b8:3788:5)
    at DataRoutes (http://localhost:3000/node_modules/.vite/deps/react-router-dom.js?v=d60f55b8:5096:10)
    at Router (http://localhost:3000/node_modules/.vite/deps/react-router-dom.js?v=d60f55b8:4249:20)
    at RouterProvider (http://localhost:3000/node_modules/.vite/deps/react-router-dom.js?v=d60f55b8:4929:10)
    at Suspense
    at AppInner (http://localhost:3000/src/App.tsx?t=1786170145744:18:30)
    at QueryClientProvider (http://localhost:3000/node_modules/.vite/deps/@tanstack_react-query.js?v=d60f55b8:2995:31)
    at App @ http://localhost:3000/node_modules/.vite/deps/react_jsx-dev-runtime.js?v=d60f55b8:52
[     324ms] [ERROR] Warning: React.jsx: type is invalid -- expected a string (for built-in components) or a class/function (for composite components) but got: %s.%s%s undefined  You likely forgot to export your component from the file it's defined in, or you might have mixed up default and named imports.

Check your code at IncidentTimelinePanel.tsx:115. 
    at IncidentTimelinePanel (http://localhost:3000/src/pages/incidents/components/IncidentTimelinePanel.tsx:52:41)
    at section
    at div
    at div
    at section
    at section
    at div
    at div
    at IncidentDetailPage (http://localhost:3000/src/pages/incidents/IncidentDetailPage.tsx:168:17)
    at AuthGuard (http://localhost:3000/src/router/AuthGuard.tsx:20:29)
    at RenderedRoute (http://localhost:3000/node_modules/.vite/deps/react-router-dom.js?v=d60f55b8:3821:10)
    at Outlet (http://localhost:3000/node_modules/.vite/deps/react-router-dom.js?v=d60f55b8:4229:27)
    at Suspense
    at main
    at div
    at AppLayout (http://localhost:3000/src/router/AppLayout.tsx:22:24)
    at RenderedRoute (http://localhost:3000/node_modules/.vite/deps/react-router-dom.js?v=d60f55b8:3821:10)
    at RenderErrorBoundary (http://localhost:3000/node_modules/.vite/deps/react-router-dom.js?v=d60f55b8:3788:5)
    at DataRoutes (http://localhost:3000/node_modules/.vite/deps/react-router-dom.js?v=d60f55b8:5096:10)
    at Router (http://localhost:3000/node_modules/.vite/deps/react-router-dom.js?v=d60f55b8:4249:20)
    at RouterProvider (http://localhost:3000/node_modules/.vite/deps/react-router-dom.js?v=d60f55b8:4929:10)
    at Suspense
    at AppInner (http://localhost:3000/src/App.tsx?t=1786170145744:18:30)
    at QueryClientProvider (http://localhost:3000/node_modules/.vite/deps/@tanstack_react-query.js?v=d60f55b8:2995:31)
    at App @ http://localhost:3000/node_modules/.vite/deps/react_jsx-dev-runtime.js?v=d60f55b8:52
[     324ms] [ERROR] Warning: React.jsx: type is invalid -- expected a string (for built-in components) or a class/function (for composite components) but got: %s.%s%s undefined  You likely forgot to export your component from the file it's defined in, or you might have mixed up default and named imports.

Check your code at IncidentTimelinePanel.tsx:115. 
    at IncidentTimelinePanel (http://localhost:3000/src/pages/incidents/components/IncidentTimelinePanel.tsx:52:41)
    at section
    at div
    at div
    at section
    at section
    at div
    at div
    at IncidentDetailPage (http://localhost:3000/src/pages/incidents/IncidentDetailPage.tsx:168:17)
    at AuthGuard (http://localhost:3000/src/router/AuthGuard.tsx:20:29)
    at RenderedRoute (http://localhost:3000/node_modules/.vite/deps/react-router-dom.js?v=d60f55b8:3821:10)
    at Outlet (http://localhost:3000/node_modules/.vite/deps/react-router-dom.js?v=d60f55b8:4229:27)
    at Suspense
    at main
    at div
    at AppLayout (http://localhost:3000/src/router/AppLayout.tsx:22:24)
    at RenderedRoute (http://localhost:3000/node_modules/.vite/deps/react-router-dom.js?v=d60f55b8:3821:10)
    at RenderErrorBoundary (http://localhost:3000/node_modules/.vite/deps/react-router-dom.js?v=d60f55b8:3788:5)
    at DataRoutes (http://localhost:3000/node_modules/.vite/deps/react-router-dom.js?v=d60f55b8:5096:10)
    at Router (http://localhost:3000/node_modules/.vite/deps/react-router-dom.js?v=d60f55b8:4249:20)
    at RouterProvider (http://localhost:3000/node_modules/.vite/deps/react-router-dom.js?v=d60f55b8:4929:10)
    at Suspense
    at AppInner (http://localhost:3000/src/App.tsx?t=1786170145744:18:30)
    at QueryClientProvider (http://localhost:3000/node_modules/.vite/deps/@tanstack_react-query.js?v=d60f55b8:2995:31)
    at App @ http://localhost:3000/node_modules/.vite/deps/react_jsx-dev-runtime.js?v=d60f55b8:52
[     324ms] [ERROR] Warning: React.jsx: type is invalid -- expected a string (for built-in components) or a class/function (for composite components) but got: %s.%s%s undefined  You likely forgot to export your component from the file it's defined in, or you might have mixed up default and named imports.

Check your code at IncidentTimelinePanel.tsx:115. 
    at IncidentTimelinePanel (http://localhost:3000/src/pages/incidents/components/IncidentTimelinePanel.tsx:52:41)
    at section
    at div
    at div
    at section
    at section
    at div
    at div
    at IncidentDetailPage (http://localhost:3000/src/pages/incidents/IncidentDetailPage.tsx:168:17)
    at AuthGuard (http://localhost:3000/src/router/AuthGuard.tsx:20:29)
    at RenderedRoute (http://localhost:3000/node_modules/.vite/deps/react-router-dom.js?v=d60f55b8:3821:10)
    at Outlet (http://localhost:3000/node_modules/.vite/deps/react-router-dom.js?v=d60f55b8:4229:27)
    at Suspense
    at main
    at div
    at AppLayout (http://localhost:3000/src/router/AppLayout.tsx:22:24)
    at RenderedRoute (http://localhost:3000/node_modules/.vite/deps/react-router-dom.js?v=d60f55b8:3821:10)
    at RenderErrorBoundary (http://localhost:3000/node_modules/.vite/deps/react-router-dom.js?v=d60f55b8:3788:5)
    at DataRoutes (http://localhost:3000/node_modules/.vite/deps/react-router-dom.js?v=d60f55b8:5096:10)
    at Router (http://localhost:3000/node_modules/.vite/deps/react-router-dom.js?v=d60f55b8:4249:20)
    at RouterProvider (http://localhost:3000/node_modules/.vite/deps/react-router-dom.js?v=d60f55b8:4929:10)
    at Suspense
    at AppInner (http://localhost:3000/src/App.tsx?t=1786170145744:18:30)
    at QueryClientProvider (http://localhost:3000/node_modules/.vite/deps/@tanstack_react-query.js?v=d60f55b8:2995:31)
    at App @ http://localhost:3000/node_modules/.vite/deps/react_jsx-dev-runtime.js?v=d60f55b8:52
[     324ms] [ERROR] Warning: React.jsx: type is invalid -- expected a string (for built-in components) or a class/function (for composite components) but got: %s.%s%s undefined  You likely forgot to export your component from the file it's defined in, or you might have mixed up default and named imports.

Check your code at IncidentTimelinePanel.tsx:115. 
    at IncidentTimelinePanel (http://localhost:3000/src/pages/incidents/components/IncidentTimelinePanel.tsx:52:41)
    at section
    at div
    at div
    at section
    at section
    at div
    at div
    at IncidentDetailPage (http://localhost:3000/src/pages/incidents/IncidentDetailPage.tsx:168:17)
    at AuthGuard (http://localhost:3000/src/router/AuthGuard.tsx:20:29)
    at RenderedRoute (http://localhost:3000/node_modules/.vite/deps/react-router-dom.js?v=d60f55b8:3821:10)
    at Outlet (http://localhost:3000/node_modules/.vite/deps/react-router-dom.js?v=d60f55b8:4229:27)
    at Suspense
    at main
    at div
    at AppLayout (http://localhost:3000/src/router/AppLayout.tsx:22:24)
    at RenderedRoute (http://localhost:3000/node_modules/.vite/deps/react-router-dom.js?v=d60f55b8:3821:10)
    at RenderErrorBoundary (http://localhost:3000/node_modules/.vite/deps/react-router-dom.js?v=d60f55b8:3788:5)
    at DataRoutes (http://localhost:3000/node_modules/.vite/deps/react-router-dom.js?v=d60f55b8:5096:10)
    at Router (http://localhost:3000/node_modules/.vite/deps/react-router-dom.js?v=d60f55b8:4249:20)
    at RouterProvider (http://localhost:3000/node_modules/.vite/deps/react-router-dom.js?v=d60f55b8:4929:10)
    at Suspense
    at AppInner (http://localhost:3000/src/App.tsx?t=1786170145744:18:30)
    at QueryClientProvider (http://localhost:3000/node_modules/.vite/deps/@tanstack_react-query.js?v=d60f55b8:2995:31)
    at App @ http://localhost:3000/node_modules/.vite/deps/react_jsx-dev-runtime.js?v=d60f55b8:52
[     324ms] [ERROR] Warning: React.jsx: type is invalid -- expected a string (for built-in components) or a class/function (for composite components) but got: %s.%s%s undefined  You likely forgot to export your component from the file it's defined in, or you might have mixed up default and named imports.

Check your code at IncidentTimelinePanel.tsx:115. 
    at IncidentTimelinePanel (http://localhost:3000/src/pages/incidents/components/IncidentTimelinePanel.tsx:52:41)
    at section
    at div
    at div
    at section
    at section
    at div
    at div
    at IncidentDetailPage (http://localhost:3000/src/pages/incidents/IncidentDetailPage.tsx:168:17)
    at AuthGuard (http://localhost:3000/src/router/AuthGuard.tsx:20:29)
    at RenderedRoute (http://localhost:3000/node_modules/.vite/deps/react-router-dom.js?v=d60f55b8:3821:10)
    at Outlet (http://localhost:3000/node_modules/.vite/deps/react-router-dom.js?v=d60f55b8:4229:27)
    at Suspense
    at main
    at div
    at AppLayout (http://localhost:3000/src/router/AppLayout.tsx:22:24)
    at RenderedRoute (http://localhost:3000/node_modules/.vite/deps/react-router-dom.js?v=d60f55b8:3821:10)
    at RenderErrorBoundary (http://localhost:3000/node_modules/.vite/deps/react-router-dom.js?v=d60f55b8:3788:5)
    at DataRoutes (http://localhost:3000/node_modules/.vite/deps/react-router-dom.js?v=d60f55b8:5096:10)
    at Router (http://localhost:3000/node_modules/.vite/deps/react-router-dom.js?v=d60f55b8:4249:20)
    at RouterProvider (http://localhost:3000/node_modules/.vite/deps/react-router-dom.js?v=d60f55b8:4929:10)
    at Suspense
    at AppInner (http://localhost:3000/src/App.tsx?t=1786170145744:18:30)
    at QueryClientProvider (http://localhost:3000/node_modules/.vite/deps/@tanstack_react-query.js?v=d60f55b8:2995:31)
    at App @ http://localhost:3000/node_modules/.vite/deps/react_jsx-dev-runtime.js?v=d60f55b8:52
[     324ms] [ERROR] Warning: Each child in a list should have a unique "key" prop.%s%s See https://reactjs.org/link/warning-keys for more information.%s 

Check the render method of `IncidentTimelinePanel`.  
    at li
    at IncidentTimelinePanel (http://localhost:3000/src/pages/incidents/components/IncidentTimelinePanel.tsx:52:41)
    at section
    at div
    at div
    at section
    at section
    at div
    at div
    at IncidentDetailPage (http://localhost:3000/src/pages/incidents/IncidentDetailPage.tsx:168:17)
    at AuthGuard (http://localhost:3000/src/router/AuthGuard.tsx:20:29)
    at RenderedRoute (http://localhost:3000/node_modules/.vite/deps/react-router-dom.js?v=d60f55b8:3821:10)
    at Outlet (http://localhost:3000/node_modules/.vite/deps/react-router-dom.js?v=d60f55b8:4229:27)
    at Suspense
    at main
    at div
    at AppLayout (http://localhost:3000/src/router/AppLayout.tsx:22:24)
    at RenderedRoute (http://localhost:3000/node_modules/.vite/deps/react-router-dom.js?v=d60f55b8:3821:10)
    at RenderErrorBoundary (http://localhost:3000/node_modules/.vite/deps/react-router-dom.js?v=d60f55b8:3788:5)
    at DataRoutes (http://localhost:3000/node_modules/.vite/deps/react-router-dom.js?v=d60f55b8:5096:10)
    at Router (http://localhost:3000/node_modules/.vite/deps/react-router-dom.js?v=d60f55b8:4249:20)
    at RouterProvider (http://localhost:3000/node_modules/.vite/deps/react-router-dom.js?v=d60f55b8:4929:10)
    at Suspense
    at AppInner (http://localhost:3000/src/App.tsx?t=1786170145744:18:30)
    at QueryClientProvider (http://localhost:3000/node_modules/.vite/deps/@tanstack_react-query.js?v=d60f55b8:2995:31)
    at App @ http://localhost:3000/node_modules/.vite/deps/react_jsx-dev-runtime.js?v=d60f55b8:52
[     324ms] [ERROR] Warning: React.jsx: type is invalid -- expected a string (for built-in components) or a class/function (for composite components) but got: %s.%s%s undefined  You likely forgot to export your component from the file it's defined in, or you might have mixed up default and named imports.

Check your code at IncidentTimelinePanel.tsx:115. 
    at IncidentTimelinePanel (http://localhost:3000/src/pages/incidents/components/IncidentTimelinePanel.tsx:52:41)
    at section
    at div
    at div
    at section
    at section
    at div
    at div
    at IncidentDetailPage (http://localhost:3000/src/pages/incidents/IncidentDetailPage.tsx:168:17)
    at AuthGuard (http://localhost:3000/src/router/AuthGuard.tsx:20:29)
    at RenderedRoute (http://localhost:3000/node_modules/.vite/deps/react-router-dom.js?v=d60f55b8:3821:10)
    at Outlet (http://localhost:3000/node_modules/.vite/deps/react-router-dom.js?v=d60f55b8:4229:27)
    at Suspense
    at main
    at div
    at AppLayout (http://localhost:3000/src/router/AppLayout.tsx:22:24)
    at RenderedRoute (http://localhost:3000/node_modules/.vite/deps/react-router-dom.js?v=d60f55b8:3821:10)
    at RenderErrorBoundary (http://localhost:3000/node_modules/.vite/deps/react-router-dom.js?v=d60f55b8:3788:5)
    at DataRoutes (http://localhost:3000/node_modules/.vite/deps/react-router-dom.js?v=d60f55b8:5096:10)
    at Router (http://localhost:3000/node_modules/.vite/deps/react-router-dom.js?v=d60f55b8:4249:20)
    at RouterProvider (http://localhost:3000/node_modules/.vite/deps/react-router-dom.js?v=d60f55b8:4929:10)
    at Suspense
    at AppInner (http://localhost:3000/src/App.tsx?t=1786170145744:18:30)
    at QueryClientProvider (http://localhost:3000/node_modules/.vite/deps/@tanstack_react-query.js?v=d60f55b8:2995:31)
    at App @ http://localhost:3000/node_modules/.vite/deps/react_jsx-dev-runtime.js?v=d60f55b8:52
[     325ms] [ERROR] Warning: React.jsx: type is invalid -- expected a string (for built-in components) or a class/function (for composite components) but got: %s.%s%s undefined  You likely forgot to export your component from the file it's defined in, or you might have mixed up default and named imports.

Check your code at IncidentTimelinePanel.tsx:115. 
    at IncidentTimelinePanel (http://localhost:3000/src/pages/incidents/components/IncidentTimelinePanel.tsx:52:41)
    at section
    at div
    at div
    at section
    at section
    at div
    at div
    at IncidentDetailPage (http://localhost:3000/src/pages/incidents/IncidentDetailPage.tsx:168:17)
    at AuthGuard (http://localhost:3000/src/router/AuthGuard.tsx:20:29)
    at RenderedRoute (http://localhost:3000/node_modules/.vite/deps/react-router-dom.js?v=d60f55b8:3821:10)
    at Outlet (http://localhost:3000/node_modules/.vite/deps/react-router-dom.js?v=d60f55b8:4229:27)
    at Suspense
    at main
    at div
    at AppLayout (http://localhost:3000/src/router/AppLayout.tsx:22:24)
    at RenderedRoute (http://localhost:3000/node_modules/.vite/deps/react-router-dom.js?v=d60f55b8:3821:10)
    at RenderErrorBoundary (http://localhost:3000/node_modules/.vite/deps/react-router-dom.js?v=d60f55b8:3788:5)
    at DataRoutes (http://localhost:3000/node_modules/.vite/deps/react-router-dom.js?v=d60f55b8:5096:10)
    at Router (http://localhost:3000/node_modules/.vite/deps/react-router-dom.js?v=d60f55b8:4249:20)
    at RouterProvider (http://localhost:3000/node_modules/.vite/deps/react-router-dom.js?v=d60f55b8:4929:10)
    at Suspense
    at AppInner (http://localhost:3000/src/App.tsx?t=1786170145744:18:30)
    at QueryClientProvider (http://localhost:3000/node_modules/.vite/deps/@tanstack_react-query.js?v=d60f55b8:2995:31)
    at App @ http://localhost:3000/node_modules/.vite/deps/react_jsx-dev-runtime.js?v=d60f55b8:52
[     325ms] [ERROR] Warning: React.jsx: type is invalid -- expected a string (for built-in components) or a class/function (for composite components) but got: %s.%s%s undefined  You likely forgot to export your component from the file it's defined in, or you might have mixed up default and named imports.

Check your code at IncidentTimelinePanel.tsx:115. 
    at IncidentTimelinePanel (http://localhost:3000/src/pages/incidents/components/IncidentTimelinePanel.tsx:52:41)
    at section
    at div
    at div
    at section
    at section
    at div
    at div
    at IncidentDetailPage (http://localhost:3000/src/pages/incidents/IncidentDetailPage.tsx:168:17)
    at AuthGuard (http://localhost:3000/src/router/AuthGuard.tsx:20:29)
    at RenderedRoute (http://localhost:3000/node_modules/.vite/deps/react-router-dom.js?v=d60f55b8:3821:10)
    at Outlet (http://localhost:3000/node_modules/.vite/deps/react-router-dom.js?v=d60f55b8:4229:27)
    at Suspense
    at main
    at div
    at AppLayout (http://localhost:3000/src/router/AppLayout.tsx:22:24)
    at RenderedRoute (http://localhost:3000/node_modules/.vite/deps/react-router-dom.js?v=d60f55b8:3821:10)
    at RenderErrorBoundary (http://localhost:3000/node_modules/.vite/deps/react-router-dom.js?v=d60f55b8:3788:5)
    at DataRoutes (http://localhost:3000/node_modules/.vite/deps/react-router-dom.js?v=d60f55b8:5096:10)
    at Router (http://localhost:3000/node_modules/.vite/deps/react-router-dom.js?v=d60f55b8:4249:20)
    at RouterProvider (http://localhost:3000/node_modules/.vite/deps/react-router-dom.js?v=d60f55b8:4929:10)
    at Suspense
    at AppInner (http://localhost:3000/src/App.tsx?t=1786170145744:18:30)
    at QueryClientProvider (http://localhost:3000/node_modules/.vite/deps/@tanstack_react-query.js?v=d60f55b8:2995:31)
    at App @ http://localhost:3000/node_modules/.vite/deps/react_jsx-dev-runtime.js?v=d60f55b8:52
[     325ms] [ERROR] Warning: React.jsx: type is invalid -- expected a string (for built-in components) or a class/function (for composite components) but got: %s.%s%s undefined  You likely forgot to export your component from the file it's defined in, or you might have mixed up default and named imports.

Check your code at IncidentTimelinePanel.tsx:115. 
    at IncidentTimelinePanel (http://localhost:3000/src/pages/incidents/components/IncidentTimelinePanel.tsx:52:41)
    at section
    at div
    at div
    at section
    at section
    at div
    at div
    at IncidentDetailPage (http://localhost:3000/src/pages/incidents/IncidentDetailPage.tsx:168:17)
    at AuthGuard (http://localhost:3000/src/router/AuthGuard.tsx:20:29)
    at RenderedRoute (http://localhost:3000/node_modules/.vite/deps/react-router-dom.js?v=d60f55b8:3821:10)
    at Outlet (http://localhost:3000/node_modules/.vite/deps/react-router-dom.js?v=d60f55b8:4229:27)
    at Suspense
    at main
    at div
    at AppLayout (http://localhost:3000/src/router/AppLayout.tsx:22:24)
    at RenderedRoute (http://localhost:3000/node_modules/.vite/deps/react-router-dom.js?v=d60f55b8:3821:10)
    at RenderErrorBoundary (http://localhost:3000/node_modules/.vite/deps/react-router-dom.js?v=d60f55b8:3788:5)
    at DataRoutes (http://localhost:3000/node_modules/.vite/deps/react-router-dom.js?v=d60f55b8:5096:10)
    at Router (http://localhost:3000/node_modules/.vite/deps/react-router-dom.js?v=d60f55b8:4249:20)
    at RouterProvider (http://localhost:3000/node_modules/.vite/deps/react-router-dom.js?v=d60f55b8:4929:10)
    at Suspense
    at AppInner (http://localhost:3000/src/App.tsx?t=1786170145744:18:30)
    at QueryClientProvider (http://localhost:3000/node_modules/.vite/deps/@tanstack_react-query.js?v=d60f55b8:2995:31)
    at App @ http://localhost:3000/node_modules/.vite/deps/react_jsx-dev-runtime.js?v=d60f55b8:52
[     325ms] [ERROR] Warning: React.jsx: type is invalid -- expected a string (for built-in components) or a class/function (for composite components) but got: %s.%s%s undefined  You likely forgot to export your component from the file it's defined in, or you might have mixed up default and named imports.

Check your code at IncidentTimelinePanel.tsx:115. 
    at IncidentTimelinePanel (http://localhost:3000/src/pages/incidents/components/IncidentTimelinePanel.tsx:52:41)
    at section
    at div
    at div
    at section
    at section
    at div
    at div
    at IncidentDetailPage (http://localhost:3000/src/pages/incidents/IncidentDetailPage.tsx:168:17)
    at AuthGuard (http://localhost:3000/src/router/AuthGuard.tsx:20:29)
    at RenderedRoute (http://localhost:3000/node_modules/.vite/deps/react-router-dom.js?v=d60f55b8:3821:10)
    at Outlet (http://localhost:3000/node_modules/.vite/deps/react-router-dom.js?v=d60f55b8:4229:27)
    at Suspense
    at main
    at div
    at AppLayout (http://localhost:3000/src/router/AppLayout.tsx:22:24)
    at RenderedRoute (http://localhost:3000/node_modules/.vite/deps/react-router-dom.js?v=d60f55b8:3821:10)
    at RenderErrorBoundary (http://localhost:3000/node_modules/.vite/deps/react-router-dom.js?v=d60f55b8:3788:5)
    at DataRoutes (http://localhost:3000/node_modules/.vite/deps/react-router-dom.js?v=d60f55b8:5096:10)
    at Router (http://localhost:3000/node_modules/.vite/deps/react-router-dom.js?v=d60f55b8:4249:20)
    at RouterProvider (http://localhost:3000/node_modules/.vite/deps/react-router-dom.js?v=d60f55b8:4929:10)
    at Suspense
    at AppInner (http://localhost:3000/src/App.tsx?t=1786170145744:18:30)
    at QueryClientProvider (http://localhost:3000/node_modules/.vite/deps/@tanstack_react-query.js?v=d60f55b8:2995:31)
    at App @ http://localhost:3000/node_modules/.vite/deps/react_jsx-dev-runtime.js?v=d60f55b8:52
[     327ms] Error: Element type is invalid: expected a string (for built-in components) or a class/function (for composite components) but got: undefined. You likely forgot to export your component from the file it's defined in, or you might have mixed up default and named imports.

Check the render method of `IncidentTimelinePanel`.
    at createFiberFromTypeAndProps (http://localhost:3000/node_modules/.vite/deps/react-dom-BEjadErz.js?v=d60f55b8:16466:12)
    at createFiberFromElement (http://localhost:3000/node_modules/.vite/deps/react-dom-BEjadErz.js?v=d60f55b8:16481:16)
    at reconcileSingleElement (http://localhost:3000/node_modules/.vite/deps/react-dom-BEjadErz.js?v=d60f55b8:8849:22)
    at reconcileChildFibers (http://localhost:3000/node_modules/.vite/deps/react-dom-BEjadErz.js?v=d60f55b8:8879:56)
    at reconcileChildren (http://localhost:3000/node_modules/.vite/deps/react-dom-BEjadErz.js?v=d60f55b8:11924:49)
    at updateHostComponent (http://localhost:3000/node_modules/.vite/deps/react-dom-BEjadErz.js?v=d60f55b8:12287:4)
    at beginWork (http://localhost:3000/node_modules/.vite/deps/react-dom-BEjadErz.js?v=d60f55b8:13102:32)
    at HTMLUnknownElement.callCallback (http://localhost:3000/node_modules/.vite/deps/react-dom-BEjadErz.js?v=d60f55b8:3142:11)
    at Object.invokeGuardedCallbackDev (http://localhost:3000/node_modules/.vite/deps/react-dom-BEjadErz.js?v=d60f55b8:3162:14)
    at invokeGuardedCallback (http://localhost:3000/node_modules/.vite/deps/react-dom-BEjadErz.js?v=d60f55b8:3201:32)
[     327ms] Error: Element type is invalid: expected a string (for built-in components) or a class/function (for composite components) but got: undefined. You likely forgot to export your component from the file it's defined in, or you might have mixed up default and named imports.

Check the render method of `IncidentTimelinePanel`.
    at createFiberFromTypeAndProps (http://localhost:3000/node_modules/.vite/deps/react-dom-BEjadErz.js?v=d60f55b8:16466:12)
    at createFiberFromElement (http://localhost:3000/node_modules/.vite/deps/react-dom-BEjadErz.js?v=d60f55b8:16481:16)
    at reconcileSingleElement (http://localhost:3000/node_modules/.vite/deps/react-dom-BEjadErz.js?v=d60f55b8:8849:22)
    at reconcileChildFibers (http://localhost:3000/node_modules/.vite/deps/react-dom-BEjadErz.js?v=d60f55b8:8879:56)
    at reconcileChildren (http://localhost:3000/node_modules/.vite/deps/react-dom-BEjadErz.js?v=d60f55b8:11924:49)
    at updateHostComponent (http://localhost:3000/node_modules/.vite/deps/react-dom-BEjadErz.js?v=d60f55b8:12287:4)
    at beginWork (http://localhost:3000/node_modules/.vite/deps/react-dom-BEjadErz.js?v=d60f55b8:13102:32)
    at HTMLUnknownElement.callCallback (http://localhost:3000/node_modules/.vite/deps/react-dom-BEjadErz.js?v=d60f55b8:3142:11)
    at Object.invokeGuardedCallbackDev (http://localhost:3000/node_modules/.vite/deps/react-dom-BEjadErz.js?v=d60f55b8:3162:14)
    at invokeGuardedCallback (http://localhost:3000/node_modules/.vite/deps/react-dom-BEjadErz.js?v=d60f55b8:3201:32)
[     327ms] Error: Element type is invalid: expected a string (for built-in components) or a class/function (for composite components) but got: undefined. You likely forgot to export your component from the file it's defined in, or you might have mixed up default and named imports.

Check the render method of `IncidentTimelinePanel`.
    at createFiberFromTypeAndProps (http://localhost:3000/node_modules/.vite/deps/react-dom-BEjadErz.js?v=d60f55b8:16466:12)
    at createFiberFromElement (http://localhost:3000/node_modules/.vite/deps/react-dom-BEjadErz.js?v=d60f55b8:16481:16)
    at reconcileSingleElement (http://localhost:3000/node_modules/.vite/deps/react-dom-BEjadErz.js?v=d60f55b8:8849:22)
    at reconcileChildFibers (http://localhost:3000/node_modules/.vite/deps/react-dom-BEjadErz.js?v=d60f55b8:8879:56)
    at reconcileChildren (http://localhost:3000/node_modules/.vite/deps/react-dom-BEjadErz.js?v=d60f55b8:11924:49)
    at updateHostComponent (http://localhost:3000/node_modules/.vite/deps/react-dom-BEjadErz.js?v=d60f55b8:12287:4)
    at beginWork (http://localhost:3000/node_modules/.vite/deps/react-dom-BEjadErz.js?v=d60f55b8:13102:32)
    at HTMLUnknownElement.callCallback (http://localhost:3000/node_modules/.vite/deps/react-dom-BEjadErz.js?v=d60f55b8:3142:11)
    at Object.invokeGuardedCallbackDev (http://localhost:3000/node_modules/.vite/deps/react-dom-BEjadErz.js?v=d60f55b8:3162:14)
    at invokeGuardedCallback (http://localhost:3000/node_modules/.vite/deps/react-dom-BEjadErz.js?v=d60f55b8:3201:32)
[     327ms] Error: Element type is invalid: expected a string (for built-in components) or a class/function (for composite components) but got: undefined. You likely forgot to export your component from the file it's defined in, or you might have mixed up default and named imports.

Check the render method of `IncidentTimelinePanel`.
    at createFiberFromTypeAndProps (http://localhost:3000/node_modules/.vite/deps/react-dom-BEjadErz.js?v=d60f55b8:16466:12)
    at createFiberFromElement (http://localhost:3000/node_modules/.vite/deps/react-dom-BEjadErz.js?v=d60f55b8:16481:16)
    at reconcileSingleElement (http://localhost:3000/node_modules/.vite/deps/react-dom-BEjadErz.js?v=d60f55b8:8849:22)
    at reconcileChildFibers (http://localhost:3000/node_modules/.vite/deps/react-dom-BEjadErz.js?v=d60f55b8:8879:56)
    at reconcileChildren (http://localhost:3000/node_modules/.vite/deps/react-dom-BEjadErz.js?v=d60f55b8:11924:49)
    at updateHostComponent (http://localhost:3000/node_modules/.vite/deps/react-dom-BEjadErz.js?v=d60f55b8:12287:4)
    at beginWork (http://localhost:3000/node_modules/.vite/deps/react-dom-BEjadErz.js?v=d60f55b8:13102:32)
    at HTMLUnknownElement.callCallback (http://localhost:3000/node_modules/.vite/deps/react-dom-BEjadErz.js?v=d60f55b8:3142:11)
    at Object.invokeGuardedCallbackDev (http://localhost:3000/node_modules/.vite/deps/react-dom-BEjadErz.js?v=d60f55b8:3162:14)
    at invokeGuardedCallback (http://localhost:3000/node_modules/.vite/deps/react-dom-BEjadErz.js?v=d60f55b8:3201:32)
[     327ms] Error: Element type is invalid: expected a string (for built-in components) or a class/function (for composite components) but got: undefined. You likely forgot to export your component from the file it's defined in, or you might have mixed up default and named imports.

Check the render method of `IncidentTimelinePanel`.
    at createFiberFromTypeAndProps (http://localhost:3000/node_modules/.vite/deps/react-dom-BEjadErz.js?v=d60f55b8:16466:12)
    at createFiberFromElement (http://localhost:3000/node_modules/.vite/deps/react-dom-BEjadErz.js?v=d60f55b8:16481:16)
    at reconcileSingleElement (http://localhost:3000/node_modules/.vite/deps/react-dom-BEjadErz.js?v=d60f55b8:8849:22)
    at reconcileChildFibers (http://localhost:3000/node_modules/.vite/deps/react-dom-BEjadErz.js?v=d60f55b8:8879:56)
    at reconcileChildren (http://localhost:3000/node_modules/.vite/deps/react-dom-BEjadErz.js?v=d60f55b8:11924:49)
    at updateHostComponent (http://localhost:3000/node_modules/.vite/deps/react-dom-BEjadErz.js?v=d60f55b8:12287:4)
    at beginWork (http://localhost:3000/node_modules/.vite/deps/react-dom-BEjadErz.js?v=d60f55b8:13102:32)
    at HTMLUnknownElement.callCallback (http://localhost:3000/node_modules/.vite/deps/react-dom-BEjadErz.js?v=d60f55b8:3142:11)
    at Object.invokeGuardedCallbackDev (http://localhost:3000/node_modules/.vite/deps/react-dom-BEjadErz.js?v=d60f55b8:3162:14)
    at invokeGuardedCallback (http://localhost:3000/node_modules/.vite/deps/react-dom-BEjadErz.js?v=d60f55b8:3201:32)
[     327ms] [ERROR] Error handled by React Router default ErrorBoundary: Error: Element type is invalid: expected a string (for built-in components) or a class/function (for composite components) but got: undefined. You likely forgot to export your component from the file it's defined in, or you might have mixed up default and named imports.

Check the render method of `IncidentTimelinePanel`.
    at createFiberFromTypeAndProps (http://localhost:3000/node_modules/.vite/deps/react-dom-BEjadErz.js?v=d60f55b8:16466:12)
    at createFiberFromElement (http://localhost:3000/node_modules/.vite/deps/react-dom-BEjadErz.js?v=d60f55b8:16481:16)
    at reconcileSingleElement (http://localhost:3000/node_modules/.vite/deps/react-dom-BEjadErz.js?v=d60f55b8:8849:22)
    at reconcileChildFibers (http://localhost:3000/node_modules/.vite/deps/react-dom-BEjadErz.js?v=d60f55b8:8879:56)
    at reconcileChildren (http://localhost:3000/node_modules/.vite/deps/react-dom-BEjadErz.js?v=d60f55b8:11924:49)
    at updateHostComponent (http://localhost:3000/node_modules/.vite/deps/react-dom-BEjadErz.js?v=d60f55b8:12287:4)
    at beginWork (http://localhost:3000/node_modules/.vite/deps/react-dom-BEjadErz.js?v=d60f55b8:13102:32)
    at beginWork$1 (http://localhost:3000/node_modules/.vite/deps/react-dom-BEjadErz.js?v=d60f55b8:15982:12)
    at performUnitOfWork (http://localhost:3000/node_modules/.vite/deps/react-dom-BEjadErz.js?v=d60f55b8:15568:12)
    at workLoopSync (http://localhost:3000/node_modules/.vite/deps/react-dom-BEjadErz.js?v=d60f55b8:15517:36) @ http://localhost:3000/node_modules/.vite/deps/react-router-dom.js?v=d60f55b8:3780
[     327ms] [ERROR] Error handled by React Router default ErrorBoundary: Error: Element type is invalid: expected a string (for built-in components) or a class/function (for composite components) but got: undefined. You likely forgot to export your component from the file it's defined in, or you might have mixed up default and named imports.

Check the render method of `IncidentTimelinePanel`.
    at createFiberFromTypeAndProps (http://localhost:3000/node_modules/.vite/deps/react-dom-BEjadErz.js?v=d60f55b8:16466:12)
    at createFiberFromElement (http://localhost:3000/node_modules/.vite/deps/react-dom-BEjadErz.js?v=d60f55b8:16481:16)
    at reconcileSingleElement (http://localhost:3000/node_modules/.vite/deps/react-dom-BEjadErz.js?v=d60f55b8:8849:22)
    at reconcileChildFibers (http://localhost:3000/node_modules/.vite/deps/react-dom-BEjadErz.js?v=d60f55b8:8879:56)
    at reconcileChildren (http://localhost:3000/node_modules/.vite/deps/react-dom-BEjadErz.js?v=d60f55b8:11924:49)
    at updateHostComponent (http://localhost:3000/node_modules/.vite/deps/react-dom-BEjadErz.js?v=d60f55b8:12287:4)
    at beginWork (http://localhost:3000/node_modules/.vite/deps/react-dom-BEjadErz.js?v=d60f55b8:13102:32)
    at beginWork$1 (http://localhost:3000/node_modules/.vite/deps/react-dom-BEjadErz.js?v=d60f55b8:15982:12)
    at performUnitOfWork (http://localhost:3000/node_modules/.vite/deps/react-dom-BEjadErz.js?v=d60f55b8:15568:12)
    at workLoopSync (http://localhost:3000/node_modules/.vite/deps/react-dom-BEjadErz.js?v=d60f55b8:15517:36) @ http://localhost:3000/node_modules/.vite/deps/react-router-dom.js?v=d60f55b8:3780
[     330ms] [ERROR] Warning: React.jsx: type is invalid -- expected a string (for built-in components) or a class/function (for composite components) but got: %s.%s%s undefined  You likely forgot to export your component from the file it's defined in, or you might have mixed up default and named imports.

Check your code at IncidentTimelinePanel.tsx:115. 
    at IncidentTimelinePanel (http://localhost:3000/src/pages/incidents/components/IncidentTimelinePanel.tsx:52:41)
    at section
    at div
    at div
    at section
    at section
    at div
    at div
    at IncidentDetailPage (http://localhost:3000/src/pages/incidents/IncidentDetailPage.tsx:168:17)
    at AuthGuard (http://localhost:3000/src/router/AuthGuard.tsx:20:29)
    at RenderedRoute (http://localhost:3000/node_modules/.vite/deps/react-router-dom.js?v=d60f55b8:3821:10)
    at Outlet (http://localhost:3000/node_modules/.vite/deps/react-router-dom.js?v=d60f55b8:4229:27)
    at Suspense
    at main
    at div
    at AppLayout (http://localhost:3000/src/router/AppLayout.tsx:22:24)
    at RenderedRoute (http://localhost:3000/node_modules/.vite/deps/react-router-dom.js?v=d60f55b8:3821:10)
    at RenderErrorBoundary (http://localhost:3000/node_modules/.vite/deps/react-router-dom.js?v=d60f55b8:3788:5)
    at DataRoutes (http://localhost:3000/node_modules/.vite/deps/react-router-dom.js?v=d60f55b8:5096:10)
    at Router (http://localhost:3000/node_modules/.vite/deps/react-router-dom.js?v=d60f55b8:4249:20)
    at RouterProvider (http://localhost:3000/node_modules/.vite/deps/react-router-dom.js?v=d60f55b8:4929:10)
    at Suspense
    at AppInner (http://localhost:3000/src/App.tsx?t=1786170145744:18:30)
    at QueryClientProvider (http://localhost:3000/node_modules/.vite/deps/@tanstack_react-query.js?v=d60f55b8:2995:31)
    at App @ http://localhost:3000/node_modules/.vite/deps/react_jsx-dev-runtime.js?v=d60f55b8:52
[     330ms] [ERROR] Warning: React.jsx: type is invalid -- expected a string (for built-in components) or a class/function (for composite components) but got: %s.%s%s undefined  You likely forgot to export your component from the file it's defined in, or you might have mixed up default and named imports.

Check your code at IncidentTimelinePanel.tsx:115. 
    at IncidentTimelinePanel (http://localhost:3000/src/pages/incidents/components/IncidentTimelinePanel.tsx:52:41)
    at section
    at div
    at div
    at section
    at section
    at div
    at div
    at IncidentDetailPage (http://localhost:3000/src/pages/incidents/IncidentDetailPage.tsx:168:17)
    at AuthGuard (http://localhost:3000/src/router/AuthGuard.tsx:20:29)
    at RenderedRoute (http://localhost:3000/node_modules/.vite/deps/react-router-dom.js?v=d60f55b8:3821:10)
    at Outlet (http://localhost:3000/node_modules/.vite/deps/react-router-dom.js?v=d60f55b8:4229:27)
    at Suspense
    at main
    at div
    at AppLayout (http://localhost:3000/src/router/AppLayout.tsx:22:24)
    at RenderedRoute (http://localhost:3000/node_modules/.vite/deps/react-router-dom.js?v=d60f55b8:3821:10)
    at RenderErrorBoundary (http://localhost:3000/node_modules/.vite/deps/react-router-dom.js?v=d60f55b8:3788:5)
    at DataRoutes (http://localhost:3000/node_modules/.vite/deps/react-router-dom.js?v=d60f55b8:5096:10)
    at Router (http://localhost:3000/node_modules/.vite/deps/react-router-dom.js?v=d60f55b8:4249:20)
    at RouterProvider (http://localhost:3000/node_modules/.vite/deps/react-router-dom.js?v=d60f55b8:4929:10)
    at Suspense
    at AppInner (http://localhost:3000/src/App.tsx?t=1786170145744:18:30)
    at QueryClientProvider (http://localhost:3000/node_modules/.vite/deps/@tanstack_react-query.js?v=d60f55b8:2995:31)
    at App @ http://localhost:3000/node_modules/.vite/deps/react_jsx-dev-runtime.js?v=d60f55b8:52
[     330ms] [ERROR] Warning: React.jsx: type is invalid -- expected a string (for built-in components) or a class/function (for composite components) but got: %s.%s%s undefined  You likely forgot to export your component from the file it's defined in, or you might have mixed up default and named imports.

Check your code at IncidentTimelinePanel.tsx:115. 
    at IncidentTimelinePanel (http://localhost:3000/src/pages/incidents/components/IncidentTimelinePanel.tsx:52:41)
    at section
    at div
    at div
    at section
    at section
    at div
    at div
    at IncidentDetailPage (http://localhost:3000/src/pages/incidents/IncidentDetailPage.tsx:168:17)
    at AuthGuard (http://localhost:3000/src/router/AuthGuard.tsx:20:29)
    at RenderedRoute (http://localhost:3000/node_modules/.vite/deps/react-router-dom.js?v=d60f55b8:3821:10)
    at Outlet (http://localhost:3000/node_modules/.vite/deps/react-router-dom.js?v=d60f55b8:4229:27)
    at Suspense
    at main
    at div
    at AppLayout (http://localhost:3000/src/router/AppLayout.tsx:22:24)
    at RenderedRoute (http://localhost:3000/node_modules/.vite/deps/react-router-dom.js?v=d60f55b8:3821:10)
    at RenderErrorBoundary (http://localhost:3000/node_modules/.vite/deps/react-router-dom.js?v=d60f55b8:3788:5)
    at DataRoutes (http://localhost:3000/node_modules/.vite/deps/react-router-dom.js?v=d60f55b8:5096:10)
    at Router (http://localhost:3000/node_modules/.vite/deps/react-router-dom.js?v=d60f55b8:4249:20)
    at RouterProvider (http://localhost:3000/node_modules/.vite/deps/react-router-dom.js?v=d60f55b8:4929:10)
    at Suspense
    at AppInner (http://localhost:3000/src/App.tsx?t=1786170145744:18:30)
    at QueryClientProvider (http://localhost:3000/node_modules/.vite/deps/@tanstack_react-query.js?v=d60f55b8:2995:31)
    at App @ http://localhost:3000/node_modules/.vite/deps/react_jsx-dev-runtime.js?v=d60f55b8:52
[     330ms] [ERROR] Warning: React.jsx: type is invalid -- expected a string (for built-in components) or a class/function (for composite components) but got: %s.%s%s undefined  You likely forgot to export your component from the file it's defined in, or you might have mixed up default and named imports.

Check your code at IncidentTimelinePanel.tsx:115. 
    at IncidentTimelinePanel (http://localhost:3000/src/pages/incidents/components/IncidentTimelinePanel.tsx:52:41)
    at section
    at div
    at div
    at section
    at section
    at div
    at div
    at IncidentDetailPage (http://localhost:3000/src/pages/incidents/IncidentDetailPage.tsx:168:17)
    at AuthGuard (http://localhost:3000/src/router/AuthGuard.tsx:20:29)
    at RenderedRoute (http://localhost:3000/node_modules/.vite/deps/react-router-dom.js?v=d60f55b8:3821:10)
    at Outlet (http://localhost:3000/node_modules/.vite/deps/react-router-dom.js?v=d60f55b8:4229:27)
    at Suspense
    at main
    at div
    at AppLayout (http://localhost:3000/src/router/AppLayout.tsx:22:24)
    at RenderedRoute (http://localhost:3000/node_modules/.vite/deps/react-router-dom.js?v=d60f55b8:3821:10)
    at RenderErrorBoundary (http://localhost:3000/node_modules/.vite/deps/react-router-dom.js?v=d60f55b8:3788:5)
    at DataRoutes (http://localhost:3000/node_modules/.vite/deps/react-router-dom.js?v=d60f55b8:5096:10)
    at Router (http://localhost:3000/node_modules/.vite/deps/react-router-dom.js?v=d60f55b8:4249:20)
    at RouterProvider (http://localhost:3000/node_modules/.vite/deps/react-router-dom.js?v=d60f55b8:4929:10)
    at Suspense
    at AppInner (http://localhost:3000/src/App.tsx?t=1786170145744:18:30)
    at QueryClientProvider (http://localhost:3000/node_modules/.vite/deps/@tanstack_react-query.js?v=d60f55b8:2995:31)
    at App @ http://localhost:3000/node_modules/.vite/deps/react_jsx-dev-runtime.js?v=d60f55b8:52
[     330ms] [ERROR] Warning: React.jsx: type is invalid -- expected a string (for built-in components) or a class/function (for composite components) but got: %s.%s%s undefined  You likely forgot to export your component from the file it's defined in, or you might have mixed up default and named imports.

Check your code at IncidentTimelinePanel.tsx:115. 
    at IncidentTimelinePanel (http://localhost:3000/src/pages/incidents/components/IncidentTimelinePanel.tsx:52:41)
    at section
    at div
    at div
    at section
    at section
    at div
    at div
    at IncidentDetailPage (http://localhost:3000/src/pages/incidents/IncidentDetailPage.tsx:168:17)
    at AuthGuard (http://localhost:3000/src/router/AuthGuard.tsx:20:29)
    at RenderedRoute (http://localhost:3000/node_modules/.vite/deps/react-router-dom.js?v=d60f55b8:3821:10)
    at Outlet (http://localhost:3000/node_modules/.vite/deps/react-router-dom.js?v=d60f55b8:4229:27)
    at Suspense
    at main
    at div
    at AppLayout (http://localhost:3000/src/router/AppLayout.tsx:22:24)
    at RenderedRoute (http://localhost:3000/node_modules/.vite/deps/react-router-dom.js?v=d60f55b8:3821:10)
    at RenderErrorBoundary (http://localhost:3000/node_modules/.vite/deps/react-router-dom.js?v=d60f55b8:3788:5)
    at DataRoutes (http://localhost:3000/node_modules/.vite/deps/react-router-dom.js?v=d60f55b8:5096:10)
    at Router (http://localhost:3000/node_modules/.vite/deps/react-router-dom.js?v=d60f55b8:4249:20)
    at RouterProvider (http://localhost:3000/node_modules/.vite/deps/react-router-dom.js?v=d60f55b8:4929:10)
    at Suspense
    at AppInner (http://localhost:3000/src/App.tsx?t=1786170145744:18:30)
    at QueryClientProvider (http://localhost:3000/node_modules/.vite/deps/@tanstack_react-query.js?v=d60f55b8:2995:31)
    at App @ http://localhost:3000/node_modules/.vite/deps/react_jsx-dev-runtime.js?v=d60f55b8:52
[     330ms] [ERROR] Warning: React.jsx: type is invalid -- expected a string (for built-in components) or a class/function (for composite components) but got: %s.%s%s undefined  You likely forgot to export your component from the file it's defined in, or you might have mixed up default and named imports.

Check your code at IncidentTimelinePanel.tsx:115. 
    at IncidentTimelinePanel (http://localhost:3000/src/pages/incidents/components/IncidentTimelinePanel.tsx:52:41)
    at section
    at div
    at div
    at section
    at section
    at div
    at div
    at IncidentDetailPage (http://localhost:3000/src/pages/incidents/IncidentDetailPage.tsx:168:17)
    at AuthGuard (http://localhost:3000/src/router/AuthGuard.tsx:20:29)
    at RenderedRoute (http://localhost:3000/node_modules/.vite/deps/react-router-dom.js?v=d60f55b8:3821:10)
    at Outlet (http://localhost:3000/node_modules/.vite/deps/react-router-dom.js?v=d60f55b8:4229:27)
    at Suspense
    at main
    at div
    at AppLayout (http://localhost:3000/src/router/AppLayout.tsx:22:24)
    at RenderedRoute (http://localhost:3000/node_modules/.vite/deps/react-router-dom.js?v=d60f55b8:3821:10)
    at RenderErrorBoundary (http://localhost:3000/node_modules/.vite/deps/react-router-dom.js?v=d60f55b8:3788:5)
    at DataRoutes (http://localhost:3000/node_modules/.vite/deps/react-router-dom.js?v=d60f55b8:5096:10)
    at Router (http://localhost:3000/node_modules/.vite/deps/react-router-dom.js?v=d60f55b8:4249:20)
    at RouterProvider (http://localhost:3000/node_modules/.vite/deps/react-router-dom.js?v=d60f55b8:4929:10)
    at Suspense
    at AppInner (http://localhost:3000/src/App.tsx?t=1786170145744:18:30)
    at QueryClientProvider (http://localhost:3000/node_modules/.vite/deps/@tanstack_react-query.js?v=d60f55b8:2995:31)
    at App @ http://localhost:3000/node_modules/.vite/deps/react_jsx-dev-runtime.js?v=d60f55b8:52
[     330ms] [ERROR] Warning: React.jsx: type is invalid -- expected a string (for built-in components) or a class/function (for composite components) but got: %s.%s%s undefined  You likely forgot to export your component from the file it's defined in, or you might have mixed up default and named imports.

Check your code at IncidentTimelinePanel.tsx:115. 
    at IncidentTimelinePanel (http://localhost:3000/src/pages/incidents/components/IncidentTimelinePanel.tsx:52:41)
    at section
    at div
    at div
    at section
    at section
    at div
    at div
    at IncidentDetailPage (http://localhost:3000/src/pages/incidents/IncidentDetailPage.tsx:168:17)
    at AuthGuard (http://localhost:3000/src/router/AuthGuard.tsx:20:29)
    at RenderedRoute (http://localhost:3000/node_modules/.vite/deps/react-router-dom.js?v=d60f55b8:3821:10)
    at Outlet (http://localhost:3000/node_modules/.vite/deps/react-router-dom.js?v=d60f55b8:4229:27)
    at Suspense
    at main
    at div
    at AppLayout (http://localhost:3000/src/router/AppLayout.tsx:22:24)
    at RenderedRoute (http://localhost:3000/node_modules/.vite/deps/react-router-dom.js?v=d60f55b8:3821:10)
    at RenderErrorBoundary (http://localhost:3000/node_modules/.vite/deps/react-router-dom.js?v=d60f55b8:3788:5)
    at DataRoutes (http://localhost:3000/node_modules/.vite/deps/react-router-dom.js?v=d60f55b8:5096:10)
    at Router (http://localhost:3000/node_modules/.vite/deps/react-router-dom.js?v=d60f55b8:4249:20)
    at RouterProvider (http://localhost:3000/node_modules/.vite/deps/react-router-dom.js?v=d60f55b8:4929:10)
    at Suspense
    at AppInner (http://localhost:3000/src/App.tsx?t=1786170145744:18:30)
    at QueryClientProvider (http://localhost:3000/node_modules/.vite/deps/@tanstack_react-query.js?v=d60f55b8:2995:31)
    at App @ http://localhost:3000/node_modules/.vite/deps/react_jsx-dev-runtime.js?v=d60f55b8:52
[     330ms] [ERROR] Warning: React.jsx: type is invalid -- expected a string (for built-in components) or a class/function (for composite components) but got: %s.%s%s undefined  You likely forgot to export your component from the file it's defined in, or you might have mixed up default and named imports.

Check your code at IncidentTimelinePanel.tsx:115. 
    at IncidentTimelinePanel (http://localhost:3000/src/pages/incidents/components/IncidentTimelinePanel.tsx:52:41)
    at section
    at div
    at div
    at section
    at section
    at div
    at div
    at IncidentDetailPage (http://localhost:3000/src/pages/incidents/IncidentDetailPage.tsx:168:17)
    at AuthGuard (http://localhost:3000/src/router/AuthGuard.tsx:20:29)
    at RenderedRoute (http://localhost:3000/node_modules/.vite/deps/react-router-dom.js?v=d60f55b8:3821:10)
    at Outlet (http://localhost:3000/node_modules/.vite/deps/react-router-dom.js?v=d60f55b8:4229:27)
    at Suspense
    at main
    at div
    at AppLayout (http://localhost:3000/src/router/AppLayout.tsx:22:24)
    at RenderedRoute (http://localhost:3000/node_modules/.vite/deps/react-router-dom.js?v=d60f55b8:3821:10)
    at RenderErrorBoundary (http://localhost:3000/node_modules/.vite/deps/react-router-dom.js?v=d60f55b8:3788:5)
    at DataRoutes (http://localhost:3000/node_modules/.vite/deps/react-router-dom.js?v=d60f55b8:5096:10)
    at Router (http://localhost:3000/node_modules/.vite/deps/react-router-dom.js?v=d60f55b8:4249:20)
    at RouterProvider (http://localhost:3000/node_modules/.vite/deps/react-router-dom.js?v=d60f55b8:4929:10)
    at Suspense
    at AppInner (http://localhost:3000/src/App.tsx?t=1786170145744:18:30)
    at QueryClientProvider (http://localhost:3000/node_modules/.vite/deps/@tanstack_react-query.js?v=d60f55b8:2995:31)
    at App @ http://localhost:3000/node_modules/.vite/deps/react_jsx-dev-runtime.js?v=d60f55b8:52
[     331ms] [ERROR] Warning: React.jsx: type is invalid -- expected a string (for built-in components) or a class/function (for composite components) but got: %s.%s%s undefined  You likely forgot to export your component from the file it's defined in, or you might have mixed up default and named imports.

Check your code at IncidentTimelinePanel.tsx:115. 
    at IncidentTimelinePanel (http://localhost:3000/src/pages/incidents/components/IncidentTimelinePanel.tsx:52:41)
    at section
    at div
    at div
    at section
    at section
    at div
    at div
    at IncidentDetailPage (http://localhost:3000/src/pages/incidents/IncidentDetailPage.tsx:168:17)
    at AuthGuard (http://localhost:3000/src/router/AuthGuard.tsx:20:29)
    at RenderedRoute (http://localhost:3000/node_modules/.vite/deps/react-router-dom.js?v=d60f55b8:3821:10)
    at Outlet (http://localhost:3000/node_modules/.vite/deps/react-router-dom.js?v=d60f55b8:4229:27)
    at Suspense
    at main
    at div
    at AppLayout (http://localhost:3000/src/router/AppLayout.tsx:22:24)
    at RenderedRoute (http://localhost:3000/node_modules/.vite/deps/react-router-dom.js?v=d60f55b8:3821:10)
    at RenderErrorBoundary (http://localhost:3000/node_modules/.vite/deps/react-router-dom.js?v=d60f55b8:3788:5)
    at DataRoutes (http://localhost:3000/node_modules/.vite/deps/react-router-dom.js?v=d60f55b8:5096:10)
    at Router (http://localhost:3000/node_modules/.vite/deps/react-router-dom.js?v=d60f55b8:4249:20)
    at RouterProvider (http://localhost:3000/node_modules/.vite/deps/react-router-dom.js?v=d60f55b8:4929:10)
    at Suspense
    at AppInner (http://localhost:3000/src/App.tsx?t=1786170145744:18:30)
    at QueryClientProvider (http://localhost:3000/node_modules/.vite/deps/@tanstack_react-query.js?v=d60f55b8:2995:31)
    at App @ http://localhost:3000/node_modules/.vite/deps/react_jsx-dev-runtime.js?v=d60f55b8:52
[     331ms] [ERROR] Warning: React.jsx: type is invalid -- expected a string (for built-in components) or a class/function (for composite components) but got: %s.%s%s undefined  You likely forgot to export your component from the file it's defined in, or you might have mixed up default and named imports.

Check your code at IncidentTimelinePanel.tsx:115. 
    at IncidentTimelinePanel (http://localhost:3000/src/pages/incidents/components/IncidentTimelinePanel.tsx:52:41)
    at section
    at div
    at div
    at section
    at section
    at div
    at div
    at IncidentDetailPage (http://localhost:3000/src/pages/incidents/IncidentDetailPage.tsx:168:17)
    at AuthGuard (http://localhost:3000/src/router/AuthGuard.tsx:20:29)
    at RenderedRoute (http://localhost:3000/node_modules/.vite/deps/react-router-dom.js?v=d60f55b8:3821:10)
    at Outlet (http://localhost:3000/node_modules/.vite/deps/react-router-dom.js?v=d60f55b8:4229:27)
    at Suspense
    at main
    at div
    at AppLayout (http://localhost:3000/src/router/AppLayout.tsx:22:24)
    at RenderedRoute (http://localhost:3000/node_modules/.vite/deps/react-router-dom.js?v=d60f55b8:3821:10)
    at RenderErrorBoundary (http://localhost:3000/node_modules/.vite/deps/react-router-dom.js?v=d60f55b8:3788:5)
    at DataRoutes (http://localhost:3000/node_modules/.vite/deps/react-router-dom.js?v=d60f55b8:5096:10)
    at Router (http://localhost:3000/node_modules/.vite/deps/react-router-dom.js?v=d60f55b8:4249:20)
    at RouterProvider (http://localhost:3000/node_modules/.vite/deps/react-router-dom.js?v=d60f55b8:4929:10)
    at Suspense
    at AppInner (http://localhost:3000/src/App.tsx?t=1786170145744:18:30)
    at QueryClientProvider (http://localhost:3000/node_modules/.vite/deps/@tanstack_react-query.js?v=d60f55b8:2995:31)
    at App @ http://localhost:3000/node_modules/.vite/deps/react_jsx-dev-runtime.js?v=d60f55b8:52
[     334ms] Error: Element type is invalid: expected a string (for built-in components) or a class/function (for composite components) but got: undefined. You likely forgot to export your component from the file it's defined in, or you might have mixed up default and named imports.

Check the render method of `IncidentTimelinePanel`.
    at createFiberFromTypeAndProps (http://localhost:3000/node_modules/.vite/deps/react-dom-BEjadErz.js?v=d60f55b8:16466:12)
    at createFiberFromElement (http://localhost:3000/node_modules/.vite/deps/react-dom-BEjadErz.js?v=d60f55b8:16481:16)
    at reconcileSingleElement (http://localhost:3000/node_modules/.vite/deps/react-dom-BEjadErz.js?v=d60f55b8:8849:22)
    at reconcileChildFibers (http://localhost:3000/node_modules/.vite/deps/react-dom-BEjadErz.js?v=d60f55b8:8879:56)
    at reconcileChildren (http://localhost:3000/node_modules/.vite/deps/react-dom-BEjadErz.js?v=d60f55b8:11924:49)
    at updateHostComponent (http://localhost:3000/node_modules/.vite/deps/react-dom-BEjadErz.js?v=d60f55b8:12287:4)
    at beginWork (http://localhost:3000/node_modules/.vite/deps/react-dom-BEjadErz.js?v=d60f55b8:13102:32)
    at HTMLUnknownElement.callCallback (http://localhost:3000/node_modules/.vite/deps/react-dom-BEjadErz.js?v=d60f55b8:3142:11)
    at Object.invokeGuardedCallbackDev (http://localhost:3000/node_modules/.vite/deps/react-dom-BEjadErz.js?v=d60f55b8:3162:14)
    at invokeGuardedCallback (http://localhost:3000/node_modules/.vite/deps/react-dom-BEjadErz.js?v=d60f55b8:3201:32)
[     334ms] Error: Element type is invalid: expected a string (for built-in components) or a class/function (for composite components) but got: undefined. You likely forgot to export your component from the file it's defined in, or you might have mixed up default and named imports.

Check the render method of `IncidentTimelinePanel`.
    at createFiberFromTypeAndProps (http://localhost:3000/node_modules/.vite/deps/react-dom-BEjadErz.js?v=d60f55b8:16466:12)
    at createFiberFromElement (http://localhost:3000/node_modules/.vite/deps/react-dom-BEjadErz.js?v=d60f55b8:16481:16)
    at reconcileSingleElement (http://localhost:3000/node_modules/.vite/deps/react-dom-BEjadErz.js?v=d60f55b8:8849:22)
    at reconcileChildFibers (http://localhost:3000/node_modules/.vite/deps/react-dom-BEjadErz.js?v=d60f55b8:8879:56)
    at reconcileChildren (http://localhost:3000/node_modules/.vite/deps/react-dom-BEjadErz.js?v=d60f55b8:11924:49)
    at updateHostComponent (http://localhost:3000/node_modules/.vite/deps/react-dom-BEjadErz.js?v=d60f55b8:12287:4)
    at beginWork (http://localhost:3000/node_modules/.vite/deps/react-dom-BEjadErz.js?v=d60f55b8:13102:32)
    at HTMLUnknownElement.callCallback (http://localhost:3000/node_modules/.vite/deps/react-dom-BEjadErz.js?v=d60f55b8:3142:11)
    at Object.invokeGuardedCallbackDev (http://localhost:3000/node_modules/.vite/deps/react-dom-BEjadErz.js?v=d60f55b8:3162:14)
    at invokeGuardedCallback (http://localhost:3000/node_modules/.vite/deps/react-dom-BEjadErz.js?v=d60f55b8:3201:32)
[     334ms] Error: Element type is invalid: expected a string (for built-in components) or a class/function (for composite components) but got: undefined. You likely forgot to export your component from the file it's defined in, or you might have mixed up default and named imports.

Check the render method of `IncidentTimelinePanel`.
    at createFiberFromTypeAndProps (http://localhost:3000/node_modules/.vite/deps/react-dom-BEjadErz.js?v=d60f55b8:16466:12)
    at createFiberFromElement (http://localhost:3000/node_modules/.vite/deps/react-dom-BEjadErz.js?v=d60f55b8:16481:16)
    at reconcileSingleElement (http://localhost:3000/node_modules/.vite/deps/react-dom-BEjadErz.js?v=d60f55b8:8849:22)
    at reconcileChildFibers (http://localhost:3000/node_modules/.vite/deps/react-dom-BEjadErz.js?v=d60f55b8:8879:56)
    at reconcileChildren (http://localhost:3000/node_modules/.vite/deps/react-dom-BEjadErz.js?v=d60f55b8:11924:49)
    at updateHostComponent (http://localhost:3000/node_modules/.vite/deps/react-dom-BEjadErz.js?v=d60f55b8:12287:4)
    at beginWork (http://localhost:3000/node_modules/.vite/deps/react-dom-BEjadErz.js?v=d60f55b8:13102:32)
    at HTMLUnknownElement.callCallback (http://localhost:3000/node_modules/.vite/deps/react-dom-BEjadErz.js?v=d60f55b8:3142:11)
    at Object.invokeGuardedCallbackDev (http://localhost:3000/node_modules/.vite/deps/react-dom-BEjadErz.js?v=d60f55b8:3162:14)
    at invokeGuardedCallback (http://localhost:3000/node_modules/.vite/deps/react-dom-BEjadErz.js?v=d60f55b8:3201:32)
[     334ms] Error: Element type is invalid: expected a string (for built-in components) or a class/function (for composite components) but got: undefined. You likely forgot to export your component from the file it's defined in, or you might have mixed up default and named imports.

Check the render method of `IncidentTimelinePanel`.
    at createFiberFromTypeAndProps (http://localhost:3000/node_modules/.vite/deps/react-dom-BEjadErz.js?v=d60f55b8:16466:12)
    at createFiberFromElement (http://localhost:3000/node_modules/.vite/deps/react-dom-BEjadErz.js?v=d60f55b8:16481:16)
    at reconcileSingleElement (http://localhost:3000/node_modules/.vite/deps/react-dom-BEjadErz.js?v=d60f55b8:8849:22)
    at reconcileChildFibers (http://localhost:3000/node_modules/.vite/deps/react-dom-BEjadErz.js?v=d60f55b8:8879:56)
    at reconcileChildren (http://localhost:3000/node_modules/.vite/deps/react-dom-BEjadErz.js?v=d60f55b8:11924:49)
    at updateHostComponent (http://localhost:3000/node_modules/.vite/deps/react-dom-BEjadErz.js?v=d60f55b8:12287:4)
    at beginWork (http://localhost:3000/node_modules/.vite/deps/react-dom-BEjadErz.js?v=d60f55b8:13102:32)
    at HTMLUnknownElement.callCallback (http://localhost:3000/node_modules/.vite/deps/react-dom-BEjadErz.js?v=d60f55b8:3142:11)
    at Object.invokeGuardedCallbackDev (http://localhost:3000/node_modules/.vite/deps/react-dom-BEjadErz.js?v=d60f55b8:3162:14)
    at invokeGuardedCallback (http://localhost:3000/node_modules/.vite/deps/react-dom-BEjadErz.js?v=d60f55b8:3201:32)
[     334ms] Error: Element type is invalid: expected a string (for built-in components) or a class/function (for composite components) but got: undefined. You likely forgot to export your component from the file it's defined in, or you might have mixed up default and named imports.

Check the render method of `IncidentTimelinePanel`.
    at createFiberFromTypeAndProps (http://localhost:3000/node_modules/.vite/deps/react-dom-BEjadErz.js?v=d60f55b8:16466:12)
    at createFiberFromElement (http://localhost:3000/node_modules/.vite/deps/react-dom-BEjadErz.js?v=d60f55b8:16481:16)
    at reconcileSingleElement (http://localhost:3000/node_modules/.vite/deps/react-dom-BEjadErz.js?v=d60f55b8:8849:22)
    at reconcileChildFibers (http://localhost:3000/node_modules/.vite/deps/react-dom-BEjadErz.js?v=d60f55b8:8879:56)
    at reconcileChildren (http://localhost:3000/node_modules/.vite/deps/react-dom-BEjadErz.js?v=d60f55b8:11924:49)
    at updateHostComponent (http://localhost:3000/node_modules/.vite/deps/react-dom-BEjadErz.js?v=d60f55b8:12287:4)
    at beginWork (http://localhost:3000/node_modules/.vite/deps/react-dom-BEjadErz.js?v=d60f55b8:13102:32)
    at HTMLUnknownElement.callCallback (http://localhost:3000/node_modules/.vite/deps/react-dom-BEjadErz.js?v=d60f55b8:3142:11)
    at Object.invokeGuardedCallbackDev (http://localhost:3000/node_modules/.vite/deps/react-dom-BEjadErz.js?v=d60f55b8:3162:14)
    at invokeGuardedCallback (http://localhost:3000/node_modules/.vite/deps/react-dom-BEjadErz.js?v=d60f55b8:3201:32)
[     332ms] [ERROR] Error handled by React Router default ErrorBoundary: Error: Element type is invalid: expected a string (for built-in components) or a class/function (for composite components) but got: undefined. You likely forgot to export your component from the file it's defined in, or you might have mixed up default and named imports.

Check the render method of `IncidentTimelinePanel`.
    at createFiberFromTypeAndProps (http://localhost:3000/node_modules/.vite/deps/react-dom-BEjadErz.js?v=d60f55b8:16466:12)
    at createFiberFromElement (http://localhost:3000/node_modules/.vite/deps/react-dom-BEjadErz.js?v=d60f55b8:16481:16)
    at reconcileSingleElement (http://localhost:3000/node_modules/.vite/deps/react-dom-BEjadErz.js?v=d60f55b8:8849:22)
    at reconcileChildFibers (http://localhost:3000/node_modules/.vite/deps/react-dom-BEjadErz.js?v=d60f55b8:8879:56)
    at reconcileChildren (http://localhost:3000/node_modules/.vite/deps/react-dom-BEjadErz.js?v=d60f55b8:11924:49)
    at updateHostComponent (http://localhost:3000/node_modules/.vite/deps/react-dom-BEjadErz.js?v=d60f55b8:12287:4)
    at beginWork (http://localhost:3000/node_modules/.vite/deps/react-dom-BEjadErz.js?v=d60f55b8:13102:32)
    at beginWork$1 (http://localhost:3000/node_modules/.vite/deps/react-dom-BEjadErz.js?v=d60f55b8:15982:12)
    at performUnitOfWork (http://localhost:3000/node_modules/.vite/deps/react-dom-BEjadErz.js?v=d60f55b8:15568:12)
    at workLoopSync (http://localhost:3000/node_modules/.vite/deps/react-dom-BEjadErz.js?v=d60f55b8:15517:36) @ http://localhost:3000/node_modules/.vite/deps/react-router-dom.js?v=d60f55b8:3780
[     332ms] [ERROR] Error handled by React Router default ErrorBoundary: Error: Element type is invalid: expected a string (for built-in components) or a class/function (for composite components) but got: undefined. You likely forgot to export your component from the file it's defined in, or you might have mixed up default and named imports.

Check the render method of `IncidentTimelinePanel`.
    at createFiberFromTypeAndProps (http://localhost:3000/node_modules/.vite/deps/react-dom-BEjadErz.js?v=d60f55b8:16466:12)
    at createFiberFromElement (http://localhost:3000/node_modules/.vite/deps/react-dom-BEjadErz.js?v=d60f55b8:16481:16)
    at reconcileSingleElement (http://localhost:3000/node_modules/.vite/deps/react-dom-BEjadErz.js?v=d60f55b8:8849:22)
    at reconcileChildFibers (http://localhost:3000/node_modules/.vite/deps/react-dom-BEjadErz.js?v=d60f55b8:8879:56)
    at reconcileChildren (http://localhost:3000/node_modules/.vite/deps/react-dom-BEjadErz.js?v=d60f55b8:11924:49)
    at updateHostComponent (http://localhost:3000/node_modules/.vite/deps/react-dom-BEjadErz.js?v=d60f55b8:12287:4)
    at beginWork (http://localhost:3000/node_modules/.vite/deps/react-dom-BEjadErz.js?v=d60f55b8:13102:32)
    at beginWork$1 (http://localhost:3000/node_modules/.vite/deps/react-dom-BEjadErz.js?v=d60f55b8:15982:12)
    at performUnitOfWork (http://localhost:3000/node_modules/.vite/deps/react-dom-BEjadErz.js?v=d60f55b8:15568:12)
    at workLoopSync (http://localhost:3000/node_modules/.vite/deps/react-dom-BEjadErz.js?v=d60f55b8:15517:36) @ http://localhost:3000/node_modules/.vite/deps/react-router-dom.js?v=d60f55b8:3780
[     333ms] [ERROR] The above error occurred in the <span> component:

    at span
    at li
    at ol
    at section
    at IncidentTimelinePanel (http://localhost:3000/src/pages/incidents/components/IncidentTimelinePanel.tsx:52:41)
    at section
    at div
    at div
    at section
    at section
    at div
    at div
    at IncidentDetailPage (http://localhost:3000/src/pages/incidents/IncidentDetailPage.tsx:168:17)
    at AuthGuard (http://localhost:3000/src/router/AuthGuard.tsx:20:29)
    at RenderedRoute (http://localhost:3000/node_modules/.vite/deps/react-router-dom.js?v=d60f55b8:3821:10)
    at Outlet (http://localhost:3000/node_modules/.vite/deps/react-router-dom.js?v=d60f55b8:4229:27)
    at Suspense
    at main
    at div
    at AppLayout (http://localhost:3000/src/router/AppLayout.tsx:22:24)
    at RenderedRoute (http://localhost:3000/node_modules/.vite/deps/react-router-dom.js?v=d60f55b8:3821:10)
    at RenderErrorBoundary (http://localhost:3000/node_modules/.vite/deps/react-router-dom.js?v=d60f55b8:3788:5)
    at DataRoutes (http://localhost:3000/node_modules/.vite/deps/react-router-dom.js?v=d60f55b8:5096:10)
    at Router (http://localhost:3000/node_modules/.vite/deps/react-router-dom.js?v=d60f55b8:4249:20)
    at RouterProvider (http://localhost:3000/node_modules/.vite/deps/react-router-dom.js?v=d60f55b8:4929:10)
    at Suspense
    at AppInner (http://localhost:3000/src/App.tsx?t=1786170145744:18:30)
    at QueryClientProvider (http://localhost:3000/node_modules/.vite/deps/@tanstack_react-query.js?v=d60f55b8:2995:31)
    at App

React will try to recreate this component tree from scratch using the error boundary you provided, RenderErrorBoundary. @ http://localhost:3000/node_modules/.vite/deps/react-dom-BEjadErz.js?v=d60f55b8:11718
[     333ms] [ERROR] React Router caught the following error during render Error: Element type is invalid: expected a string (for built-in components) or a class/function (for composite components) but got: undefined. You likely forgot to export your component from the file it's defined in, or you might have mixed up default and named imports.

Check the render method of `IncidentTimelinePanel`.
    at createFiberFromTypeAndProps (http://localhost:3000/node_modules/.vite/deps/react-dom-BEjadErz.js?v=d60f55b8:16466:12)
    at createFiberFromElement (http://localhost:3000/node_modules/.vite/deps/react-dom-BEjadErz.js?v=d60f55b8:16481:16)
    at reconcileSingleElement (http://localhost:3000/node_modules/.vite/deps/react-dom-BEjadErz.js?v=d60f55b8:8849:22)
    at reconcileChildFibers (http://localhost:3000/node_modules/.vite/deps/react-dom-BEjadErz.js?v=d60f55b8:8879:56)
    at reconcileChildren (http://localhost:3000/node_modules/.vite/deps/react-dom-BEjadErz.js?v=d60f55b8:11924:49)
    at updateHostComponent (http://localhost:3000/node_modules/.vite/deps/react-dom-BEjadErz.js?v=d60f55b8:12287:4)
    at beginWork (http://localhost:3000/node_modules/.vite/deps/react-dom-BEjadErz.js?v=d60f55b8:13102:32)
    at beginWork$1 (http://localhost:3000/node_modules/.vite/deps/react-dom-BEjadErz.js?v=d60f55b8:15982:12)
    at performUnitOfWork (http://localhost:3000/node_modules/.vite/deps/react-dom-BEjadErz.js?v=d60f55b8:15568:12)
    at workLoopSync (http://localhost:3000/node_modules/.vite/deps/react-dom-BEjadErz.js?v=d60f55b8:15517:36) {componentStack: 
    at span
    at li
    at ol
    at section
  …ack_react-query.js?v=d60f55b8:2995:31)
    at App} @ http://localhost:3000/node_modules/.vite/deps/react-router-dom.js?v=d60f55b8:3810
[     333ms] [ERROR] The above error occurred in the <span> component:

    at span
    at li
    at ol
    at section
    at IncidentTimelinePanel (http://localhost:3000/src/pages/incidents/components/IncidentTimelinePanel.tsx:52:41)
    at section
    at div
    at div
    at section
    at section
    at div
    at div
    at IncidentDetailPage (http://localhost:3000/src/pages/incidents/IncidentDetailPage.tsx:168:17)
    at AuthGuard (http://localhost:3000/src/router/AuthGuard.tsx:20:29)
    at RenderedRoute (http://localhost:3000/node_modules/.vite/deps/react-router-dom.js?v=d60f55b8:3821:10)
    at Outlet (http://localhost:3000/node_modules/.vite/deps/react-router-dom.js?v=d60f55b8:4229:27)
    at Suspense
    at main
    at div
    at AppLayout (http://localhost:3000/src/router/AppLayout.tsx:22:24)
    at RenderedRoute (http://localhost:3000/node_modules/.vite/deps/react-router-dom.js?v=d60f55b8:3821:10)
    at RenderErrorBoundary (http://localhost:3000/node_modules/.vite/deps/react-router-dom.js?v=d60f55b8:3788:5)
    at DataRoutes (http://localhost:3000/node_modules/.vite/deps/react-router-dom.js?v=d60f55b8:5096:10)
    at Router (http://localhost:3000/node_modules/.vite/deps/react-router-dom.js?v=d60f55b8:4249:20)
    at RouterProvider (http://localhost:3000/node_modules/.vite/deps/react-router-dom.js?v=d60f55b8:4929:10)
    at Suspense
    at AppInner (http://localhost:3000/src/App.tsx?t=1786170145744:18:30)
    at QueryClientProvider (http://localhost:3000/node_modules/.vite/deps/@tanstack_react-query.js?v=d60f55b8:2995:31)
    at App

React will try to recreate this component tree from scratch using the error boundary you provided, RenderErrorBoundary. @ http://localhost:3000/node_modules/.vite/deps/react-dom-BEjadErz.js?v=d60f55b8:11718
[     333ms] [ERROR] React Router caught the following error during render Error: Element type is invalid: expected a string (for built-in components) or a class/function (for composite components) but got: undefined. You likely forgot to export your component from the file it's defined in, or you might have mixed up default and named imports.

Check the render method of `IncidentTimelinePanel`.
    at createFiberFromTypeAndProps (http://localhost:3000/node_modules/.vite/deps/react-dom-BEjadErz.js?v=d60f55b8:16466:12)
    at createFiberFromElement (http://localhost:3000/node_modules/.vite/deps/react-dom-BEjadErz.js?v=d60f55b8:16481:16)
    at reconcileSingleElement (http://localhost:3000/node_modules/.vite/deps/react-dom-BEjadErz.js?v=d60f55b8:8849:22)
    at reconcileChildFibers (http://localhost:3000/node_modules/.vite/deps/react-dom-BEjadErz.js?v=d60f55b8:8879:56)
    at reconcileChildren (http://localhost:3000/node_modules/.vite/deps/react-dom-BEjadErz.js?v=d60f55b8:11924:49)
    at updateHostComponent (http://localhost:3000/node_modules/.vite/deps/react-dom-BEjadErz.js?v=d60f55b8:12287:4)
    at beginWork (http://localhost:3000/node_modules/.vite/deps/react-dom-BEjadErz.js?v=d60f55b8:13102:32)
    at beginWork$1 (http://localhost:3000/node_modules/.vite/deps/react-dom-BEjadErz.js?v=d60f55b8:15982:12)
    at performUnitOfWork (http://localhost:3000/node_modules/.vite/deps/react-dom-BEjadErz.js?v=d60f55b8:15568:12)
    at workLoopSync (http://localhost:3000/node_modules/.vite/deps/react-dom-BEjadErz.js?v=d60f55b8:15517:36) {componentStack: 
    at span
    at li
    at ol
    at section
  …ack_react-query.js?v=d60f55b8:2995:31)
    at App} @ http://localhost:3000/node_modules/.vite/deps/react-router-dom.js?v=d60f55b8:3810
[     334ms] [ERROR] The above error occurred in the <span> component:

    at span
    at li
    at ol
    at section
    at IncidentTimelinePanel (http://localhost:3000/src/pages/incidents/components/IncidentTimelinePanel.tsx:52:41)
    at section
    at div
    at div
    at section
    at section
    at div
    at div
    at IncidentDetailPage (http://localhost:3000/src/pages/incidents/IncidentDetailPage.tsx:168:17)
    at AuthGuard (http://localhost:3000/src/router/AuthGuard.tsx:20:29)
    at RenderedRoute (http://localhost:3000/node_modules/.vite/deps/react-router-dom.js?v=d60f55b8:3821:10)
    at Outlet (http://localhost:3000/node_modules/.vite/deps/react-router-dom.js?v=d60f55b8:4229:27)
    at Suspense
    at main
    at div
    at AppLayout (http://localhost:3000/src/router/AppLayout.tsx:22:24)
    at RenderedRoute (http://localhost:3000/node_modules/.vite/deps/react-router-dom.js?v=d60f55b8:3821:10)
    at RenderErrorBoundary (http://localhost:3000/node_modules/.vite/deps/react-router-dom.js?v=d60f55b8:3788:5)
    at DataRoutes (http://localhost:3000/node_modules/.vite/deps/react-router-dom.js?v=d60f55b8:5096:10)
    at Router (http://localhost:3000/node_modules/.vite/deps/react-router-dom.js?v=d60f55b8:4249:20)
    at RouterProvider (http://localhost:3000/node_modules/.vite/deps/react-router-dom.js?v=d60f55b8:4929:10)
    at Suspense
    at AppInner (http://localhost:3000/src/App.tsx?t=1786170145744:18:30)
    at QueryClientProvider (http://localhost:3000/node_modules/.vite/deps/@tanstack_react-query.js?v=d60f55b8:2995:31)
    at App

React will try to recreate this component tree from scratch using the error boundary you provided, RenderErrorBoundary. @ http://localhost:3000/node_modules/.vite/deps/react-dom-BEjadErz.js?v=d60f55b8:11718
[     334ms] [ERROR] React Router caught the following error during render Error: Element type is invalid: expected a string (for built-in components) or a class/function (for composite components) but got: undefined. You likely forgot to export your component from the file it's defined in, or you might have mixed up default and named imports.

Check the render method of `IncidentTimelinePanel`.
    at createFiberFromTypeAndProps (http://localhost:3000/node_modules/.vite/deps/react-dom-BEjadErz.js?v=d60f55b8:16466:12)
    at createFiberFromElement (http://localhost:3000/node_modules/.vite/deps/react-dom-BEjadErz.js?v=d60f55b8:16481:16)
    at reconcileSingleElement (http://localhost:3000/node_modules/.vite/deps/react-dom-BEjadErz.js?v=d60f55b8:8849:22)
    at reconcileChildFibers (http://localhost:3000/node_modules/.vite/deps/react-dom-BEjadErz.js?v=d60f55b8:8879:56)
    at reconcileChildren (http://localhost:3000/node_modules/.vite/deps/react-dom-BEjadErz.js?v=d60f55b8:11924:49)
    at updateHostComponent (http://localhost:3000/node_modules/.vite/deps/react-dom-BEjadErz.js?v=d60f55b8:12287:4)
    at beginWork (http://localhost:3000/node_modules/.vite/deps/react-dom-BEjadErz.js?v=d60f55b8:13102:32)
    at beginWork$1 (http://localhost:3000/node_modules/.vite/deps/react-dom-BEjadErz.js?v=d60f55b8:15982:12)
    at performUnitOfWork (http://localhost:3000/node_modules/.vite/deps/react-dom-BEjadErz.js?v=d60f55b8:15568:12)
    at workLoopSync (http://localhost:3000/node_modules/.vite/deps/react-dom-BEjadErz.js?v=d60f55b8:15517:36) {componentStack: 
    at span
    at li
    at ol
    at section
  …ack_react-query.js?v=d60f55b8:2995:31)
    at App} @ http://localhost:3000/node_modules/.vite/deps/react-router-dom.js?v=d60f55b8:3810
[     334ms] [ERROR] The above error occurred in the <span> component:

    at span
    at li
    at ol
    at section
    at IncidentTimelinePanel (http://localhost:3000/src/pages/incidents/components/IncidentTimelinePanel.tsx:52:41)
    at section
    at div
    at div
    at section
    at section
    at div
    at div
    at IncidentDetailPage (http://localhost:3000/src/pages/incidents/IncidentDetailPage.tsx:168:17)
    at AuthGuard (http://localhost:3000/src/router/AuthGuard.tsx:20:29)
    at RenderedRoute (http://localhost:3000/node_modules/.vite/deps/react-router-dom.js?v=d60f55b8:3821:10)
    at Outlet (http://localhost:3000/node_modules/.vite/deps/react-router-dom.js?v=d60f55b8:4229:27)
    at Suspense
    at main
    at div
    at AppLayout (http://localhost:3000/src/router/AppLayout.tsx:22:24)
    at RenderedRoute (http://localhost:3000/node_modules/.vite/deps/react-router-dom.js?v=d60f55b8:3821:10)
    at RenderErrorBoundary (http://localhost:3000/node_modules/.vite/deps/react-router-dom.js?v=d60f55b8:3788:5)
    at DataRoutes (http://localhost:3000/node_modules/.vite/deps/react-router-dom.js?v=d60f55b8:5096:10)
    at Router (http://localhost:3000/node_modules/.vite/deps/react-router-dom.js?v=d60f55b8:4249:20)
    at RouterProvider (http://localhost:3000/node_modules/.vite/deps/react-router-dom.js?v=d60f55b8:4929:10)
    at Suspense
    at AppInner (http://localhost:3000/src/App.tsx?t=1786170145744:18:30)
    at QueryClientProvider (http://localhost:3000/node_modules/.vite/deps/@tanstack_react-query.js?v=d60f55b8:2995:31)
    at App

React will try to recreate this component tree from scratch using the error boundary you provided, RenderErrorBoundary. @ http://localhost:3000/node_modules/.vite/deps/react-dom-BEjadErz.js?v=d60f55b8:11718
[     334ms] [ERROR] React Router caught the following error during render Error: Element type is invalid: expected a string (for built-in components) or a class/function (for composite components) but got: undefined. You likely forgot to export your component from the file it's defined in, or you might have mixed up default and named imports.

Check the render method of `IncidentTimelinePanel`.
    at createFiberFromTypeAndProps (http://localhost:3000/node_modules/.vite/deps/react-dom-BEjadErz.js?v=d60f55b8:16466:12)
    at createFiberFromElement (http://localhost:3000/node_modules/.vite/deps/react-dom-BEjadErz.js?v=d60f55b8:16481:16)
    at reconcileSingleElement (http://localhost:3000/node_modules/.vite/deps/react-dom-BEjadErz.js?v=d60f55b8:8849:22)
    at reconcileChildFibers (http://localhost:3000/node_modules/.vite/deps/react-dom-BEjadErz.js?v=d60f55b8:8879:56)
    at reconcileChildren (http://localhost:3000/node_modules/.vite/deps/react-dom-BEjadErz.js?v=d60f55b8:11924:49)
    at updateHostComponent (http://localhost:3000/node_modules/.vite/deps/react-dom-BEjadErz.js?v=d60f55b8:12287:4)
    at beginWork (http://localhost:3000/node_modules/.vite/deps/react-dom-BEjadErz.js?v=d60f55b8:13102:32)
    at beginWork$1 (http://localhost:3000/node_modules/.vite/deps/react-dom-BEjadErz.js?v=d60f55b8:15982:12)
    at performUnitOfWork (http://localhost:3000/node_modules/.vite/deps/react-dom-BEjadErz.js?v=d60f55b8:15568:12)
    at workLoopSync (http://localhost:3000/node_modules/.vite/deps/react-dom-BEjadErz.js?v=d60f55b8:15517:36) {componentStack: 
    at span
    at li
    at ol
    at section
  …ack_react-query.js?v=d60f55b8:2995:31)
    at App} @ http://localhost:3000/node_modules/.vite/deps/react-router-dom.js?v=d60f55b8:3810
[     334ms] [ERROR] The above error occurred in the <span> component:

    at span
    at li
    at ol
    at section
    at IncidentTimelinePanel (http://localhost:3000/src/pages/incidents/components/IncidentTimelinePanel.tsx:52:41)
    at section
    at div
    at div
    at section
    at section
    at div
    at div
    at IncidentDetailPage (http://localhost:3000/src/pages/incidents/IncidentDetailPage.tsx:168:17)
    at AuthGuard (http://localhost:3000/src/router/AuthGuard.tsx:20:29)
    at RenderedRoute (http://localhost:3000/node_modules/.vite/deps/react-router-dom.js?v=d60f55b8:3821:10)
    at Outlet (http://localhost:3000/node_modules/.vite/deps/react-router-dom.js?v=d60f55b8:4229:27)
    at Suspense
    at main
    at div
    at AppLayout (http://localhost:3000/src/router/AppLayout.tsx:22:24)
    at RenderedRoute (http://localhost:3000/node_modules/.vite/deps/react-router-dom.js?v=d60f55b8:3821:10)
    at RenderErrorBoundary (http://localhost:3000/node_modules/.vite/deps/react-router-dom.js?v=d60f55b8:3788:5)
    at DataRoutes (http://localhost:3000/node_modules/.vite/deps/react-router-dom.js?v=d60f55b8:5096:10)
    at Router (http://localhost:3000/node_modules/.vite/deps/react-router-dom.js?v=d60f55b8:4249:20)
    at RouterProvider (http://localhost:3000/node_modules/.vite/deps/react-router-dom.js?v=d60f55b8:4929:10)
    at Suspense
    at AppInner (http://localhost:3000/src/App.tsx?t=1786170145744:18:30)
    at QueryClientProvider (http://localhost:3000/node_modules/.vite/deps/@tanstack_react-query.js?v=d60f55b8:2995:31)
    at App

React will try to recreate this component tree from scratch using the error boundary you provided, RenderErrorBoundary. @ http://localhost:3000/node_modules/.vite/deps/react-dom-BEjadErz.js?v=d60f55b8:11718
[     334ms] [ERROR] React Router caught the following error during render Error: Element type is invalid: expected a string (for built-in components) or a class/function (for composite components) but got: undefined. You likely forgot to export your component from the file it's defined in, or you might have mixed up default and named imports.

Check the render method of `IncidentTimelinePanel`.
    at createFiberFromTypeAndProps (http://localhost:3000/node_modules/.vite/deps/react-dom-BEjadErz.js?v=d60f55b8:16466:12)
    at createFiberFromElement (http://localhost:3000/node_modules/.vite/deps/react-dom-BEjadErz.js?v=d60f55b8:16481:16)
    at reconcileSingleElement (http://localhost:3000/node_modules/.vite/deps/react-dom-BEjadErz.js?v=d60f55b8:8849:22)
    at reconcileChildFibers (http://localhost:3000/node_modules/.vite/deps/react-dom-BEjadErz.js?v=d60f55b8:8879:56)
    at reconcileChildren (http://localhost:3000/node_modules/.vite/deps/react-dom-BEjadErz.js?v=d60f55b8:11924:49)
    at updateHostComponent (http://localhost:3000/node_modules/.vite/deps/react-dom-BEjadErz.js?v=d60f55b8:12287:4)
    at beginWork (http://localhost:3000/node_modules/.vite/deps/react-dom-BEjadErz.js?v=d60f55b8:13102:32)
    at beginWork$1 (http://localhost:3000/node_modules/.vite/deps/react-dom-BEjadErz.js?v=d60f55b8:15982:12)
    at performUnitOfWork (http://localhost:3000/node_modules/.vite/deps/react-dom-BEjadErz.js?v=d60f55b8:15568:12)
    at workLoopSync (http://localhost:3000/node_modules/.vite/deps/react-dom-BEjadErz.js?v=d60f55b8:15517:36) {componentStack: 
    at span
    at li
    at ol
    at section
  …ack_react-query.js?v=d60f55b8:2995:31)
    at App} @ http://localhost:3000/node_modules/.vite/deps/react-router-dom.js?v=d60f55b8:3810
[   59786ms] [INFO] %cDownload the React DevTools for a better development experience: https://reactjs.org/link/react-devtools font-weight:bold @ http://localhost:3000/node_modules/.vite/deps/react-dom-BEjadErz.js?v=d60f55b8:17230
[   59845ms] [ERROR] Failed to load resource: the server responded with a status of 500 (Internal Server Error) @ http://localhost:3000/api/overview/health:0
[   59856ms] [ERROR] Failed to load resource: the server responded with a status of 500 (Internal Server Error) @ http://localhost:3000/api/ha-incidents/105/entities:0
[   59856ms] [ERROR] Failed to load resource: the server responded with a status of 500 (Internal Server Error) @ http://localhost:3000/api/overview/health:0
[   59867ms] [ERROR] Warning: Each child in a list should have a unique "key" prop.%s%s See https://reactjs.org/link/warning-keys for more information.%s 

Check the render method of `IncidentDetailPage`.  
    at div
    at IncidentDetailPage (http://localhost:3000/src/pages/incidents/IncidentDetailPage.tsx?t=1786206587629:168:17)
    at AuthGuard (http://localhost:3000/src/router/AuthGuard.tsx:20:29)
    at RenderedRoute (http://localhost:3000/node_modules/.vite/deps/react-router-dom.js?v=d60f55b8:3821:10)
    at Outlet (http://localhost:3000/node_modules/.vite/deps/react-router-dom.js?v=d60f55b8:4229:27)
    at Suspense
    at main
    at div
    at AppLayout (http://localhost:3000/src/router/AppLayout.tsx:22:24)
    at RenderedRoute (http://localhost:3000/node_modules/.vite/deps/react-router-dom.js?v=d60f55b8:3821:10)
    at RenderErrorBoundary (http://localhost:3000/node_modules/.vite/deps/react-router-dom.js?v=d60f55b8:3788:5)
    at DataRoutes (http://localhost:3000/node_modules/.vite/deps/react-router-dom.js?v=d60f55b8:5096:10)
    at Router (http://localhost:3000/node_modules/.vite/deps/react-router-dom.js?v=d60f55b8:4249:20)
    at RouterProvider (http://localhost:3000/node_modules/.vite/deps/react-router-dom.js?v=d60f55b8:4929:10)
    at Suspense
    at AppInner (http://localhost:3000/src/App.tsx?t=1786206587629:18:30)
    at QueryClientProvider (http://localhost:3000/node_modules/.vite/deps/@tanstack_react-query.js?v=d60f55b8:2995:31)
    at App @ http://localhost:3000/node_modules/.vite/deps/react_jsx-dev-runtime.js?v=d60f55b8:52
[   59868ms] [ERROR] Warning: React.jsx: type is invalid -- expected a string (for built-in components) or a class/function (for composite components) but got: %s.%s%s undefined  You likely forgot to export your component from the file it's defined in, or you might have mixed up default and named imports.

Check your code at IncidentTimelinePanel.tsx:125. 
    at IncidentTimelinePanel (http://localhost:3000/src/pages/incidents/components/IncidentTimelinePanel.tsx?t=1786206587629:62:41)
    at section
    at div
    at div
    at section
    at section
    at div
    at div
    at IncidentDetailPage (http://localhost:3000/src/pages/incidents/IncidentDetailPage.tsx?t=1786206587629:168:17)
    at AuthGuard (http://localhost:3000/src/router/AuthGuard.tsx:20:29)
    at RenderedRoute (http://localhost:3000/node_modules/.vite/deps/react-router-dom.js?v=d60f55b8:3821:10)
    at Outlet (http://localhost:3000/node_modules/.vite/deps/react-router-dom.js?v=d60f55b8:4229:27)
    at Suspense
    at main
    at div
    at AppLayout (http://localhost:3000/src/router/AppLayout.tsx:22:24)
    at RenderedRoute (http://localhost:3000/node_modules/.vite/deps/react-router-dom.js?v=d60f55b8:3821:10)
    at RenderErrorBoundary (http://localhost:3000/node_modules/.vite/deps/react-router-dom.js?v=d60f55b8:3788:5)
    at DataRoutes (http://localhost:3000/node_modules/.vite/deps/react-router-dom.js?v=d60f55b8:5096:10)
    at Router (http://localhost:3000/node_modules/.vite/deps/react-router-dom.js?v=d60f55b8:4249:20)
    at RouterProvider (http://localhost:3000/node_modules/.vite/deps/react-router-dom.js?v=d60f55b8:4929:10)
    at Suspense
    at AppInner (http://localhost:3000/src/App.tsx?t=1786206587629:18:30)
    at QueryClientProvider (http://localhost:3000/node_modules/.vite/deps/@tanstack_react-query.js?v=d60f55b8:2995:31)
    at App @ http://localhost:3000/node_modules/.vite/deps/react_jsx-dev-runtime.js?v=d60f55b8:52
[   59868ms] [ERROR] Warning: React.jsx: type is invalid -- expected a string (for built-in components) or a class/function (for composite components) but got: %s.%s%s undefined  You likely forgot to export your component from the file it's defined in, or you might have mixed up default and named imports.

Check your code at IncidentTimelinePanel.tsx:125. 
    at IncidentTimelinePanel (http://localhost:3000/src/pages/incidents/components/IncidentTimelinePanel.tsx?t=1786206587629:62:41)
    at section
    at div
    at div
    at section
    at section
    at div
    at div
    at IncidentDetailPage (http://localhost:3000/src/pages/incidents/IncidentDetailPage.tsx?t=1786206587629:168:17)
    at AuthGuard (http://localhost:3000/src/router/AuthGuard.tsx:20:29)
    at RenderedRoute (http://localhost:3000/node_modules/.vite/deps/react-router-dom.js?v=d60f55b8:3821:10)
    at Outlet (http://localhost:3000/node_modules/.vite/deps/react-router-dom.js?v=d60f55b8:4229:27)
    at Suspense
    at main
    at div
    at AppLayout (http://localhost:3000/src/router/AppLayout.tsx:22:24)
    at RenderedRoute (http://localhost:3000/node_modules/.vite/deps/react-router-dom.js?v=d60f55b8:3821:10)
    at RenderErrorBoundary (http://localhost:3000/node_modules/.vite/deps/react-router-dom.js?v=d60f55b8:3788:5)
    at DataRoutes (http://localhost:3000/node_modules/.vite/deps/react-router-dom.js?v=d60f55b8:5096:10)
    at Router (http://localhost:3000/node_modules/.vite/deps/react-router-dom.js?v=d60f55b8:4249:20)
    at RouterProvider (http://localhost:3000/node_modules/.vite/deps/react-router-dom.js?v=d60f55b8:4929:10)
    at Suspense
    at AppInner (http://localhost:3000/src/App.tsx?t=1786206587629:18:30)
    at QueryClientProvider (http://localhost:3000/node_modules/.vite/deps/@tanstack_react-query.js?v=d60f55b8:2995:31)
    at App @ http://localhost:3000/node_modules/.vite/deps/react_jsx-dev-runtime.js?v=d60f55b8:52
[   59869ms] [ERROR] Warning: React.jsx: type is invalid -- expected a string (for built-in components) or a class/function (for composite components) but got: %s.%s%s undefined  You likely forgot to export your component from the file it's defined in, or you might have mixed up default and named imports.

Check your code at IncidentTimelinePanel.tsx:125. 
    at IncidentTimelinePanel (http://localhost:3000/src/pages/incidents/components/IncidentTimelinePanel.tsx?t=1786206587629:62:41)
    at section
    at div
    at div
    at section
    at section
    at div
    at div
    at IncidentDetailPage (http://localhost:3000/src/pages/incidents/IncidentDetailPage.tsx?t=1786206587629:168:17)
    at AuthGuard (http://localhost:3000/src/router/AuthGuard.tsx:20:29)
    at RenderedRoute (http://localhost:3000/node_modules/.vite/deps/react-router-dom.js?v=d60f55b8:3821:10)
    at Outlet (http://localhost:3000/node_modules/.vite/deps/react-router-dom.js?v=d60f55b8:4229:27)
    at Suspense
    at main
    at div
    at AppLayout (http://localhost:3000/src/router/AppLayout.tsx:22:24)
    at RenderedRoute (http://localhost:3000/node_modules/.vite/deps/react-router-dom.js?v=d60f55b8:3821:10)
    at RenderErrorBoundary (http://localhost:3000/node_modules/.vite/deps/react-router-dom.js?v=d60f55b8:3788:5)
    at DataRoutes (http://localhost:3000/node_modules/.vite/deps/react-router-dom.js?v=d60f55b8:5096:10)
    at Router (http://localhost:3000/node_modules/.vite/deps/react-router-dom.js?v=d60f55b8:4249:20)
    at RouterProvider (http://localhost:3000/node_modules/.vite/deps/react-router-dom.js?v=d60f55b8:4929:10)
    at Suspense
    at AppInner (http://localhost:3000/src/App.tsx?t=1786206587629:18:30)
    at QueryClientProvider (http://localhost:3000/node_modules/.vite/deps/@tanstack_react-query.js?v=d60f55b8:2995:31)
    at App @ http://localhost:3000/node_modules/.vite/deps/react_jsx-dev-runtime.js?v=d60f55b8:52
[   59869ms] [ERROR] Warning: React.jsx: type is invalid -- expected a string (for built-in components) or a class/function (for composite components) but got: %s.%s%s undefined  You likely forgot to export your component from the file it's defined in, or you might have mixed up default and named imports.

Check your code at IncidentTimelinePanel.tsx:125. 
    at IncidentTimelinePanel (http://localhost:3000/src/pages/incidents/components/IncidentTimelinePanel.tsx?t=1786206587629:62:41)
    at section
    at div
    at div
    at section
    at section
    at div
    at div
    at IncidentDetailPage (http://localhost:3000/src/pages/incidents/IncidentDetailPage.tsx?t=1786206587629:168:17)
    at AuthGuard (http://localhost:3000/src/router/AuthGuard.tsx:20:29)
    at RenderedRoute (http://localhost:3000/node_modules/.vite/deps/react-router-dom.js?v=d60f55b8:3821:10)
    at Outlet (http://localhost:3000/node_modules/.vite/deps/react-router-dom.js?v=d60f55b8:4229:27)
    at Suspense
    at main
    at div
    at AppLayout (http://localhost:3000/src/router/AppLayout.tsx:22:24)
    at RenderedRoute (http://localhost:3000/node_modules/.vite/deps/react-router-dom.js?v=d60f55b8:3821:10)
    at RenderErrorBoundary (http://localhost:3000/node_modules/.vite/deps/react-router-dom.js?v=d60f55b8:3788:5)
    at DataRoutes (http://localhost:3000/node_modules/.vite/deps/react-router-dom.js?v=d60f55b8:5096:10)
    at Router (http://localhost:3000/node_modules/.vite/deps/react-router-dom.js?v=d60f55b8:4249:20)
    at RouterProvider (http://localhost:3000/node_modules/.vite/deps/react-router-dom.js?v=d60f55b8:4929:10)
    at Suspense
    at AppInner (http://localhost:3000/src/App.tsx?t=1786206587629:18:30)
    at QueryClientProvider (http://localhost:3000/node_modules/.vite/deps/@tanstack_react-query.js?v=d60f55b8:2995:31)
    at App @ http://localhost:3000/node_modules/.vite/deps/react_jsx-dev-runtime.js?v=d60f55b8:52
[   59869ms] [ERROR] Warning: React.jsx: type is invalid -- expected a string (for built-in components) or a class/function (for composite components) but got: %s.%s%s undefined  You likely forgot to export your component from the file it's defined in, or you might have mixed up default and named imports.

Check your code at IncidentTimelinePanel.tsx:125. 
    at IncidentTimelinePanel (http://localhost:3000/src/pages/incidents/components/IncidentTimelinePanel.tsx?t=1786206587629:62:41)
    at section
    at div
    at div
    at section
    at section
    at div
    at div
    at IncidentDetailPage (http://localhost:3000/src/pages/incidents/IncidentDetailPage.tsx?t=1786206587629:168:17)
    at AuthGuard (http://localhost:3000/src/router/AuthGuard.tsx:20:29)
    at RenderedRoute (http://localhost:3000/node_modules/.vite/deps/react-router-dom.js?v=d60f55b8:3821:10)
    at Outlet (http://localhost:3000/node_modules/.vite/deps/react-router-dom.js?v=d60f55b8:4229:27)
    at Suspense
    at main
    at div
    at AppLayout (http://localhost:3000/src/router/AppLayout.tsx:22:24)
    at RenderedRoute (http://localhost:3000/node_modules/.vite/deps/react-router-dom.js?v=d60f55b8:3821:10)
    at RenderErrorBoundary (http://localhost:3000/node_modules/.vite/deps/react-router-dom.js?v=d60f55b8:3788:5)
    at DataRoutes (http://localhost:3000/node_modules/.vite/deps/react-router-dom.js?v=d60f55b8:5096:10)
    at Router (http://localhost:3000/node_modules/.vite/deps/react-router-dom.js?v=d60f55b8:4249:20)
    at RouterProvider (http://localhost:3000/node_modules/.vite/deps/react-router-dom.js?v=d60f55b8:4929:10)
    at Suspense
    at AppInner (http://localhost:3000/src/App.tsx?t=1786206587629:18:30)
    at QueryClientProvider (http://localhost:3000/node_modules/.vite/deps/@tanstack_react-query.js?v=d60f55b8:2995:31)
    at App @ http://localhost:3000/node_modules/.vite/deps/react_jsx-dev-runtime.js?v=d60f55b8:52
[   59869ms] [ERROR] Warning: Each child in a list should have a unique "key" prop.%s%s See https://reactjs.org/link/warning-keys for more information.%s 

Check the render method of `IncidentTimelinePanel`.  
    at li
    at IncidentTimelinePanel (http://localhost:3000/src/pages/incidents/components/IncidentTimelinePanel.tsx?t=1786206587629:62:41)
    at section
    at div
    at div
    at section
    at section
    at div
    at div
    at IncidentDetailPage (http://localhost:3000/src/pages/incidents/IncidentDetailPage.tsx?t=1786206587629:168:17)
    at AuthGuard (http://localhost:3000/src/router/AuthGuard.tsx:20:29)
    at RenderedRoute (http://localhost:3000/node_modules/.vite/deps/react-router-dom.js?v=d60f55b8:3821:10)
    at Outlet (http://localhost:3000/node_modules/.vite/deps/react-router-dom.js?v=d60f55b8:4229:27)
    at Suspense
    at main
    at div
    at AppLayout (http://localhost:3000/src/router/AppLayout.tsx:22:24)
    at RenderedRoute (http://localhost:3000/node_modules/.vite/deps/react-router-dom.js?v=d60f55b8:3821:10)
    at RenderErrorBoundary (http://localhost:3000/node_modules/.vite/deps/react-router-dom.js?v=d60f55b8:3788:5)
    at DataRoutes (http://localhost:3000/node_modules/.vite/deps/react-router-dom.js?v=d60f55b8:5096:10)
    at Router (http://localhost:3000/node_modules/.vite/deps/react-router-dom.js?v=d60f55b8:4249:20)
    at RouterProvider (http://localhost:3000/node_modules/.vite/deps/react-router-dom.js?v=d60f55b8:4929:10)
    at Suspense
    at AppInner (http://localhost:3000/src/App.tsx?t=1786206587629:18:30)
    at QueryClientProvider (http://localhost:3000/node_modules/.vite/deps/@tanstack_react-query.js?v=d60f55b8:2995:31)
    at App @ http://localhost:3000/node_modules/.vite/deps/react_jsx-dev-runtime.js?v=d60f55b8:52
[   59869ms] [ERROR] Warning: React.jsx: type is invalid -- expected a string (for built-in components) or a class/function (for composite components) but got: %s.%s%s undefined  You likely forgot to export your component from the file it's defined in, or you might have mixed up default and named imports.

Check your code at IncidentTimelinePanel.tsx:125. 
    at IncidentTimelinePanel (http://localhost:3000/src/pages/incidents/components/IncidentTimelinePanel.tsx?t=1786206587629:62:41)
    at section
    at div
    at div
    at section
    at section
    at div
    at div
    at IncidentDetailPage (http://localhost:3000/src/pages/incidents/IncidentDetailPage.tsx?t=1786206587629:168:17)
    at AuthGuard (http://localhost:3000/src/router/AuthGuard.tsx:20:29)
    at RenderedRoute (http://localhost:3000/node_modules/.vite/deps/react-router-dom.js?v=d60f55b8:3821:10)
    at Outlet (http://localhost:3000/node_modules/.vite/deps/react-router-dom.js?v=d60f55b8:4229:27)
    at Suspense
    at main
    at div
    at AppLayout (http://localhost:3000/src/router/AppLayout.tsx:22:24)
    at RenderedRoute (http://localhost:3000/node_modules/.vite/deps/react-router-dom.js?v=d60f55b8:3821:10)
    at RenderErrorBoundary (http://localhost:3000/node_modules/.vite/deps/react-router-dom.js?v=d60f55b8:3788:5)
    at DataRoutes (http://localhost:3000/node_modules/.vite/deps/react-router-dom.js?v=d60f55b8:5096:10)
    at Router (http://localhost:3000/node_modules/.vite/deps/react-router-dom.js?v=d60f55b8:4249:20)
    at RouterProvider (http://localhost:3000/node_modules/.vite/deps/react-router-dom.js?v=d60f55b8:4929:10)
    at Suspense
    at AppInner (http://localhost:3000/src/App.tsx?t=1786206587629:18:30)
    at QueryClientProvider (http://localhost:3000/node_modules/.vite/deps/@tanstack_react-query.js?v=d60f55b8:2995:31)
    at App @ http://localhost:3000/node_modules/.vite/deps/react_jsx-dev-runtime.js?v=d60f55b8:52
[   59869ms] [ERROR] Warning: React.jsx: type is invalid -- expected a string (for built-in components) or a class/function (for composite components) but got: %s.%s%s undefined  You likely forgot to export your component from the file it's defined in, or you might have mixed up default and named imports.

Check your code at IncidentTimelinePanel.tsx:125. 
    at IncidentTimelinePanel (http://localhost:3000/src/pages/incidents/components/IncidentTimelinePanel.tsx?t=1786206587629:62:41)
    at section
    at div
    at div
    at section
    at section
    at div
    at div
    at IncidentDetailPage (http://localhost:3000/src/pages/incidents/IncidentDetailPage.tsx?t=1786206587629:168:17)
    at AuthGuard (http://localhost:3000/src/router/AuthGuard.tsx:20:29)
    at RenderedRoute (http://localhost:3000/node_modules/.vite/deps/react-router-dom.js?v=d60f55b8:3821:10)
    at Outlet (http://localhost:3000/node_modules/.vite/deps/react-router-dom.js?v=d60f55b8:4229:27)
    at Suspense
    at main
    at div
    at AppLayout (http://localhost:3000/src/router/AppLayout.tsx:22:24)
    at RenderedRoute (http://localhost:3000/node_modules/.vite/deps/react-router-dom.js?v=d60f55b8:3821:10)
    at RenderErrorBoundary (http://localhost:3000/node_modules/.vite/deps/react-router-dom.js?v=d60f55b8:3788:5)
    at DataRoutes (http://localhost:3000/node_modules/.vite/deps/react-router-dom.js?v=d60f55b8:5096:10)
    at Router (http://localhost:3000/node_modules/.vite/deps/react-router-dom.js?v=d60f55b8:4249:20)
    at RouterProvider (http://localhost:3000/node_modules/.vite/deps/react-router-dom.js?v=d60f55b8:4929:10)
    at Suspense
    at AppInner (http://localhost:3000/src/App.tsx?t=1786206587629:18:30)
    at QueryClientProvider (http://localhost:3000/node_modules/.vite/deps/@tanstack_react-query.js?v=d60f55b8:2995:31)
    at App @ http://localhost:3000/node_modules/.vite/deps/react_jsx-dev-runtime.js?v=d60f55b8:52
[   59869ms] [ERROR] Warning: React.jsx: type is invalid -- expected a string (for built-in components) or a class/function (for composite components) but got: %s.%s%s undefined  You likely forgot to export your component from the file it's defined in, or you might have mixed up default and named imports.

Check your code at IncidentTimelinePanel.tsx:125. 
    at IncidentTimelinePanel (http://localhost:3000/src/pages/incidents/components/IncidentTimelinePanel.tsx?t=1786206587629:62:41)
    at section
    at div
    at div
    at section
    at section
    at div
    at div
    at IncidentDetailPage (http://localhost:3000/src/pages/incidents/IncidentDetailPage.tsx?t=1786206587629:168:17)
    at AuthGuard (http://localhost:3000/src/router/AuthGuard.tsx:20:29)
    at RenderedRoute (http://localhost:3000/node_modules/.vite/deps/react-router-dom.js?v=d60f55b8:3821:10)
    at Outlet (http://localhost:3000/node_modules/.vite/deps/react-router-dom.js?v=d60f55b8:4229:27)
    at Suspense
    at main
    at div
    at AppLayout (http://localhost:3000/src/router/AppLayout.tsx:22:24)
    at RenderedRoute (http://localhost:3000/node_modules/.vite/deps/react-router-dom.js?v=d60f55b8:3821:10)
    at RenderErrorBoundary (http://localhost:3000/node_modules/.vite/deps/react-router-dom.js?v=d60f55b8:3788:5)
    at DataRoutes (http://localhost:3000/node_modules/.vite/deps/react-router-dom.js?v=d60f55b8:5096:10)
    at Router (http://localhost:3000/node_modules/.vite/deps/react-router-dom.js?v=d60f55b8:4249:20)
    at RouterProvider (http://localhost:3000/node_modules/.vite/deps/react-router-dom.js?v=d60f55b8:4929:10)
    at Suspense
    at AppInner (http://localhost:3000/src/App.tsx?t=1786206587629:18:30)
    at QueryClientProvider (http://localhost:3000/node_modules/.vite/deps/@tanstack_react-query.js?v=d60f55b8:2995:31)
    at App @ http://localhost:3000/node_modules/.vite/deps/react_jsx-dev-runtime.js?v=d60f55b8:52
[   59869ms] [ERROR] Warning: React.jsx: type is invalid -- expected a string (for built-in components) or a class/function (for composite components) but got: %s.%s%s undefined  You likely forgot to export your component from the file it's defined in, or you might have mixed up default and named imports.

Check your code at IncidentTimelinePanel.tsx:125. 
    at IncidentTimelinePanel (http://localhost:3000/src/pages/incidents/components/IncidentTimelinePanel.tsx?t=1786206587629:62:41)
    at section
    at div
    at div
    at section
    at section
    at div
    at div
    at IncidentDetailPage (http://localhost:3000/src/pages/incidents/IncidentDetailPage.tsx?t=1786206587629:168:17)
    at AuthGuard (http://localhost:3000/src/router/AuthGuard.tsx:20:29)
    at RenderedRoute (http://localhost:3000/node_modules/.vite/deps/react-router-dom.js?v=d60f55b8:3821:10)
    at Outlet (http://localhost:3000/node_modules/.vite/deps/react-router-dom.js?v=d60f55b8:4229:27)
    at Suspense
    at main
    at div
    at AppLayout (http://localhost:3000/src/router/AppLayout.tsx:22:24)
    at RenderedRoute (http://localhost:3000/node_modules/.vite/deps/react-router-dom.js?v=d60f55b8:3821:10)
    at RenderErrorBoundary (http://localhost:3000/node_modules/.vite/deps/react-router-dom.js?v=d60f55b8:3788:5)
    at DataRoutes (http://localhost:3000/node_modules/.vite/deps/react-router-dom.js?v=d60f55b8:5096:10)
    at Router (http://localhost:3000/node_modules/.vite/deps/react-router-dom.js?v=d60f55b8:4249:20)
    at RouterProvider (http://localhost:3000/node_modules/.vite/deps/react-router-dom.js?v=d60f55b8:4929:10)
    at Suspense
    at AppInner (http://localhost:3000/src/App.tsx?t=1786206587629:18:30)
    at QueryClientProvider (http://localhost:3000/node_modules/.vite/deps/@tanstack_react-query.js?v=d60f55b8:2995:31)
    at App @ http://localhost:3000/node_modules/.vite/deps/react_jsx-dev-runtime.js?v=d60f55b8:52
[   59869ms] [ERROR] Warning: React.jsx: type is invalid -- expected a string (for built-in components) or a class/function (for composite components) but got: %s.%s%s undefined  You likely forgot to export your component from the file it's defined in, or you might have mixed up default and named imports.

Check your code at IncidentTimelinePanel.tsx:125. 
    at IncidentTimelinePanel (http://localhost:3000/src/pages/incidents/components/IncidentTimelinePanel.tsx?t=1786206587629:62:41)
    at section
    at div
    at div
    at section
    at section
    at div
    at div
    at IncidentDetailPage (http://localhost:3000/src/pages/incidents/IncidentDetailPage.tsx?t=1786206587629:168:17)
    at AuthGuard (http://localhost:3000/src/router/AuthGuard.tsx:20:29)
    at RenderedRoute (http://localhost:3000/node_modules/.vite/deps/react-router-dom.js?v=d60f55b8:3821:10)
    at Outlet (http://localhost:3000/node_modules/.vite/deps/react-router-dom.js?v=d60f55b8:4229:27)
    at Suspense
    at main
    at div
    at AppLayout (http://localhost:3000/src/router/AppLayout.tsx:22:24)
    at RenderedRoute (http://localhost:3000/node_modules/.vite/deps/react-router-dom.js?v=d60f55b8:3821:10)
    at RenderErrorBoundary (http://localhost:3000/node_modules/.vite/deps/react-router-dom.js?v=d60f55b8:3788:5)
    at DataRoutes (http://localhost:3000/node_modules/.vite/deps/react-router-dom.js?v=d60f55b8:5096:10)
    at Router (http://localhost:3000/node_modules/.vite/deps/react-router-dom.js?v=d60f55b8:4249:20)
    at RouterProvider (http://localhost:3000/node_modules/.vite/deps/react-router-dom.js?v=d60f55b8:4929:10)
    at Suspense
    at AppInner (http://localhost:3000/src/App.tsx?t=1786206587629:18:30)
    at QueryClientProvider (http://localhost:3000/node_modules/.vite/deps/@tanstack_react-query.js?v=d60f55b8:2995:31)
    at App @ http://localhost:3000/node_modules/.vite/deps/react_jsx-dev-runtime.js?v=d60f55b8:52
[   59869ms] Error: Element type is invalid: expected a string (for built-in components) or a class/function (for composite components) but got: undefined. You likely forgot to export your component from the file it's defined in, or you might have mixed up default and named imports.

Check the render method of `IncidentTimelinePanel`.
    at createFiberFromTypeAndProps (http://localhost:3000/node_modules/.vite/deps/react-dom-BEjadErz.js?v=d60f55b8:16466:12)
    at createFiberFromElement (http://localhost:3000/node_modules/.vite/deps/react-dom-BEjadErz.js?v=d60f55b8:16481:16)
    at reconcileSingleElement (http://localhost:3000/node_modules/.vite/deps/react-dom-BEjadErz.js?v=d60f55b8:8849:22)
    at reconcileChildFibers (http://localhost:3000/node_modules/.vite/deps/react-dom-BEjadErz.js?v=d60f55b8:8879:56)
    at reconcileChildren (http://localhost:3000/node_modules/.vite/deps/react-dom-BEjadErz.js?v=d60f55b8:11924:49)
    at updateHostComponent (http://localhost:3000/node_modules/.vite/deps/react-dom-BEjadErz.js?v=d60f55b8:12287:4)
    at beginWork (http://localhost:3000/node_modules/.vite/deps/react-dom-BEjadErz.js?v=d60f55b8:13102:32)
    at HTMLUnknownElement.callCallback (http://localhost:3000/node_modules/.vite/deps/react-dom-BEjadErz.js?v=d60f55b8:3142:11)
    at Object.invokeGuardedCallbackDev (http://localhost:3000/node_modules/.vite/deps/react-dom-BEjadErz.js?v=d60f55b8:3162:14)
    at invokeGuardedCallback (http://localhost:3000/node_modules/.vite/deps/react-dom-BEjadErz.js?v=d60f55b8:3201:32)
[   59870ms] Error: Element type is invalid: expected a string (for built-in components) or a class/function (for composite components) but got: undefined. You likely forgot to export your component from the file it's defined in, or you might have mixed up default and named imports.

Check the render method of `IncidentTimelinePanel`.
    at createFiberFromTypeAndProps (http://localhost:3000/node_modules/.vite/deps/react-dom-BEjadErz.js?v=d60f55b8:16466:12)
    at createFiberFromElement (http://localhost:3000/node_modules/.vite/deps/react-dom-BEjadErz.js?v=d60f55b8:16481:16)
    at reconcileSingleElement (http://localhost:3000/node_modules/.vite/deps/react-dom-BEjadErz.js?v=d60f55b8:8849:22)
    at reconcileChildFibers (http://localhost:3000/node_modules/.vite/deps/react-dom-BEjadErz.js?v=d60f55b8:8879:56)
    at reconcileChildren (http://localhost:3000/node_modules/.vite/deps/react-dom-BEjadErz.js?v=d60f55b8:11924:49)
    at updateHostComponent (http://localhost:3000/node_modules/.vite/deps/react-dom-BEjadErz.js?v=d60f55b8:12287:4)
    at beginWork (http://localhost:3000/node_modules/.vite/deps/react-dom-BEjadErz.js?v=d60f55b8:13102:32)
    at HTMLUnknownElement.callCallback (http://localhost:3000/node_modules/.vite/deps/react-dom-BEjadErz.js?v=d60f55b8:3142:11)
    at Object.invokeGuardedCallbackDev (http://localhost:3000/node_modules/.vite/deps/react-dom-BEjadErz.js?v=d60f55b8:3162:14)
    at invokeGuardedCallback (http://localhost:3000/node_modules/.vite/deps/react-dom-BEjadErz.js?v=d60f55b8:3201:32)
[   59870ms] Error: Element type is invalid: expected a string (for built-in components) or a class/function (for composite components) but got: undefined. You likely forgot to export your component from the file it's defined in, or you might have mixed up default and named imports.

Check the render method of `IncidentTimelinePanel`.
    at createFiberFromTypeAndProps (http://localhost:3000/node_modules/.vite/deps/react-dom-BEjadErz.js?v=d60f55b8:16466:12)
    at createFiberFromElement (http://localhost:3000/node_modules/.vite/deps/react-dom-BEjadErz.js?v=d60f55b8:16481:16)
    at reconcileSingleElement (http://localhost:3000/node_modules/.vite/deps/react-dom-BEjadErz.js?v=d60f55b8:8849:22)
    at reconcileChildFibers (http://localhost:3000/node_modules/.vite/deps/react-dom-BEjadErz.js?v=d60f55b8:8879:56)
    at reconcileChildren (http://localhost:3000/node_modules/.vite/deps/react-dom-BEjadErz.js?v=d60f55b8:11924:49)
    at updateHostComponent (http://localhost:3000/node_modules/.vite/deps/react-dom-BEjadErz.js?v=d60f55b8:12287:4)
    at beginWork (http://localhost:3000/node_modules/.vite/deps/react-dom-BEjadErz.js?v=d60f55b8:13102:32)
    at HTMLUnknownElement.callCallback (http://localhost:3000/node_modules/.vite/deps/react-dom-BEjadErz.js?v=d60f55b8:3142:11)
    at Object.invokeGuardedCallbackDev (http://localhost:3000/node_modules/.vite/deps/react-dom-BEjadErz.js?v=d60f55b8:3162:14)
    at invokeGuardedCallback (http://localhost:3000/node_modules/.vite/deps/react-dom-BEjadErz.js?v=d60f55b8:3201:32)
[   59870ms] Error: Element type is invalid: expected a string (for built-in components) or a class/function (for composite components) but got: undefined. You likely forgot to export your component from the file it's defined in, or you might have mixed up default and named imports.

Check the render method of `IncidentTimelinePanel`.
    at createFiberFromTypeAndProps (http://localhost:3000/node_modules/.vite/deps/react-dom-BEjadErz.js?v=d60f55b8:16466:12)
    at createFiberFromElement (http://localhost:3000/node_modules/.vite/deps/react-dom-BEjadErz.js?v=d60f55b8:16481:16)
    at reconcileSingleElement (http://localhost:3000/node_modules/.vite/deps/react-dom-BEjadErz.js?v=d60f55b8:8849:22)
    at reconcileChildFibers (http://localhost:3000/node_modules/.vite/deps/react-dom-BEjadErz.js?v=d60f55b8:8879:56)
    at reconcileChildren (http://localhost:3000/node_modules/.vite/deps/react-dom-BEjadErz.js?v=d60f55b8:11924:49)
    at updateHostComponent (http://localhost:3000/node_modules/.vite/deps/react-dom-BEjadErz.js?v=d60f55b8:12287:4)
    at beginWork (http://localhost:3000/node_modules/.vite/deps/react-dom-BEjadErz.js?v=d60f55b8:13102:32)
    at HTMLUnknownElement.callCallback (http://localhost:3000/node_modules/.vite/deps/react-dom-BEjadErz.js?v=d60f55b8:3142:11)
    at Object.invokeGuardedCallbackDev (http://localhost:3000/node_modules/.vite/deps/react-dom-BEjadErz.js?v=d60f55b8:3162:14)
    at invokeGuardedCallback (http://localhost:3000/node_modules/.vite/deps/react-dom-BEjadErz.js?v=d60f55b8:3201:32)
[   59870ms] Error: Element type is invalid: expected a string (for built-in components) or a class/function (for composite components) but got: undefined. You likely forgot to export your component from the file it's defined in, or you might have mixed up default and named imports.

Check the render method of `IncidentTimelinePanel`.
    at createFiberFromTypeAndProps (http://localhost:3000/node_modules/.vite/deps/react-dom-BEjadErz.js?v=d60f55b8:16466:12)
    at createFiberFromElement (http://localhost:3000/node_modules/.vite/deps/react-dom-BEjadErz.js?v=d60f55b8:16481:16)
    at reconcileSingleElement (http://localhost:3000/node_modules/.vite/deps/react-dom-BEjadErz.js?v=d60f55b8:8849:22)
    at reconcileChildFibers (http://localhost:3000/node_modules/.vite/deps/react-dom-BEjadErz.js?v=d60f55b8:8879:56)
    at reconcileChildren (http://localhost:3000/node_modules/.vite/deps/react-dom-BEjadErz.js?v=d60f55b8:11924:49)
    at updateHostComponent (http://localhost:3000/node_modules/.vite/deps/react-dom-BEjadErz.js?v=d60f55b8:12287:4)
    at beginWork (http://localhost:3000/node_modules/.vite/deps/react-dom-BEjadErz.js?v=d60f55b8:13102:32)
    at HTMLUnknownElement.callCallback (http://localhost:3000/node_modules/.vite/deps/react-dom-BEjadErz.js?v=d60f55b8:3142:11)
    at Object.invokeGuardedCallbackDev (http://localhost:3000/node_modules/.vite/deps/react-dom-BEjadErz.js?v=d60f55b8:3162:14)
    at invokeGuardedCallback (http://localhost:3000/node_modules/.vite/deps/react-dom-BEjadErz.js?v=d60f55b8:3201:32)
[   59870ms] [ERROR] Error handled by React Router default ErrorBoundary: Error: Element type is invalid: expected a string (for built-in components) or a class/function (for composite components) but got: undefined. You likely forgot to export your component from the file it's defined in, or you might have mixed up default and named imports.

Check the render method of `IncidentTimelinePanel`.
    at createFiberFromTypeAndProps (http://localhost:3000/node_modules/.vite/deps/react-dom-BEjadErz.js?v=d60f55b8:16466:12)
    at createFiberFromElement (http://localhost:3000/node_modules/.vite/deps/react-dom-BEjadErz.js?v=d60f55b8:16481:16)
    at reconcileSingleElement (http://localhost:3000/node_modules/.vite/deps/react-dom-BEjadErz.js?v=d60f55b8:8849:22)
    at reconcileChildFibers (http://localhost:3000/node_modules/.vite/deps/react-dom-BEjadErz.js?v=d60f55b8:8879:56)
    at reconcileChildren (http://localhost:3000/node_modules/.vite/deps/react-dom-BEjadErz.js?v=d60f55b8:11924:49)
    at updateHostComponent (http://localhost:3000/node_modules/.vite/deps/react-dom-BEjadErz.js?v=d60f55b8:12287:4)
    at beginWork (http://localhost:3000/node_modules/.vite/deps/react-dom-BEjadErz.js?v=d60f55b8:13102:32)
    at beginWork$1 (http://localhost:3000/node_modules/.vite/deps/react-dom-BEjadErz.js?v=d60f55b8:15982:12)
    at performUnitOfWork (http://localhost:3000/node_modules/.vite/deps/react-dom-BEjadErz.js?v=d60f55b8:15568:12)
    at workLoopSync (http://localhost:3000/node_modules/.vite/deps/react-dom-BEjadErz.js?v=d60f55b8:15517:36) @ http://localhost:3000/node_modules/.vite/deps/react-router-dom.js?v=d60f55b8:3780
[   59870ms] [ERROR] Error handled by React Router default ErrorBoundary: Error: Element type is invalid: expected a string (for built-in components) or a class/function (for composite components) but got: undefined. You likely forgot to export your component from the file it's defined in, or you might have mixed up default and named imports.

Check the render method of `IncidentTimelinePanel`.
    at createFiberFromTypeAndProps (http://localhost:3000/node_modules/.vite/deps/react-dom-BEjadErz.js?v=d60f55b8:16466:12)
    at createFiberFromElement (http://localhost:3000/node_modules/.vite/deps/react-dom-BEjadErz.js?v=d60f55b8:16481:16)
    at reconcileSingleElement (http://localhost:3000/node_modules/.vite/deps/react-dom-BEjadErz.js?v=d60f55b8:8849:22)
    at reconcileChildFibers (http://localhost:3000/node_modules/.vite/deps/react-dom-BEjadErz.js?v=d60f55b8:8879:56)
    at reconcileChildren (http://localhost:3000/node_modules/.vite/deps/react-dom-BEjadErz.js?v=d60f55b8:11924:49)
    at updateHostComponent (http://localhost:3000/node_modules/.vite/deps/react-dom-BEjadErz.js?v=d60f55b8:12287:4)
    at beginWork (http://localhost:3000/node_modules/.vite/deps/react-dom-BEjadErz.js?v=d60f55b8:13102:32)
    at beginWork$1 (http://localhost:3000/node_modules/.vite/deps/react-dom-BEjadErz.js?v=d60f55b8:15982:12)
    at performUnitOfWork (http://localhost:3000/node_modules/.vite/deps/react-dom-BEjadErz.js?v=d60f55b8:15568:12)
    at workLoopSync (http://localhost:3000/node_modules/.vite/deps/react-dom-BEjadErz.js?v=d60f55b8:15517:36) @ http://localhost:3000/node_modules/.vite/deps/react-router-dom.js?v=d60f55b8:3780
[   59872ms] [ERROR] Warning: React.jsx: type is invalid -- expected a string (for built-in components) or a class/function (for composite components) but got: %s.%s%s undefined  You likely forgot to export your component from the file it's defined in, or you might have mixed up default and named imports.

Check your code at IncidentTimelinePanel.tsx:125. 
    at IncidentTimelinePanel (http://localhost:3000/src/pages/incidents/components/IncidentTimelinePanel.tsx?t=1786206587629:62:41)
    at section
    at div
    at div
    at section
    at section
    at div
    at div
    at IncidentDetailPage (http://localhost:3000/src/pages/incidents/IncidentDetailPage.tsx?t=1786206587629:168:17)
    at AuthGuard (http://localhost:3000/src/router/AuthGuard.tsx:20:29)
    at RenderedRoute (http://localhost:3000/node_modules/.vite/deps/react-router-dom.js?v=d60f55b8:3821:10)
    at Outlet (http://localhost:3000/node_modules/.vite/deps/react-router-dom.js?v=d60f55b8:4229:27)
    at Suspense
    at main
    at div
    at AppLayout (http://localhost:3000/src/router/AppLayout.tsx:22:24)
    at RenderedRoute (http://localhost:3000/node_modules/.vite/deps/react-router-dom.js?v=d60f55b8:3821:10)
    at RenderErrorBoundary (http://localhost:3000/node_modules/.vite/deps/react-router-dom.js?v=d60f55b8:3788:5)
    at DataRoutes (http://localhost:3000/node_modules/.vite/deps/react-router-dom.js?v=d60f55b8:5096:10)
    at Router (http://localhost:3000/node_modules/.vite/deps/react-router-dom.js?v=d60f55b8:4249:20)
    at RouterProvider (http://localhost:3000/node_modules/.vite/deps/react-router-dom.js?v=d60f55b8:4929:10)
    at Suspense
    at AppInner (http://localhost:3000/src/App.tsx?t=1786206587629:18:30)
    at QueryClientProvider (http://localhost:3000/node_modules/.vite/deps/@tanstack_react-query.js?v=d60f55b8:2995:31)
    at App @ http://localhost:3000/node_modules/.vite/deps/react_jsx-dev-runtime.js?v=d60f55b8:52
[   59872ms] [ERROR] Warning: React.jsx: type is invalid -- expected a string (for built-in components) or a class/function (for composite components) but got: %s.%s%s undefined  You likely forgot to export your component from the file it's defined in, or you might have mixed up default and named imports.

Check your code at IncidentTimelinePanel.tsx:125. 
    at IncidentTimelinePanel (http://localhost:3000/src/pages/incidents/components/IncidentTimelinePanel.tsx?t=1786206587629:62:41)
    at section
    at div
    at div
    at section
    at section
    at div
    at div
    at IncidentDetailPage (http://localhost:3000/src/pages/incidents/IncidentDetailPage.tsx?t=1786206587629:168:17)
    at AuthGuard (http://localhost:3000/src/router/AuthGuard.tsx:20:29)
    at RenderedRoute (http://localhost:3000/node_modules/.vite/deps/react-router-dom.js?v=d60f55b8:3821:10)
    at Outlet (http://localhost:3000/node_modules/.vite/deps/react-router-dom.js?v=d60f55b8:4229:27)
    at Suspense
    at main
    at div
    at AppLayout (http://localhost:3000/src/router/AppLayout.tsx:22:24)
    at RenderedRoute (http://localhost:3000/node_modules/.vite/deps/react-router-dom.js?v=d60f55b8:3821:10)
    at RenderErrorBoundary (http://localhost:3000/node_modules/.vite/deps/react-router-dom.js?v=d60f55b8:3788:5)
    at DataRoutes (http://localhost:3000/node_modules/.vite/deps/react-router-dom.js?v=d60f55b8:5096:10)
    at Router (http://localhost:3000/node_modules/.vite/deps/react-router-dom.js?v=d60f55b8:4249:20)
    at RouterProvider (http://localhost:3000/node_modules/.vite/deps/react-router-dom.js?v=d60f55b8:4929:10)
    at Suspense
    at AppInner (http://localhost:3000/src/App.tsx?t=1786206587629:18:30)
    at QueryClientProvider (http://localhost:3000/node_modules/.vite/deps/@tanstack_react-query.js?v=d60f55b8:2995:31)
    at App @ http://localhost:3000/node_modules/.vite/deps/react_jsx-dev-runtime.js?v=d60f55b8:52
[   59872ms] [ERROR] Warning: React.jsx: type is invalid -- expected a string (for built-in components) or a class/function (for composite components) but got: %s.%s%s undefined  You likely forgot to export your component from the file it's defined in, or you might have mixed up default and named imports.

Check your code at IncidentTimelinePanel.tsx:125. 
    at IncidentTimelinePanel (http://localhost:3000/src/pages/incidents/components/IncidentTimelinePanel.tsx?t=1786206587629:62:41)
    at section
    at div
    at div
    at section
    at section
    at div
    at div
    at IncidentDetailPage (http://localhost:3000/src/pages/incidents/IncidentDetailPage.tsx?t=1786206587629:168:17)
    at AuthGuard (http://localhost:3000/src/router/AuthGuard.tsx:20:29)
    at RenderedRoute (http://localhost:3000/node_modules/.vite/deps/react-router-dom.js?v=d60f55b8:3821:10)
    at Outlet (http://localhost:3000/node_modules/.vite/deps/react-router-dom.js?v=d60f55b8:4229:27)
    at Suspense
    at main
    at div
    at AppLayout (http://localhost:3000/src/router/AppLayout.tsx:22:24)
    at RenderedRoute (http://localhost:3000/node_modules/.vite/deps/react-router-dom.js?v=d60f55b8:3821:10)
    at RenderErrorBoundary (http://localhost:3000/node_modules/.vite/deps/react-router-dom.js?v=d60f55b8:3788:5)
    at DataRoutes (http://localhost:3000/node_modules/.vite/deps/react-router-dom.js?v=d60f55b8:5096:10)
    at Router (http://localhost:3000/node_modules/.vite/deps/react-router-dom.js?v=d60f55b8:4249:20)
    at RouterProvider (http://localhost:3000/node_modules/.vite/deps/react-router-dom.js?v=d60f55b8:4929:10)
    at Suspense
    at AppInner (http://localhost:3000/src/App.tsx?t=1786206587629:18:30)
    at QueryClientProvider (http://localhost:3000/node_modules/.vite/deps/@tanstack_react-query.js?v=d60f55b8:2995:31)
    at App @ http://localhost:3000/node_modules/.vite/deps/react_jsx-dev-runtime.js?v=d60f55b8:52
[   59872ms] [ERROR] Warning: React.jsx: type is invalid -- expected a string (for built-in components) or a class/function (for composite components) but got: %s.%s%s undefined  You likely forgot to export your component from the file it's defined in, or you might have mixed up default and named imports.

Check your code at IncidentTimelinePanel.tsx:125. 
    at IncidentTimelinePanel (http://localhost:3000/src/pages/incidents/components/IncidentTimelinePanel.tsx?t=1786206587629:62:41)
    at section
    at div
    at div
    at section
    at section
    at div
    at div
    at IncidentDetailPage (http://localhost:3000/src/pages/incidents/IncidentDetailPage.tsx?t=1786206587629:168:17)
    at AuthGuard (http://localhost:3000/src/router/AuthGuard.tsx:20:29)
    at RenderedRoute (http://localhost:3000/node_modules/.vite/deps/react-router-dom.js?v=d60f55b8:3821:10)
    at Outlet (http://localhost:3000/node_modules/.vite/deps/react-router-dom.js?v=d60f55b8:4229:27)
    at Suspense
    at main
    at div
    at AppLayout (http://localhost:3000/src/router/AppLayout.tsx:22:24)
    at RenderedRoute (http://localhost:3000/node_modules/.vite/deps/react-router-dom.js?v=d60f55b8:3821:10)
    at RenderErrorBoundary (http://localhost:3000/node_modules/.vite/deps/react-router-dom.js?v=d60f55b8:3788:5)
    at DataRoutes (http://localhost:3000/node_modules/.vite/deps/react-router-dom.js?v=d60f55b8:5096:10)
    at Router (http://localhost:3000/node_modules/.vite/deps/react-router-dom.js?v=d60f55b8:4249:20)
    at RouterProvider (http://localhost:3000/node_modules/.vite/deps/react-router-dom.js?v=d60f55b8:4929:10)
    at Suspense
    at AppInner (http://localhost:3000/src/App.tsx?t=1786206587629:18:30)
    at QueryClientProvider (http://localhost:3000/node_modules/.vite/deps/@tanstack_react-query.js?v=d60f55b8:2995:31)
    at App @ http://localhost:3000/node_modules/.vite/deps/react_jsx-dev-runtime.js?v=d60f55b8:52
[   59873ms] [ERROR] Warning: React.jsx: type is invalid -- expected a string (for built-in components) or a class/function (for composite components) but got: %s.%s%s undefined  You likely forgot to export your component from the file it's defined in, or you might have mixed up default and named imports.

Check your code at IncidentTimelinePanel.tsx:125. 
    at IncidentTimelinePanel (http://localhost:3000/src/pages/incidents/components/IncidentTimelinePanel.tsx?t=1786206587629:62:41)
    at section
    at div
    at div
    at section
    at section
    at div
    at div
    at IncidentDetailPage (http://localhost:3000/src/pages/incidents/IncidentDetailPage.tsx?t=1786206587629:168:17)
    at AuthGuard (http://localhost:3000/src/router/AuthGuard.tsx:20:29)
    at RenderedRoute (http://localhost:3000/node_modules/.vite/deps/react-router-dom.js?v=d60f55b8:3821:10)
    at Outlet (http://localhost:3000/node_modules/.vite/deps/react-router-dom.js?v=d60f55b8:4229:27)
    at Suspense
    at main
    at div
    at AppLayout (http://localhost:3000/src/router/AppLayout.tsx:22:24)
    at RenderedRoute (http://localhost:3000/node_modules/.vite/deps/react-router-dom.js?v=d60f55b8:3821:10)
    at RenderErrorBoundary (http://localhost:3000/node_modules/.vite/deps/react-router-dom.js?v=d60f55b8:3788:5)
    at DataRoutes (http://localhost:3000/node_modules/.vite/deps/react-router-dom.js?v=d60f55b8:5096:10)
    at Router (http://localhost:3000/node_modules/.vite/deps/react-router-dom.js?v=d60f55b8:4249:20)
    at RouterProvider (http://localhost:3000/node_modules/.vite/deps/react-router-dom.js?v=d60f55b8:4929:10)
    at Suspense
    at AppInner (http://localhost:3000/src/App.tsx?t=1786206587629:18:30)
    at QueryClientProvider (http://localhost:3000/node_modules/.vite/deps/@tanstack_react-query.js?v=d60f55b8:2995:31)
    at App @ http://localhost:3000/node_modules/.vite/deps/react_jsx-dev-runtime.js?v=d60f55b8:52
[   59873ms] [ERROR] Warning: React.jsx: type is invalid -- expected a string (for built-in components) or a class/function (for composite components) but got: %s.%s%s undefined  You likely forgot to export your component from the file it's defined in, or you might have mixed up default and named imports.

Check your code at IncidentTimelinePanel.tsx:125. 
    at IncidentTimelinePanel (http://localhost:3000/src/pages/incidents/components/IncidentTimelinePanel.tsx?t=1786206587629:62:41)
    at section
    at div
    at div
    at section
    at section
    at div
    at div
    at IncidentDetailPage (http://localhost:3000/src/pages/incidents/IncidentDetailPage.tsx?t=1786206587629:168:17)
    at AuthGuard (http://localhost:3000/src/router/AuthGuard.tsx:20:29)
    at RenderedRoute (http://localhost:3000/node_modules/.vite/deps/react-router-dom.js?v=d60f55b8:3821:10)
    at Outlet (http://localhost:3000/node_modules/.vite/deps/react-router-dom.js?v=d60f55b8:4229:27)
    at Suspense
    at main
    at div
    at AppLayout (http://localhost:3000/src/router/AppLayout.tsx:22:24)
    at RenderedRoute (http://localhost:3000/node_modules/.vite/deps/react-router-dom.js?v=d60f55b8:3821:10)
    at RenderErrorBoundary (http://localhost:3000/node_modules/.vite/deps/react-router-dom.js?v=d60f55b8:3788:5)
    at DataRoutes (http://localhost:3000/node_modules/.vite/deps/react-router-dom.js?v=d60f55b8:5096:10)
    at Router (http://localhost:3000/node_modules/.vite/deps/react-router-dom.js?v=d60f55b8:4249:20)
    at RouterProvider (http://localhost:3000/node_modules/.vite/deps/react-router-dom.js?v=d60f55b8:4929:10)
    at Suspense
    at AppInner (http://localhost:3000/src/App.tsx?t=1786206587629:18:30)
    at QueryClientProvider (http://localhost:3000/node_modules/.vite/deps/@tanstack_react-query.js?v=d60f55b8:2995:31)
    at App @ http://localhost:3000/node_modules/.vite/deps/react_jsx-dev-runtime.js?v=d60f55b8:52
[   59873ms] [ERROR] Warning: React.jsx: type is invalid -- expected a string (for built-in components) or a class/function (for composite components) but got: %s.%s%s undefined  You likely forgot to export your component from the file it's defined in, or you might have mixed up default and named imports.

Check your code at IncidentTimelinePanel.tsx:125. 
    at IncidentTimelinePanel (http://localhost:3000/src/pages/incidents/components/IncidentTimelinePanel.tsx?t=1786206587629:62:41)
    at section
    at div
    at div
    at section
    at section
    at div
    at div
    at IncidentDetailPage (http://localhost:3000/src/pages/incidents/IncidentDetailPage.tsx?t=1786206587629:168:17)
    at AuthGuard (http://localhost:3000/src/router/AuthGuard.tsx:20:29)
    at RenderedRoute (http://localhost:3000/node_modules/.vite/deps/react-router-dom.js?v=d60f55b8:3821:10)
    at Outlet (http://localhost:3000/node_modules/.vite/deps/react-router-dom.js?v=d60f55b8:4229:27)
    at Suspense
    at main
    at div
    at AppLayout (http://localhost:3000/src/router/AppLayout.tsx:22:24)
    at RenderedRoute (http://localhost:3000/node_modules/.vite/deps/react-router-dom.js?v=d60f55b8:3821:10)
    at RenderErrorBoundary (http://localhost:3000/node_modules/.vite/deps/react-router-dom.js?v=d60f55b8:3788:5)
    at DataRoutes (http://localhost:3000/node_modules/.vite/deps/react-router-dom.js?v=d60f55b8:5096:10)
    at Router (http://localhost:3000/node_modules/.vite/deps/react-router-dom.js?v=d60f55b8:4249:20)
    at RouterProvider (http://localhost:3000/node_modules/.vite/deps/react-router-dom.js?v=d60f55b8:4929:10)
    at Suspense
    at AppInner (http://localhost:3000/src/App.tsx?t=1786206587629:18:30)
    at QueryClientProvider (http://localhost:3000/node_modules/.vite/deps/@tanstack_react-query.js?v=d60f55b8:2995:31)
    at App @ http://localhost:3000/node_modules/.vite/deps/react_jsx-dev-runtime.js?v=d60f55b8:52
[   59873ms] [ERROR] Warning: React.jsx: type is invalid -- expected a string (for built-in components) or a class/function (for composite components) but got: %s.%s%s undefined  You likely forgot to export your component from the file it's defined in, or you might have mixed up default and named imports.

Check your code at IncidentTimelinePanel.tsx:125. 
    at IncidentTimelinePanel (http://localhost:3000/src/pages/incidents/components/IncidentTimelinePanel.tsx?t=1786206587629:62:41)
    at section
    at div
    at div
    at section
    at section
    at div
    at div
    at IncidentDetailPage (http://localhost:3000/src/pages/incidents/IncidentDetailPage.tsx?t=1786206587629:168:17)
    at AuthGuard (http://localhost:3000/src/router/AuthGuard.tsx:20:29)
    at RenderedRoute (http://localhost:3000/node_modules/.vite/deps/react-router-dom.js?v=d60f55b8:3821:10)
    at Outlet (http://localhost:3000/node_modules/.vite/deps/react-router-dom.js?v=d60f55b8:4229:27)
    at Suspense
    at main
    at div
    at AppLayout (http://localhost:3000/src/router/AppLayout.tsx:22:24)
    at RenderedRoute (http://localhost:3000/node_modules/.vite/deps/react-router-dom.js?v=d60f55b8:3821:10)
    at RenderErrorBoundary (http://localhost:3000/node_modules/.vite/deps/react-router-dom.js?v=d60f55b8:3788:5)
    at DataRoutes (http://localhost:3000/node_modules/.vite/deps/react-router-dom.js?v=d60f55b8:5096:10)
    at Router (http://localhost:3000/node_modules/.vite/deps/react-router-dom.js?v=d60f55b8:4249:20)
    at RouterProvider (http://localhost:3000/node_modules/.vite/deps/react-router-dom.js?v=d60f55b8:4929:10)
    at Suspense
    at AppInner (http://localhost:3000/src/App.tsx?t=1786206587629:18:30)
    at QueryClientProvider (http://localhost:3000/node_modules/.vite/deps/@tanstack_react-query.js?v=d60f55b8:2995:31)
    at App @ http://localhost:3000/node_modules/.vite/deps/react_jsx-dev-runtime.js?v=d60f55b8:52
[   59873ms] [ERROR] Warning: React.jsx: type is invalid -- expected a string (for built-in components) or a class/function (for composite components) but got: %s.%s%s undefined  You likely forgot to export your component from the file it's defined in, or you might have mixed up default and named imports.

Check your code at IncidentTimelinePanel.tsx:125. 
    at IncidentTimelinePanel (http://localhost:3000/src/pages/incidents/components/IncidentTimelinePanel.tsx?t=1786206587629:62:41)
    at section
    at div
    at div
    at section
    at section
    at div
    at div
    at IncidentDetailPage (http://localhost:3000/src/pages/incidents/IncidentDetailPage.tsx?t=1786206587629:168:17)
    at AuthGuard (http://localhost:3000/src/router/AuthGuard.tsx:20:29)
    at RenderedRoute (http://localhost:3000/node_modules/.vite/deps/react-router-dom.js?v=d60f55b8:3821:10)
    at Outlet (http://localhost:3000/node_modules/.vite/deps/react-router-dom.js?v=d60f55b8:4229:27)
    at Suspense
    at main
    at div
    at AppLayout (http://localhost:3000/src/router/AppLayout.tsx:22:24)
    at RenderedRoute (http://localhost:3000/node_modules/.vite/deps/react-router-dom.js?v=d60f55b8:3821:10)
    at RenderErrorBoundary (http://localhost:3000/node_modules/.vite/deps/react-router-dom.js?v=d60f55b8:3788:5)
    at DataRoutes (http://localhost:3000/node_modules/.vite/deps/react-router-dom.js?v=d60f55b8:5096:10)
    at Router (http://localhost:3000/node_modules/.vite/deps/react-router-dom.js?v=d60f55b8:4249:20)
    at RouterProvider (http://localhost:3000/node_modules/.vite/deps/react-router-dom.js?v=d60f55b8:4929:10)
    at Suspense
    at AppInner (http://localhost:3000/src/App.tsx?t=1786206587629:18:30)
    at QueryClientProvider (http://localhost:3000/node_modules/.vite/deps/@tanstack_react-query.js?v=d60f55b8:2995:31)
    at App @ http://localhost:3000/node_modules/.vite/deps/react_jsx-dev-runtime.js?v=d60f55b8:52
[   59873ms] [ERROR] Warning: React.jsx: type is invalid -- expected a string (for built-in components) or a class/function (for composite components) but got: %s.%s%s undefined  You likely forgot to export your component from the file it's defined in, or you might have mixed up default and named imports.

Check your code at IncidentTimelinePanel.tsx:125. 
    at IncidentTimelinePanel (http://localhost:3000/src/pages/incidents/components/IncidentTimelinePanel.tsx?t=1786206587629:62:41)
    at section
    at div
    at div
    at section
    at section
    at div
    at div
    at IncidentDetailPage (http://localhost:3000/src/pages/incidents/IncidentDetailPage.tsx?t=1786206587629:168:17)
    at AuthGuard (http://localhost:3000/src/router/AuthGuard.tsx:20:29)
    at RenderedRoute (http://localhost:3000/node_modules/.vite/deps/react-router-dom.js?v=d60f55b8:3821:10)
    at Outlet (http://localhost:3000/node_modules/.vite/deps/react-router-dom.js?v=d60f55b8:4229:27)
    at Suspense
    at main
    at div
    at AppLayout (http://localhost:3000/src/router/AppLayout.tsx:22:24)
    at RenderedRoute (http://localhost:3000/node_modules/.vite/deps/react-router-dom.js?v=d60f55b8:3821:10)
    at RenderErrorBoundary (http://localhost:3000/node_modules/.vite/deps/react-router-dom.js?v=d60f55b8:3788:5)
    at DataRoutes (http://localhost:3000/node_modules/.vite/deps/react-router-dom.js?v=d60f55b8:5096:10)
    at Router (http://localhost:3000/node_modules/.vite/deps/react-router-dom.js?v=d60f55b8:4249:20)
    at RouterProvider (http://localhost:3000/node_modules/.vite/deps/react-router-dom.js?v=d60f55b8:4929:10)
    at Suspense
    at AppInner (http://localhost:3000/src/App.tsx?t=1786206587629:18:30)
    at QueryClientProvider (http://localhost:3000/node_modules/.vite/deps/@tanstack_react-query.js?v=d60f55b8:2995:31)
    at App @ http://localhost:3000/node_modules/.vite/deps/react_jsx-dev-runtime.js?v=d60f55b8:52
[   59873ms] Error: Element type is invalid: expected a string (for built-in components) or a class/function (for composite components) but got: undefined. You likely forgot to export your component from the file it's defined in, or you might have mixed up default and named imports.

Check the render method of `IncidentTimelinePanel`.
    at createFiberFromTypeAndProps (http://localhost:3000/node_modules/.vite/deps/react-dom-BEjadErz.js?v=d60f55b8:16466:12)
    at createFiberFromElement (http://localhost:3000/node_modules/.vite/deps/react-dom-BEjadErz.js?v=d60f55b8:16481:16)
    at reconcileSingleElement (http://localhost:3000/node_modules/.vite/deps/react-dom-BEjadErz.js?v=d60f55b8:8849:22)
    at reconcileChildFibers (http://localhost:3000/node_modules/.vite/deps/react-dom-BEjadErz.js?v=d60f55b8:8879:56)
    at reconcileChildren (http://localhost:3000/node_modules/.vite/deps/react-dom-BEjadErz.js?v=d60f55b8:11924:49)
    at updateHostComponent (http://localhost:3000/node_modules/.vite/deps/react-dom-BEjadErz.js?v=d60f55b8:12287:4)
    at beginWork (http://localhost:3000/node_modules/.vite/deps/react-dom-BEjadErz.js?v=d60f55b8:13102:32)
    at HTMLUnknownElement.callCallback (http://localhost:3000/node_modules/.vite/deps/react-dom-BEjadErz.js?v=d60f55b8:3142:11)
    at Object.invokeGuardedCallbackDev (http://localhost:3000/node_modules/.vite/deps/react-dom-BEjadErz.js?v=d60f55b8:3162:14)
    at invokeGuardedCallback (http://localhost:3000/node_modules/.vite/deps/react-dom-BEjadErz.js?v=d60f55b8:3201:32)
[   59873ms] Error: Element type is invalid: expected a string (for built-in components) or a class/function (for composite components) but got: undefined. You likely forgot to export your component from the file it's defined in, or you might have mixed up default and named imports.

Check the render method of `IncidentTimelinePanel`.
    at createFiberFromTypeAndProps (http://localhost:3000/node_modules/.vite/deps/react-dom-BEjadErz.js?v=d60f55b8:16466:12)
    at createFiberFromElement (http://localhost:3000/node_modules/.vite/deps/react-dom-BEjadErz.js?v=d60f55b8:16481:16)
    at reconcileSingleElement (http://localhost:3000/node_modules/.vite/deps/react-dom-BEjadErz.js?v=d60f55b8:8849:22)
    at reconcileChildFibers (http://localhost:3000/node_modules/.vite/deps/react-dom-BEjadErz.js?v=d60f55b8:8879:56)
    at reconcileChildren (http://localhost:3000/node_modules/.vite/deps/react-dom-BEjadErz.js?v=d60f55b8:11924:49)
    at updateHostComponent (http://localhost:3000/node_modules/.vite/deps/react-dom-BEjadErz.js?v=d60f55b8:12287:4)
    at beginWork (http://localhost:3000/node_modules/.vite/deps/react-dom-BEjadErz.js?v=d60f55b8:13102:32)
    at HTMLUnknownElement.callCallback (http://localhost:3000/node_modules/.vite/deps/react-dom-BEjadErz.js?v=d60f55b8:3142:11)
    at Object.invokeGuardedCallbackDev (http://localhost:3000/node_modules/.vite/deps/react-dom-BEjadErz.js?v=d60f55b8:3162:14)
    at invokeGuardedCallback (http://localhost:3000/node_modules/.vite/deps/react-dom-BEjadErz.js?v=d60f55b8:3201:32)
[   59873ms] Error: Element type is invalid: expected a string (for built-in components) or a class/function (for composite components) but got: undefined. You likely forgot to export your component from the file it's defined in, or you might have mixed up default and named imports.

Check the render method of `IncidentTimelinePanel`.
    at createFiberFromTypeAndProps (http://localhost:3000/node_modules/.vite/deps/react-dom-BEjadErz.js?v=d60f55b8:16466:12)
    at createFiberFromElement (http://localhost:3000/node_modules/.vite/deps/react-dom-BEjadErz.js?v=d60f55b8:16481:16)
    at reconcileSingleElement (http://localhost:3000/node_modules/.vite/deps/react-dom-BEjadErz.js?v=d60f55b8:8849:22)
    at reconcileChildFibers (http://localhost:3000/node_modules/.vite/deps/react-dom-BEjadErz.js?v=d60f55b8:8879:56)
    at reconcileChildren (http://localhost:3000/node_modules/.vite/deps/react-dom-BEjadErz.js?v=d60f55b8:11924:49)
    at updateHostComponent (http://localhost:3000/node_modules/.vite/deps/react-dom-BEjadErz.js?v=d60f55b8:12287:4)
    at beginWork (http://localhost:3000/node_modules/.vite/deps/react-dom-BEjadErz.js?v=d60f55b8:13102:32)
    at HTMLUnknownElement.callCallback (http://localhost:3000/node_modules/.vite/deps/react-dom-BEjadErz.js?v=d60f55b8:3142:11)
    at Object.invokeGuardedCallbackDev (http://localhost:3000/node_modules/.vite/deps/react-dom-BEjadErz.js?v=d60f55b8:3162:14)
    at invokeGuardedCallback (http://localhost:3000/node_modules/.vite/deps/react-dom-BEjadErz.js?v=d60f55b8:3201:32)
[   59873ms] Error: Element type is invalid: expected a string (for built-in components) or a class/function (for composite components) but got: undefined. You likely forgot to export your component from the file it's defined in, or you might have mixed up default and named imports.

Check the render method of `IncidentTimelinePanel`.
    at createFiberFromTypeAndProps (http://localhost:3000/node_modules/.vite/deps/react-dom-BEjadErz.js?v=d60f55b8:16466:12)
    at createFiberFromElement (http://localhost:3000/node_modules/.vite/deps/react-dom-BEjadErz.js?v=d60f55b8:16481:16)
    at reconcileSingleElement (http://localhost:3000/node_modules/.vite/deps/react-dom-BEjadErz.js?v=d60f55b8:8849:22)
    at reconcileChildFibers (http://localhost:3000/node_modules/.vite/deps/react-dom-BEjadErz.js?v=d60f55b8:8879:56)
    at reconcileChildren (http://localhost:3000/node_modules/.vite/deps/react-dom-BEjadErz.js?v=d60f55b8:11924:49)
    at updateHostComponent (http://localhost:3000/node_modules/.vite/deps/react-dom-BEjadErz.js?v=d60f55b8:12287:4)
    at beginWork (http://localhost:3000/node_modules/.vite/deps/react-dom-BEjadErz.js?v=d60f55b8:13102:32)
    at HTMLUnknownElement.callCallback (http://localhost:3000/node_modules/.vite/deps/react-dom-BEjadErz.js?v=d60f55b8:3142:11)
    at Object.invokeGuardedCallbackDev (http://localhost:3000/node_modules/.vite/deps/react-dom-BEjadErz.js?v=d60f55b8:3162:14)
    at invokeGuardedCallback (http://localhost:3000/node_modules/.vite/deps/react-dom-BEjadErz.js?v=d60f55b8:3201:32)
[   59873ms] Error: Element type is invalid: expected a string (for built-in components) or a class/function (for composite components) but got: undefined. You likely forgot to export your component from the file it's defined in, or you might have mixed up default and named imports.

Check the render method of `IncidentTimelinePanel`.
    at createFiberFromTypeAndProps (http://localhost:3000/node_modules/.vite/deps/react-dom-BEjadErz.js?v=d60f55b8:16466:12)
    at createFiberFromElement (http://localhost:3000/node_modules/.vite/deps/react-dom-BEjadErz.js?v=d60f55b8:16481:16)
    at reconcileSingleElement (http://localhost:3000/node_modules/.vite/deps/react-dom-BEjadErz.js?v=d60f55b8:8849:22)
    at reconcileChildFibers (http://localhost:3000/node_modules/.vite/deps/react-dom-BEjadErz.js?v=d60f55b8:8879:56)
    at reconcileChildren (http://localhost:3000/node_modules/.vite/deps/react-dom-BEjadErz.js?v=d60f55b8:11924:49)
    at updateHostComponent (http://localhost:3000/node_modules/.vite/deps/react-dom-BEjadErz.js?v=d60f55b8:12287:4)
    at beginWork (http://localhost:3000/node_modules/.vite/deps/react-dom-BEjadErz.js?v=d60f55b8:13102:32)
    at HTMLUnknownElement.callCallback (http://localhost:3000/node_modules/.vite/deps/react-dom-BEjadErz.js?v=d60f55b8:3142:11)
    at Object.invokeGuardedCallbackDev (http://localhost:3000/node_modules/.vite/deps/react-dom-BEjadErz.js?v=d60f55b8:3162:14)
    at invokeGuardedCallback (http://localhost:3000/node_modules/.vite/deps/react-dom-BEjadErz.js?v=d60f55b8:3201:32)
[   59874ms] [ERROR] Error handled by React Router default ErrorBoundary: Error: Element type is invalid: expected a string (for built-in components) or a class/function (for composite components) but got: undefined. You likely forgot to export your component from the file it's defined in, or you might have mixed up default and named imports.

Check the render method of `IncidentTimelinePanel`.
    at createFiberFromTypeAndProps (http://localhost:3000/node_modules/.vite/deps/react-dom-BEjadErz.js?v=d60f55b8:16466:12)
    at createFiberFromElement (http://localhost:3000/node_modules/.vite/deps/react-dom-BEjadErz.js?v=d60f55b8:16481:16)
    at reconcileSingleElement (http://localhost:3000/node_modules/.vite/deps/react-dom-BEjadErz.js?v=d60f55b8:8849:22)
    at reconcileChildFibers (http://localhost:3000/node_modules/.vite/deps/react-dom-BEjadErz.js?v=d60f55b8:8879:56)
    at reconcileChildren (http://localhost:3000/node_modules/.vite/deps/react-dom-BEjadErz.js?v=d60f55b8:11924:49)
    at updateHostComponent (http://localhost:3000/node_modules/.vite/deps/react-dom-BEjadErz.js?v=d60f55b8:12287:4)
    at beginWork (http://localhost:3000/node_modules/.vite/deps/react-dom-BEjadErz.js?v=d60f55b8:13102:32)
    at beginWork$1 (http://localhost:3000/node_modules/.vite/deps/react-dom-BEjadErz.js?v=d60f55b8:15982:12)
    at performUnitOfWork (http://localhost:3000/node_modules/.vite/deps/react-dom-BEjadErz.js?v=d60f55b8:15568:12)
    at workLoopSync (http://localhost:3000/node_modules/.vite/deps/react-dom-BEjadErz.js?v=d60f55b8:15517:36) @ http://localhost:3000/node_modules/.vite/deps/react-router-dom.js?v=d60f55b8:3780
[   59874ms] [ERROR] Error handled by React Router default ErrorBoundary: Error: Element type is invalid: expected a string (for built-in components) or a class/function (for composite components) but got: undefined. You likely forgot to export your component from the file it's defined in, or you might have mixed up default and named imports.

Check the render method of `IncidentTimelinePanel`.
    at createFiberFromTypeAndProps (http://localhost:3000/node_modules/.vite/deps/react-dom-BEjadErz.js?v=d60f55b8:16466:12)
    at createFiberFromElement (http://localhost:3000/node_modules/.vite/deps/react-dom-BEjadErz.js?v=d60f55b8:16481:16)
    at reconcileSingleElement (http://localhost:3000/node_modules/.vite/deps/react-dom-BEjadErz.js?v=d60f55b8:8849:22)
    at reconcileChildFibers (http://localhost:3000/node_modules/.vite/deps/react-dom-BEjadErz.js?v=d60f55b8:8879:56)
    at reconcileChildren (http://localhost:3000/node_modules/.vite/deps/react-dom-BEjadErz.js?v=d60f55b8:11924:49)
    at updateHostComponent (http://localhost:3000/node_modules/.vite/deps/react-dom-BEjadErz.js?v=d60f55b8:12287:4)
    at beginWork (http://localhost:3000/node_modules/.vite/deps/react-dom-BEjadErz.js?v=d60f55b8:13102:32)
    at beginWork$1 (http://localhost:3000/node_modules/.vite/deps/react-dom-BEjadErz.js?v=d60f55b8:15982:12)
    at performUnitOfWork (http://localhost:3000/node_modules/.vite/deps/react-dom-BEjadErz.js?v=d60f55b8:15568:12)
    at workLoopSync (http://localhost:3000/node_modules/.vite/deps/react-dom-BEjadErz.js?v=d60f55b8:15517:36) @ http://localhost:3000/node_modules/.vite/deps/react-router-dom.js?v=d60f55b8:3780
[   59874ms] [ERROR] The above error occurred in the <span> component:

    at span
    at li
    at ol
    at section
    at IncidentTimelinePanel (http://localhost:3000/src/pages/incidents/components/IncidentTimelinePanel.tsx?t=1786206587629:62:41)
    at section
    at div
    at div
    at section
    at section
    at div
    at div
    at IncidentDetailPage (http://localhost:3000/src/pages/incidents/IncidentDetailPage.tsx?t=1786206587629:168:17)
    at AuthGuard (http://localhost:3000/src/router/AuthGuard.tsx:20:29)
    at RenderedRoute (http://localhost:3000/node_modules/.vite/deps/react-router-dom.js?v=d60f55b8:3821:10)
    at Outlet (http://localhost:3000/node_modules/.vite/deps/react-router-dom.js?v=d60f55b8:4229:27)
    at Suspense
    at main
    at div
    at AppLayout (http://localhost:3000/src/router/AppLayout.tsx:22:24)
    at RenderedRoute (http://localhost:3000/node_modules/.vite/deps/react-router-dom.js?v=d60f55b8:3821:10)
    at RenderErrorBoundary (http://localhost:3000/node_modules/.vite/deps/react-router-dom.js?v=d60f55b8:3788:5)
    at DataRoutes (http://localhost:3000/node_modules/.vite/deps/react-router-dom.js?v=d60f55b8:5096:10)
    at Router (http://localhost:3000/node_modules/.vite/deps/react-router-dom.js?v=d60f55b8:4249:20)
    at RouterProvider (http://localhost:3000/node_modules/.vite/deps/react-router-dom.js?v=d60f55b8:4929:10)
    at Suspense
    at AppInner (http://localhost:3000/src/App.tsx?t=1786206587629:18:30)
    at QueryClientProvider (http://localhost:3000/node_modules/.vite/deps/@tanstack_react-query.js?v=d60f55b8:2995:31)
    at App

React will try to recreate this component tree from scratch using the error boundary you provided, RenderErrorBoundary. @ http://localhost:3000/node_modules/.vite/deps/react-dom-BEjadErz.js?v=d60f55b8:11718
[   59874ms] [ERROR] React Router caught the following error during render Error: Element type is invalid: expected a string (for built-in components) or a class/function (for composite components) but got: undefined. You likely forgot to export your component from the file it's defined in, or you might have mixed up default and named imports.

Check the render method of `IncidentTimelinePanel`.
    at createFiberFromTypeAndProps (http://localhost:3000/node_modules/.vite/deps/react-dom-BEjadErz.js?v=d60f55b8:16466:12)
    at createFiberFromElement (http://localhost:3000/node_modules/.vite/deps/react-dom-BEjadErz.js?v=d60f55b8:16481:16)
    at reconcileSingleElement (http://localhost:3000/node_modules/.vite/deps/react-dom-BEjadErz.js?v=d60f55b8:8849:22)
    at reconcileChildFibers (http://localhost:3000/node_modules/.vite/deps/react-dom-BEjadErz.js?v=d60f55b8:8879:56)
    at reconcileChildren (http://localhost:3000/node_modules/.vite/deps/react-dom-BEjadErz.js?v=d60f55b8:11924:49)
    at updateHostComponent (http://localhost:3000/node_modules/.vite/deps/react-dom-BEjadErz.js?v=d60f55b8:12287:4)
    at beginWork (http://localhost:3000/node_modules/.vite/deps/react-dom-BEjadErz.js?v=d60f55b8:13102:32)
    at beginWork$1 (http://localhost:3000/node_modules/.vite/deps/react-dom-BEjadErz.js?v=d60f55b8:15982:12)
    at performUnitOfWork (http://localhost:3000/node_modules/.vite/deps/react-dom-BEjadErz.js?v=d60f55b8:15568:12)
    at workLoopSync (http://localhost:3000/node_modules/.vite/deps/react-dom-BEjadErz.js?v=d60f55b8:15517:36) {componentStack: 
    at span
    at li
    at ol
    at section
  …ack_react-query.js?v=d60f55b8:2995:31)
    at App} @ http://localhost:3000/node_modules/.vite/deps/react-router-dom.js?v=d60f55b8:3810
[   59874ms] [ERROR] The above error occurred in the <span> component:

    at span
    at li
    at ol
    at section
    at IncidentTimelinePanel (http://localhost:3000/src/pages/incidents/components/IncidentTimelinePanel.tsx?t=1786206587629:62:41)
    at section
    at div
    at div
    at section
    at section
    at div
    at div
    at IncidentDetailPage (http://localhost:3000/src/pages/incidents/IncidentDetailPage.tsx?t=1786206587629:168:17)
    at AuthGuard (http://localhost:3000/src/router/AuthGuard.tsx:20:29)
    at RenderedRoute (http://localhost:3000/node_modules/.vite/deps/react-router-dom.js?v=d60f55b8:3821:10)
    at Outlet (http://localhost:3000/node_modules/.vite/deps/react-router-dom.js?v=d60f55b8:4229:27)
    at Suspense
    at main
    at div
    at AppLayout (http://localhost:3000/src/router/AppLayout.tsx:22:24)
    at RenderedRoute (http://localhost:3000/node_modules/.vite/deps/react-router-dom.js?v=d60f55b8:3821:10)
    at RenderErrorBoundary (http://localhost:3000/node_modules/.vite/deps/react-router-dom.js?v=d60f55b8:3788:5)
    at DataRoutes (http://localhost:3000/node_modules/.vite/deps/react-router-dom.js?v=d60f55b8:5096:10)
    at Router (http://localhost:3000/node_modules/.vite/deps/react-router-dom.js?v=d60f55b8:4249:20)
    at RouterProvider (http://localhost:3000/node_modules/.vite/deps/react-router-dom.js?v=d60f55b8:4929:10)
    at Suspense
    at AppInner (http://localhost:3000/src/App.tsx?t=1786206587629:18:30)
    at QueryClientProvider (http://localhost:3000/node_modules/.vite/deps/@tanstack_react-query.js?v=d60f55b8:2995:31)
    at App

React will try to recreate this component tree from scratch using the error boundary you provided, RenderErrorBoundary. @ http://localhost:3000/node_modules/.vite/deps/react-dom-BEjadErz.js?v=d60f55b8:11718
[   59874ms] [ERROR] React Router caught the following error during render Error: Element type is invalid: expected a string (for built-in components) or a class/function (for composite components) but got: undefined. You likely forgot to export your component from the file it's defined in, or you might have mixed up default and named imports.

Check the render method of `IncidentTimelinePanel`.
    at createFiberFromTypeAndProps (http://localhost:3000/node_modules/.vite/deps/react-dom-BEjadErz.js?v=d60f55b8:16466:12)
    at createFiberFromElement (http://localhost:3000/node_modules/.vite/deps/react-dom-BEjadErz.js?v=d60f55b8:16481:16)
    at reconcileSingleElement (http://localhost:3000/node_modules/.vite/deps/react-dom-BEjadErz.js?v=d60f55b8:8849:22)
    at reconcileChildFibers (http://localhost:3000/node_modules/.vite/deps/react-dom-BEjadErz.js?v=d60f55b8:8879:56)
    at reconcileChildren (http://localhost:3000/node_modules/.vite/deps/react-dom-BEjadErz.js?v=d60f55b8:11924:49)
    at updateHostComponent (http://localhost:3000/node_modules/.vite/deps/react-dom-BEjadErz.js?v=d60f55b8:12287:4)
    at beginWork (http://localhost:3000/node_modules/.vite/deps/react-dom-BEjadErz.js?v=d60f55b8:13102:32)
    at beginWork$1 (http://localhost:3000/node_modules/.vite/deps/react-dom-BEjadErz.js?v=d60f55b8:15982:12)
    at performUnitOfWork (http://localhost:3000/node_modules/.vite/deps/react-dom-BEjadErz.js?v=d60f55b8:15568:12)
    at workLoopSync (http://localhost:3000/node_modules/.vite/deps/react-dom-BEjadErz.js?v=d60f55b8:15517:36) {componentStack: 
    at span
    at li
    at ol
    at section
  …ack_react-query.js?v=d60f55b8:2995:31)
    at App} @ http://localhost:3000/node_modules/.vite/deps/react-router-dom.js?v=d60f55b8:3810
[   59875ms] [ERROR] The above error occurred in the <span> component:

    at span
    at li
    at ol
    at section
    at IncidentTimelinePanel (http://localhost:3000/src/pages/incidents/components/IncidentTimelinePanel.tsx?t=1786206587629:62:41)
    at section
    at div
    at div
    at section
    at section
    at div
    at div
    at IncidentDetailPage (http://localhost:3000/src/pages/incidents/IncidentDetailPage.tsx?t=1786206587629:168:17)
    at AuthGuard (http://localhost:3000/src/router/AuthGuard.tsx:20:29)
    at RenderedRoute (http://localhost:3000/node_modules/.vite/deps/react-router-dom.js?v=d60f55b8:3821:10)
    at Outlet (http://localhost:3000/node_modules/.vite/deps/react-router-dom.js?v=d60f55b8:4229:27)
    at Suspense
    at main
    at div
    at AppLayout (http://localhost:3000/src/router/AppLayout.tsx:22:24)
    at RenderedRoute (http://localhost:3000/node_modules/.vite/deps/react-router-dom.js?v=d60f55b8:3821:10)
    at RenderErrorBoundary (http://localhost:3000/node_modules/.vite/deps/react-router-dom.js?v=d60f55b8:3788:5)
    at DataRoutes (http://localhost:3000/node_modules/.vite/deps/react-router-dom.js?v=d60f55b8:5096:10)
    at Router (http://localhost:3000/node_modules/.vite/deps/react-router-dom.js?v=d60f55b8:4249:20)
    at RouterProvider (http://localhost:3000/node_modules/.vite/deps/react-router-dom.js?v=d60f55b8:4929:10)
    at Suspense
    at AppInner (http://localhost:3000/src/App.tsx?t=1786206587629:18:30)
    at QueryClientProvider (http://localhost:3000/node_modules/.vite/deps/@tanstack_react-query.js?v=d60f55b8:2995:31)
    at App

React will try to recreate this component tree from scratch using the error boundary you provided, RenderErrorBoundary. @ http://localhost:3000/node_modules/.vite/deps/react-dom-BEjadErz.js?v=d60f55b8:11718
[   59875ms] [ERROR] React Router caught the following error during render Error: Element type is invalid: expected a string (for built-in components) or a class/function (for composite components) but got: undefined. You likely forgot to export your component from the file it's defined in, or you might have mixed up default and named imports.

Check the render method of `IncidentTimelinePanel`.
    at createFiberFromTypeAndProps (http://localhost:3000/node_modules/.vite/deps/react-dom-BEjadErz.js?v=d60f55b8:16466:12)
    at createFiberFromElement (http://localhost:3000/node_modules/.vite/deps/react-dom-BEjadErz.js?v=d60f55b8:16481:16)
    at reconcileSingleElement (http://localhost:3000/node_modules/.vite/deps/react-dom-BEjadErz.js?v=d60f55b8:8849:22)
    at reconcileChildFibers (http://localhost:3000/node_modules/.vite/deps/react-dom-BEjadErz.js?v=d60f55b8:8879:56)
    at reconcileChildren (http://localhost:3000/node_modules/.vite/deps/react-dom-BEjadErz.js?v=d60f55b8:11924:49)
    at updateHostComponent (http://localhost:3000/node_modules/.vite/deps/react-dom-BEjadErz.js?v=d60f55b8:12287:4)
    at beginWork (http://localhost:3000/node_modules/.vite/deps/react-dom-BEjadErz.js?v=d60f55b8:13102:32)
    at beginWork$1 (http://localhost:3000/node_modules/.vite/deps/react-dom-BEjadErz.js?v=d60f55b8:15982:12)
    at performUnitOfWork (http://localhost:3000/node_modules/.vite/deps/react-dom-BEjadErz.js?v=d60f55b8:15568:12)
    at workLoopSync (http://localhost:3000/node_modules/.vite/deps/react-dom-BEjadErz.js?v=d60f55b8:15517:36) {componentStack: 
    at span
    at li
    at ol
    at section
  …ack_react-query.js?v=d60f55b8:2995:31)
    at App} @ http://localhost:3000/node_modules/.vite/deps/react-router-dom.js?v=d60f55b8:3810
[   59875ms] [ERROR] The above error occurred in the <span> component:

    at span
    at li
    at ol
    at section
    at IncidentTimelinePanel (http://localhost:3000/src/pages/incidents/components/IncidentTimelinePanel.tsx?t=1786206587629:62:41)
    at section
    at div
    at div
    at section
    at section
    at div
    at div
    at IncidentDetailPage (http://localhost:3000/src/pages/incidents/IncidentDetailPage.tsx?t=1786206587629:168:17)
    at AuthGuard (http://localhost:3000/src/router/AuthGuard.tsx:20:29)
    at RenderedRoute (http://localhost:3000/node_modules/.vite/deps/react-router-dom.js?v=d60f55b8:3821:10)
    at Outlet (http://localhost:3000/node_modules/.vite/deps/react-router-dom.js?v=d60f55b8:4229:27)
    at Suspense
    at main
    at div
    at AppLayout (http://localhost:3000/src/router/AppLayout.tsx:22:24)
    at RenderedRoute (http://localhost:3000/node_modules/.vite/deps/react-router-dom.js?v=d60f55b8:3821:10)
    at RenderErrorBoundary (http://localhost:3000/node_modules/.vite/deps/react-router-dom.js?v=d60f55b8:3788:5)
    at DataRoutes (http://localhost:3000/node_modules/.vite/deps/react-router-dom.js?v=d60f55b8:5096:10)
    at Router (http://localhost:3000/node_modules/.vite/deps/react-router-dom.js?v=d60f55b8:4249:20)
    at RouterProvider (http://localhost:3000/node_modules/.vite/deps/react-router-dom.js?v=d60f55b8:4929:10)
    at Suspense
    at AppInner (http://localhost:3000/src/App.tsx?t=1786206587629:18:30)
    at QueryClientProvider (http://localhost:3000/node_modules/.vite/deps/@tanstack_react-query.js?v=d60f55b8:2995:31)
    at App

React will try to recreate this component tree from scratch using the error boundary you provided, RenderErrorBoundary. @ http://localhost:3000/node_modules/.vite/deps/react-dom-BEjadErz.js?v=d60f55b8:11718
[   59875ms] [ERROR] React Router caught the following error during render Error: Element type is invalid: expected a string (for built-in components) or a class/function (for composite components) but got: undefined. You likely forgot to export your component from the file it's defined in, or you might have mixed up default and named imports.

Check the render method of `IncidentTimelinePanel`.
    at createFiberFromTypeAndProps (http://localhost:3000/node_modules/.vite/deps/react-dom-BEjadErz.js?v=d60f55b8:16466:12)
    at createFiberFromElement (http://localhost:3000/node_modules/.vite/deps/react-dom-BEjadErz.js?v=d60f55b8:16481:16)
    at reconcileSingleElement (http://localhost:3000/node_modules/.vite/deps/react-dom-BEjadErz.js?v=d60f55b8:8849:22)
    at reconcileChildFibers (http://localhost:3000/node_modules/.vite/deps/react-dom-BEjadErz.js?v=d60f55b8:8879:56)
    at reconcileChildren (http://localhost:3000/node_modules/.vite/deps/react-dom-BEjadErz.js?v=d60f55b8:11924:49)
    at updateHostComponent (http://localhost:3000/node_modules/.vite/deps/react-dom-BEjadErz.js?v=d60f55b8:12287:4)
    at beginWork (http://localhost:3000/node_modules/.vite/deps/react-dom-BEjadErz.js?v=d60f55b8:13102:32)
    at beginWork$1 (http://localhost:3000/node_modules/.vite/deps/react-dom-BEjadErz.js?v=d60f55b8:15982:12)
    at performUnitOfWork (http://localhost:3000/node_modules/.vite/deps/react-dom-BEjadErz.js?v=d60f55b8:15568:12)
    at workLoopSync (http://localhost:3000/node_modules/.vite/deps/react-dom-BEjadErz.js?v=d60f55b8:15517:36) {componentStack: 
    at span
    at li
    at ol
    at section
  …ack_react-query.js?v=d60f55b8:2995:31)
    at App} @ http://localhost:3000/node_modules/.vite/deps/react-router-dom.js?v=d60f55b8:3810
[   59875ms] [ERROR] The above error occurred in the <span> component:

    at span
    at li
    at ol
    at section
    at IncidentTimelinePanel (http://localhost:3000/src/pages/incidents/components/IncidentTimelinePanel.tsx?t=1786206587629:62:41)
    at section
    at div
    at div
    at section
    at section
    at div
    at div
    at IncidentDetailPage (http://localhost:3000/src/pages/incidents/IncidentDetailPage.tsx?t=1786206587629:168:17)
    at AuthGuard (http://localhost:3000/src/router/AuthGuard.tsx:20:29)
    at RenderedRoute (http://localhost:3000/node_modules/.vite/deps/react-router-dom.js?v=d60f55b8:3821:10)
    at Outlet (http://localhost:3000/node_modules/.vite/deps/react-router-dom.js?v=d60f55b8:4229:27)
    at Suspense
    at main
    at div
    at AppLayout (http://localhost:3000/src/router/AppLayout.tsx:22:24)
    at RenderedRoute (http://localhost:3000/node_modules/.vite/deps/react-router-dom.js?v=d60f55b8:3821:10)
    at RenderErrorBoundary (http://localhost:3000/node_modules/.vite/deps/react-router-dom.js?v=d60f55b8:3788:5)
    at DataRoutes (http://localhost:3000/node_modules/.vite/deps/react-router-dom.js?v=d60f55b8:5096:10)
    at Router (http://localhost:3000/node_modules/.vite/deps/react-router-dom.js?v=d60f55b8:4249:20)
    at RouterProvider (http://localhost:3000/node_modules/.vite/deps/react-router-dom.js?v=d60f55b8:4929:10)
    at Suspense
    at AppInner (http://localhost:3000/src/App.tsx?t=1786206587629:18:30)
    at QueryClientProvider (http://localhost:3000/node_modules/.vite/deps/@tanstack_react-query.js?v=d60f55b8:2995:31)
    at App

React will try to recreate this component tree from scratch using the error boundary you provided, RenderErrorBoundary. @ http://localhost:3000/node_modules/.vite/deps/react-dom-BEjadErz.js?v=d60f55b8:11718
[   59875ms] [ERROR] React Router caught the following error during render Error: Element type is invalid: expected a string (for built-in components) or a class/function (for composite components) but got: undefined. You likely forgot to export your component from the file it's defined in, or you might have mixed up default and named imports.

Check the render method of `IncidentTimelinePanel`.
    at createFiberFromTypeAndProps (http://localhost:3000/node_modules/.vite/deps/react-dom-BEjadErz.js?v=d60f55b8:16466:12)
    at createFiberFromElement (http://localhost:3000/node_modules/.vite/deps/react-dom-BEjadErz.js?v=d60f55b8:16481:16)
    at reconcileSingleElement (http://localhost:3000/node_modules/.vite/deps/react-dom-BEjadErz.js?v=d60f55b8:8849:22)
    at reconcileChildFibers (http://localhost:3000/node_modules/.vite/deps/react-dom-BEjadErz.js?v=d60f55b8:8879:56)
    at reconcileChildren (http://localhost:3000/node_modules/.vite/deps/react-dom-BEjadErz.js?v=d60f55b8:11924:49)
    at updateHostComponent (http://localhost:3000/node_modules/.vite/deps/react-dom-BEjadErz.js?v=d60f55b8:12287:4)
    at beginWork (http://localhost:3000/node_modules/.vite/deps/react-dom-BEjadErz.js?v=d60f55b8:13102:32)
    at beginWork$1 (http://localhost:3000/node_modules/.vite/deps/react-dom-BEjadErz.js?v=d60f55b8:15982:12)
    at performUnitOfWork (http://localhost:3000/node_modules/.vite/deps/react-dom-BEjadErz.js?v=d60f55b8:15568:12)
    at workLoopSync (http://localhost:3000/node_modules/.vite/deps/react-dom-BEjadErz.js?v=d60f55b8:15517:36) {componentStack: 
    at span
    at li
    at ol
    at section
  …ack_react-query.js?v=d60f55b8:2995:31)
    at App} @ http://localhost:3000/node_modules/.vite/deps/react-router-dom.js?v=d60f55b8:3810
[   70084ms] [INFO] %cDownload the React DevTools for a better development experience: https://reactjs.org/link/react-devtools font-weight:bold @ http://localhost:3000/node_modules/.vite/deps/react-dom-BEjadErz.js?v=d60f55b8:17230
[   70145ms] [ERROR] Failed to load resource: the server responded with a status of 500 (Internal Server Error) @ http://localhost:3000/api/overview/health:0
[   70152ms] [ERROR] Failed to load resource: the server responded with a status of 500 (Internal Server Error) @ http://localhost:3000/api/ha-incidents/105/entities:0
[   70156ms] [ERROR] Failed to load resource: the server responded with a status of 500 (Internal Server Error) @ http://localhost:3000/api/overview/health:0
[   70165ms] [ERROR] Warning: Each child in a list should have a unique "key" prop.%s%s See https://reactjs.org/link/warning-keys for more information.%s 

Check the render method of `IncidentDetailPage`.  
    at div
    at IncidentDetailPage (http://localhost:3000/src/pages/incidents/IncidentDetailPage.tsx?t=1786206597909:168:17)
    at AuthGuard (http://localhost:3000/src/router/AuthGuard.tsx:20:29)
    at RenderedRoute (http://localhost:3000/node_modules/.vite/deps/react-router-dom.js?v=d60f55b8:3821:10)
    at Outlet (http://localhost:3000/node_modules/.vite/deps/react-router-dom.js?v=d60f55b8:4229:27)
    at Suspense
    at main
    at div
    at AppLayout (http://localhost:3000/src/router/AppLayout.tsx:22:24)
    at RenderedRoute (http://localhost:3000/node_modules/.vite/deps/react-router-dom.js?v=d60f55b8:3821:10)
    at RenderErrorBoundary (http://localhost:3000/node_modules/.vite/deps/react-router-dom.js?v=d60f55b8:3788:5)
    at DataRoutes (http://localhost:3000/node_modules/.vite/deps/react-router-dom.js?v=d60f55b8:5096:10)
    at Router (http://localhost:3000/node_modules/.vite/deps/react-router-dom.js?v=d60f55b8:4249:20)
    at RouterProvider (http://localhost:3000/node_modules/.vite/deps/react-router-dom.js?v=d60f55b8:4929:10)
    at Suspense
    at AppInner (http://localhost:3000/src/App.tsx?t=1786206597909:18:30)
    at QueryClientProvider (http://localhost:3000/node_modules/.vite/deps/@tanstack_react-query.js?v=d60f55b8:2995:31)
    at App @ http://localhost:3000/node_modules/.vite/deps/react_jsx-dev-runtime.js?v=d60f55b8:52
[   70167ms] [ERROR] Warning: React.jsx: type is invalid -- expected a string (for built-in components) or a class/function (for composite components) but got: %s.%s%s undefined  You likely forgot to export your component from the file it's defined in, or you might have mixed up default and named imports.

Check your code at IncidentTimelinePanel.tsx:135. 
    at IncidentTimelinePanel (http://localhost:3000/src/pages/incidents/components/IncidentTimelinePanel.tsx?t=1786206597909:72:41)
    at section
    at div
    at div
    at section
    at section
    at div
    at div
    at IncidentDetailPage (http://localhost:3000/src/pages/incidents/IncidentDetailPage.tsx?t=1786206597909:168:17)
    at AuthGuard (http://localhost:3000/src/router/AuthGuard.tsx:20:29)
    at RenderedRoute (http://localhost:3000/node_modules/.vite/deps/react-router-dom.js?v=d60f55b8:3821:10)
    at Outlet (http://localhost:3000/node_modules/.vite/deps/react-router-dom.js?v=d60f55b8:4229:27)
    at Suspense
    at main
    at div
    at AppLayout (http://localhost:3000/src/router/AppLayout.tsx:22:24)
    at RenderedRoute (http://localhost:3000/node_modules/.vite/deps/react-router-dom.js?v=d60f55b8:3821:10)
    at RenderErrorBoundary (http://localhost:3000/node_modules/.vite/deps/react-router-dom.js?v=d60f55b8:3788:5)
    at DataRoutes (http://localhost:3000/node_modules/.vite/deps/react-router-dom.js?v=d60f55b8:5096:10)
    at Router (http://localhost:3000/node_modules/.vite/deps/react-router-dom.js?v=d60f55b8:4249:20)
    at RouterProvider (http://localhost:3000/node_modules/.vite/deps/react-router-dom.js?v=d60f55b8:4929:10)
    at Suspense
    at AppInner (http://localhost:3000/src/App.tsx?t=1786206597909:18:30)
    at QueryClientProvider (http://localhost:3000/node_modules/.vite/deps/@tanstack_react-query.js?v=d60f55b8:2995:31)
    at App @ http://localhost:3000/node_modules/.vite/deps/react_jsx-dev-runtime.js?v=d60f55b8:52
[   70167ms] [ERROR] Warning: React.jsx: type is invalid -- expected a string (for built-in components) or a class/function (for composite components) but got: %s.%s%s undefined  You likely forgot to export your component from the file it's defined in, or you might have mixed up default and named imports.

Check your code at IncidentTimelinePanel.tsx:135. 
    at IncidentTimelinePanel (http://localhost:3000/src/pages/incidents/components/IncidentTimelinePanel.tsx?t=1786206597909:72:41)
    at section
    at div
    at div
    at section
    at section
    at div
    at div
    at IncidentDetailPage (http://localhost:3000/src/pages/incidents/IncidentDetailPage.tsx?t=1786206597909:168:17)
    at AuthGuard (http://localhost:3000/src/router/AuthGuard.tsx:20:29)
    at RenderedRoute (http://localhost:3000/node_modules/.vite/deps/react-router-dom.js?v=d60f55b8:3821:10)
    at Outlet (http://localhost:3000/node_modules/.vite/deps/react-router-dom.js?v=d60f55b8:4229:27)
    at Suspense
    at main
    at div
    at AppLayout (http://localhost:3000/src/router/AppLayout.tsx:22:24)
    at RenderedRoute (http://localhost:3000/node_modules/.vite/deps/react-router-dom.js?v=d60f55b8:3821:10)
    at RenderErrorBoundary (http://localhost:3000/node_modules/.vite/deps/react-router-dom.js?v=d60f55b8:3788:5)
    at DataRoutes (http://localhost:3000/node_modules/.vite/deps/react-router-dom.js?v=d60f55b8:5096:10)
    at Router (http://localhost:3000/node_modules/.vite/deps/react-router-dom.js?v=d60f55b8:4249:20)
    at RouterProvider (http://localhost:3000/node_modules/.vite/deps/react-router-dom.js?v=d60f55b8:4929:10)
    at Suspense
    at AppInner (http://localhost:3000/src/App.tsx?t=1786206597909:18:30)
    at QueryClientProvider (http://localhost:3000/node_modules/.vite/deps/@tanstack_react-query.js?v=d60f55b8:2995:31)
    at App @ http://localhost:3000/node_modules/.vite/deps/react_jsx-dev-runtime.js?v=d60f55b8:52
[   70167ms] [ERROR] Warning: React.jsx: type is invalid -- expected a string (for built-in components) or a class/function (for composite components) but got: %s.%s%s undefined  You likely forgot to export your component from the file it's defined in, or you might have mixed up default and named imports.

Check your code at IncidentTimelinePanel.tsx:135. 
    at IncidentTimelinePanel (http://localhost:3000/src/pages/incidents/components/IncidentTimelinePanel.tsx?t=1786206597909:72:41)
    at section
    at div
    at div
    at section
    at section
    at div
    at div
    at IncidentDetailPage (http://localhost:3000/src/pages/incidents/IncidentDetailPage.tsx?t=1786206597909:168:17)
    at AuthGuard (http://localhost:3000/src/router/AuthGuard.tsx:20:29)
    at RenderedRoute (http://localhost:3000/node_modules/.vite/deps/react-router-dom.js?v=d60f55b8:3821:10)
    at Outlet (http://localhost:3000/node_modules/.vite/deps/react-router-dom.js?v=d60f55b8:4229:27)
    at Suspense
    at main
    at div
    at AppLayout (http://localhost:3000/src/router/AppLayout.tsx:22:24)
    at RenderedRoute (http://localhost:3000/node_modules/.vite/deps/react-router-dom.js?v=d60f55b8:3821:10)
    at RenderErrorBoundary (http://localhost:3000/node_modules/.vite/deps/react-router-dom.js?v=d60f55b8:3788:5)
    at DataRoutes (http://localhost:3000/node_modules/.vite/deps/react-router-dom.js?v=d60f55b8:5096:10)
    at Router (http://localhost:3000/node_modules/.vite/deps/react-router-dom.js?v=d60f55b8:4249:20)
    at RouterProvider (http://localhost:3000/node_modules/.vite/deps/react-router-dom.js?v=d60f55b8:4929:10)
    at Suspense
    at AppInner (http://localhost:3000/src/App.tsx?t=1786206597909:18:30)
    at QueryClientProvider (http://localhost:3000/node_modules/.vite/deps/@tanstack_react-query.js?v=d60f55b8:2995:31)
    at App @ http://localhost:3000/node_modules/.vite/deps/react_jsx-dev-runtime.js?v=d60f55b8:52
[   70167ms] [ERROR] Warning: React.jsx: type is invalid -- expected a string (for built-in components) or a class/function (for composite components) but got: %s.%s%s undefined  You likely forgot to export your component from the file it's defined in, or you might have mixed up default and named imports.

Check your code at IncidentTimelinePanel.tsx:135. 
    at IncidentTimelinePanel (http://localhost:3000/src/pages/incidents/components/IncidentTimelinePanel.tsx?t=1786206597909:72:41)
    at section
    at div
    at div
    at section
    at section
    at div
    at div
    at IncidentDetailPage (http://localhost:3000/src/pages/incidents/IncidentDetailPage.tsx?t=1786206597909:168:17)
    at AuthGuard (http://localhost:3000/src/router/AuthGuard.tsx:20:29)
    at RenderedRoute (http://localhost:3000/node_modules/.vite/deps/react-router-dom.js?v=d60f55b8:3821:10)
    at Outlet (http://localhost:3000/node_modules/.vite/deps/react-router-dom.js?v=d60f55b8:4229:27)
    at Suspense
    at main
    at div
    at AppLayout (http://localhost:3000/src/router/AppLayout.tsx:22:24)
    at RenderedRoute (http://localhost:3000/node_modules/.vite/deps/react-router-dom.js?v=d60f55b8:3821:10)
    at RenderErrorBoundary (http://localhost:3000/node_modules/.vite/deps/react-router-dom.js?v=d60f55b8:3788:5)
    at DataRoutes (http://localhost:3000/node_modules/.vite/deps/react-router-dom.js?v=d60f55b8:5096:10)
    at Router (http://localhost:3000/node_modules/.vite/deps/react-router-dom.js?v=d60f55b8:4249:20)
    at RouterProvider (http://localhost:3000/node_modules/.vite/deps/react-router-dom.js?v=d60f55b8:4929:10)
    at Suspense
    at AppInner (http://localhost:3000/src/App.tsx?t=1786206597909:18:30)
    at QueryClientProvider (http://localhost:3000/node_modules/.vite/deps/@tanstack_react-query.js?v=d60f55b8:2995:31)
    at App @ http://localhost:3000/node_modules/.vite/deps/react_jsx-dev-runtime.js?v=d60f55b8:52
[   70167ms] [ERROR] Warning: React.jsx: type is invalid -- expected a string (for built-in components) or a class/function (for composite components) but got: %s.%s%s undefined  You likely forgot to export your component from the file it's defined in, or you might have mixed up default and named imports.

Check your code at IncidentTimelinePanel.tsx:135. 
    at IncidentTimelinePanel (http://localhost:3000/src/pages/incidents/components/IncidentTimelinePanel.tsx?t=1786206597909:72:41)
    at section
    at div
    at div
    at section
    at section
    at div
    at div
    at IncidentDetailPage (http://localhost:3000/src/pages/incidents/IncidentDetailPage.tsx?t=1786206597909:168:17)
    at AuthGuard (http://localhost:3000/src/router/AuthGuard.tsx:20:29)
    at RenderedRoute (http://localhost:3000/node_modules/.vite/deps/react-router-dom.js?v=d60f55b8:3821:10)
    at Outlet (http://localhost:3000/node_modules/.vite/deps/react-router-dom.js?v=d60f55b8:4229:27)
    at Suspense
    at main
    at div
    at AppLayout (http://localhost:3000/src/router/AppLayout.tsx:22:24)
    at RenderedRoute (http://localhost:3000/node_modules/.vite/deps/react-router-dom.js?v=d60f55b8:3821:10)
    at RenderErrorBoundary (http://localhost:3000/node_modules/.vite/deps/react-router-dom.js?v=d60f55b8:3788:5)
    at DataRoutes (http://localhost:3000/node_modules/.vite/deps/react-router-dom.js?v=d60f55b8:5096:10)
    at Router (http://localhost:3000/node_modules/.vite/deps/react-router-dom.js?v=d60f55b8:4249:20)
    at RouterProvider (http://localhost:3000/node_modules/.vite/deps/react-router-dom.js?v=d60f55b8:4929:10)
    at Suspense
    at AppInner (http://localhost:3000/src/App.tsx?t=1786206597909:18:30)
    at QueryClientProvider (http://localhost:3000/node_modules/.vite/deps/@tanstack_react-query.js?v=d60f55b8:2995:31)
    at App @ http://localhost:3000/node_modules/.vite/deps/react_jsx-dev-runtime.js?v=d60f55b8:52
[   70167ms] [ERROR] Warning: Each child in a list should have a unique "key" prop.%s%s See https://reactjs.org/link/warning-keys for more information.%s 

Check the render method of `IncidentTimelinePanel`.  
    at li
    at IncidentTimelinePanel (http://localhost:3000/src/pages/incidents/components/IncidentTimelinePanel.tsx?t=1786206597909:72:41)
    at section
    at div
    at div
    at section
    at section
    at div
    at div
    at IncidentDetailPage (http://localhost:3000/src/pages/incidents/IncidentDetailPage.tsx?t=1786206597909:168:17)
    at AuthGuard (http://localhost:3000/src/router/AuthGuard.tsx:20:29)
    at RenderedRoute (http://localhost:3000/node_modules/.vite/deps/react-router-dom.js?v=d60f55b8:3821:10)
    at Outlet (http://localhost:3000/node_modules/.vite/deps/react-router-dom.js?v=d60f55b8:4229:27)
    at Suspense
    at main
    at div
    at AppLayout (http://localhost:3000/src/router/AppLayout.tsx:22:24)
    at RenderedRoute (http://localhost:3000/node_modules/.vite/deps/react-router-dom.js?v=d60f55b8:3821:10)
    at RenderErrorBoundary (http://localhost:3000/node_modules/.vite/deps/react-router-dom.js?v=d60f55b8:3788:5)
    at DataRoutes (http://localhost:3000/node_modules/.vite/deps/react-router-dom.js?v=d60f55b8:5096:10)
    at Router (http://localhost:3000/node_modules/.vite/deps/react-router-dom.js?v=d60f55b8:4249:20)
    at RouterProvider (http://localhost:3000/node_modules/.vite/deps/react-router-dom.js?v=d60f55b8:4929:10)
    at Suspense
    at AppInner (http://localhost:3000/src/App.tsx?t=1786206597909:18:30)
    at QueryClientProvider (http://localhost:3000/node_modules/.vite/deps/@tanstack_react-query.js?v=d60f55b8:2995:31)
    at App @ http://localhost:3000/node_modules/.vite/deps/react_jsx-dev-runtime.js?v=d60f55b8:52
[   70168ms] [ERROR] Warning: React.jsx: type is invalid -- expected a string (for built-in components) or a class/function (for composite components) but got: %s.%s%s undefined  You likely forgot to export your component from the file it's defined in, or you might have mixed up default and named imports.

Check your code at IncidentTimelinePanel.tsx:135. 
    at IncidentTimelinePanel (http://localhost:3000/src/pages/incidents/components/IncidentTimelinePanel.tsx?t=1786206597909:72:41)
    at section
    at div
    at div
    at section
    at section
    at div
    at div
    at IncidentDetailPage (http://localhost:3000/src/pages/incidents/IncidentDetailPage.tsx?t=1786206597909:168:17)
    at AuthGuard (http://localhost:3000/src/router/AuthGuard.tsx:20:29)
    at RenderedRoute (http://localhost:3000/node_modules/.vite/deps/react-router-dom.js?v=d60f55b8:3821:10)
    at Outlet (http://localhost:3000/node_modules/.vite/deps/react-router-dom.js?v=d60f55b8:4229:27)
    at Suspense
    at main
    at div
    at AppLayout (http://localhost:3000/src/router/AppLayout.tsx:22:24)
    at RenderedRoute (http://localhost:3000/node_modules/.vite/deps/react-router-dom.js?v=d60f55b8:3821:10)
    at RenderErrorBoundary (http://localhost:3000/node_modules/.vite/deps/react-router-dom.js?v=d60f55b8:3788:5)
    at DataRoutes (http://localhost:3000/node_modules/.vite/deps/react-router-dom.js?v=d60f55b8:5096:10)
    at Router (http://localhost:3000/node_modules/.vite/deps/react-router-dom.js?v=d60f55b8:4249:20)
    at RouterProvider (http://localhost:3000/node_modules/.vite/deps/react-router-dom.js?v=d60f55b8:4929:10)
    at Suspense
    at AppInner (http://localhost:3000/src/App.tsx?t=1786206597909:18:30)
    at QueryClientProvider (http://localhost:3000/node_modules/.vite/deps/@tanstack_react-query.js?v=d60f55b8:2995:31)
    at App @ http://localhost:3000/node_modules/.vite/deps/react_jsx-dev-runtime.js?v=d60f55b8:52
[   70168ms] [ERROR] Warning: React.jsx: type is invalid -- expected a string (for built-in components) or a class/function (for composite components) but got: %s.%s%s undefined  You likely forgot to export your component from the file it's defined in, or you might have mixed up default and named imports.

Check your code at IncidentTimelinePanel.tsx:135. 
    at IncidentTimelinePanel (http://localhost:3000/src/pages/incidents/components/IncidentTimelinePanel.tsx?t=1786206597909:72:41)
    at section
    at div
    at div
    at section
    at section
    at div
    at div
    at IncidentDetailPage (http://localhost:3000/src/pages/incidents/IncidentDetailPage.tsx?t=1786206597909:168:17)
    at AuthGuard (http://localhost:3000/src/router/AuthGuard.tsx:20:29)
    at RenderedRoute (http://localhost:3000/node_modules/.vite/deps/react-router-dom.js?v=d60f55b8:3821:10)
    at Outlet (http://localhost:3000/node_modules/.vite/deps/react-router-dom.js?v=d60f55b8:4229:27)
    at Suspense
    at main
    at div
    at AppLayout (http://localhost:3000/src/router/AppLayout.tsx:22:24)
    at RenderedRoute (http://localhost:3000/node_modules/.vite/deps/react-router-dom.js?v=d60f55b8:3821:10)
    at RenderErrorBoundary (http://localhost:3000/node_modules/.vite/deps/react-router-dom.js?v=d60f55b8:3788:5)
    at DataRoutes (http://localhost:3000/node_modules/.vite/deps/react-router-dom.js?v=d60f55b8:5096:10)
    at Router (http://localhost:3000/node_modules/.vite/deps/react-router-dom.js?v=d60f55b8:4249:20)
    at RouterProvider (http://localhost:3000/node_modules/.vite/deps/react-router-dom.js?v=d60f55b8:4929:10)
    at Suspense
    at AppInner (http://localhost:3000/src/App.tsx?t=1786206597909:18:30)
    at QueryClientProvider (http://localhost:3000/node_modules/.vite/deps/@tanstack_react-query.js?v=d60f55b8:2995:31)
    at App @ http://localhost:3000/node_modules/.vite/deps/react_jsx-dev-runtime.js?v=d60f55b8:52
[   70168ms] [ERROR] Warning: React.jsx: type is invalid -- expected a string (for built-in components) or a class/function (for composite components) but got: %s.%s%s undefined  You likely forgot to export your component from the file it's defined in, or you might have mixed up default and named imports.

Check your code at IncidentTimelinePanel.tsx:135. 
    at IncidentTimelinePanel (http://localhost:3000/src/pages/incidents/components/IncidentTimelinePanel.tsx?t=1786206597909:72:41)
    at section
    at div
    at div
    at section
    at section
    at div
    at div
    at IncidentDetailPage (http://localhost:3000/src/pages/incidents/IncidentDetailPage.tsx?t=1786206597909:168:17)
    at AuthGuard (http://localhost:3000/src/router/AuthGuard.tsx:20:29)
    at RenderedRoute (http://localhost:3000/node_modules/.vite/deps/react-router-dom.js?v=d60f55b8:3821:10)
    at Outlet (http://localhost:3000/node_modules/.vite/deps/react-router-dom.js?v=d60f55b8:4229:27)
    at Suspense
    at main
    at div
    at AppLayout (http://localhost:3000/src/router/AppLayout.tsx:22:24)
    at RenderedRoute (http://localhost:3000/node_modules/.vite/deps/react-router-dom.js?v=d60f55b8:3821:10)
    at RenderErrorBoundary (http://localhost:3000/node_modules/.vite/deps/react-router-dom.js?v=d60f55b8:3788:5)
    at DataRoutes (http://localhost:3000/node_modules/.vite/deps/react-router-dom.js?v=d60f55b8:5096:10)
    at Router (http://localhost:3000/node_modules/.vite/deps/react-router-dom.js?v=d60f55b8:4249:20)
    at RouterProvider (http://localhost:3000/node_modules/.vite/deps/react-router-dom.js?v=d60f55b8:4929:10)
    at Suspense
    at AppInner (http://localhost:3000/src/App.tsx?t=1786206597909:18:30)
    at QueryClientProvider (http://localhost:3000/node_modules/.vite/deps/@tanstack_react-query.js?v=d60f55b8:2995:31)
    at App @ http://localhost:3000/node_modules/.vite/deps/react_jsx-dev-runtime.js?v=d60f55b8:52
[   70168ms] [ERROR] Warning: React.jsx: type is invalid -- expected a string (for built-in components) or a class/function (for composite components) but got: %s.%s%s undefined  You likely forgot to export your component from the file it's defined in, or you might have mixed up default and named imports.

Check your code at IncidentTimelinePanel.tsx:135. 
    at IncidentTimelinePanel (http://localhost:3000/src/pages/incidents/components/IncidentTimelinePanel.tsx?t=1786206597909:72:41)
    at section
    at div
    at div
    at section
    at section
    at div
    at div
    at IncidentDetailPage (http://localhost:3000/src/pages/incidents/IncidentDetailPage.tsx?t=1786206597909:168:17)
    at AuthGuard (http://localhost:3000/src/router/AuthGuard.tsx:20:29)
    at RenderedRoute (http://localhost:3000/node_modules/.vite/deps/react-router-dom.js?v=d60f55b8:3821:10)
    at Outlet (http://localhost:3000/node_modules/.vite/deps/react-router-dom.js?v=d60f55b8:4229:27)
    at Suspense
    at main
    at div
    at AppLayout (http://localhost:3000/src/router/AppLayout.tsx:22:24)
    at RenderedRoute (http://localhost:3000/node_modules/.vite/deps/react-router-dom.js?v=d60f55b8:3821:10)
    at RenderErrorBoundary (http://localhost:3000/node_modules/.vite/deps/react-router-dom.js?v=d60f55b8:3788:5)
    at DataRoutes (http://localhost:3000/node_modules/.vite/deps/react-router-dom.js?v=d60f55b8:5096:10)
    at Router (http://localhost:3000/node_modules/.vite/deps/react-router-dom.js?v=d60f55b8:4249:20)
    at RouterProvider (http://localhost:3000/node_modules/.vite/deps/react-router-dom.js?v=d60f55b8:4929:10)
    at Suspense
    at AppInner (http://localhost:3000/src/App.tsx?t=1786206597909:18:30)
    at QueryClientProvider (http://localhost:3000/node_modules/.vite/deps/@tanstack_react-query.js?v=d60f55b8:2995:31)
    at App @ http://localhost:3000/node_modules/.vite/deps/react_jsx-dev-runtime.js?v=d60f55b8:52
[   70168ms] [ERROR] Warning: React.jsx: type is invalid -- expected a string (for built-in components) or a class/function (for composite components) but got: %s.%s%s undefined  You likely forgot to export your component from the file it's defined in, or you might have mixed up default and named imports.

Check your code at IncidentTimelinePanel.tsx:135. 
    at IncidentTimelinePanel (http://localhost:3000/src/pages/incidents/components/IncidentTimelinePanel.tsx?t=1786206597909:72:41)
    at section
    at div
    at div
    at section
    at section
    at div
    at div
    at IncidentDetailPage (http://localhost:3000/src/pages/incidents/IncidentDetailPage.tsx?t=1786206597909:168:17)
    at AuthGuard (http://localhost:3000/src/router/AuthGuard.tsx:20:29)
    at RenderedRoute (http://localhost:3000/node_modules/.vite/deps/react-router-dom.js?v=d60f55b8:3821:10)
    at Outlet (http://localhost:3000/node_modules/.vite/deps/react-router-dom.js?v=d60f55b8:4229:27)
    at Suspense
    at main
    at div
    at AppLayout (http://localhost:3000/src/router/AppLayout.tsx:22:24)
    at RenderedRoute (http://localhost:3000/node_modules/.vite/deps/react-router-dom.js?v=d60f55b8:3821:10)
    at RenderErrorBoundary (http://localhost:3000/node_modules/.vite/deps/react-router-dom.js?v=d60f55b8:3788:5)
    at DataRoutes (http://localhost:3000/node_modules/.vite/deps/react-router-dom.js?v=d60f55b8:5096:10)
    at Router (http://localhost:3000/node_modules/.vite/deps/react-router-dom.js?v=d60f55b8:4249:20)
    at RouterProvider (http://localhost:3000/node_modules/.vite/deps/react-router-dom.js?v=d60f55b8:4929:10)
    at Suspense
    at AppInner (http://localhost:3000/src/App.tsx?t=1786206597909:18:30)
    at QueryClientProvider (http://localhost:3000/node_modules/.vite/deps/@tanstack_react-query.js?v=d60f55b8:2995:31)
    at App @ http://localhost:3000/node_modules/.vite/deps/react_jsx-dev-runtime.js?v=d60f55b8:52
[   70169ms] Error: Element type is invalid: expected a string (for built-in components) or a class/function (for composite components) but got: undefined. You likely forgot to export your component from the file it's defined in, or you might have mixed up default and named imports.

Check the render method of `IncidentTimelinePanel`.
    at createFiberFromTypeAndProps (http://localhost:3000/node_modules/.vite/deps/react-dom-BEjadErz.js?v=d60f55b8:16466:12)
    at createFiberFromElement (http://localhost:3000/node_modules/.vite/deps/react-dom-BEjadErz.js?v=d60f55b8:16481:16)
    at reconcileSingleElement (http://localhost:3000/node_modules/.vite/deps/react-dom-BEjadErz.js?v=d60f55b8:8849:22)
    at reconcileChildFibers (http://localhost:3000/node_modules/.vite/deps/react-dom-BEjadErz.js?v=d60f55b8:8879:56)
    at reconcileChildren (http://localhost:3000/node_modules/.vite/deps/react-dom-BEjadErz.js?v=d60f55b8:11924:49)
    at updateHostComponent (http://localhost:3000/node_modules/.vite/deps/react-dom-BEjadErz.js?v=d60f55b8:12287:4)
    at beginWork (http://localhost:3000/node_modules/.vite/deps/react-dom-BEjadErz.js?v=d60f55b8:13102:32)
    at HTMLUnknownElement.callCallback (http://localhost:3000/node_modules/.vite/deps/react-dom-BEjadErz.js?v=d60f55b8:3142:11)
    at Object.invokeGuardedCallbackDev (http://localhost:3000/node_modules/.vite/deps/react-dom-BEjadErz.js?v=d60f55b8:3162:14)
    at invokeGuardedCallback (http://localhost:3000/node_modules/.vite/deps/react-dom-BEjadErz.js?v=d60f55b8:3201:32)
[   70169ms] Error: Element type is invalid: expected a string (for built-in components) or a class/function (for composite components) but got: undefined. You likely forgot to export your component from the file it's defined in, or you might have mixed up default and named imports.

Check the render method of `IncidentTimelinePanel`.
    at createFiberFromTypeAndProps (http://localhost:3000/node_modules/.vite/deps/react-dom-BEjadErz.js?v=d60f55b8:16466:12)
    at createFiberFromElement (http://localhost:3000/node_modules/.vite/deps/react-dom-BEjadErz.js?v=d60f55b8:16481:16)
    at reconcileSingleElement (http://localhost:3000/node_modules/.vite/deps/react-dom-BEjadErz.js?v=d60f55b8:8849:22)
    at reconcileChildFibers (http://localhost:3000/node_modules/.vite/deps/react-dom-BEjadErz.js?v=d60f55b8:8879:56)
    at reconcileChildren (http://localhost:3000/node_modules/.vite/deps/react-dom-BEjadErz.js?v=d60f55b8:11924:49)
    at updateHostComponent (http://localhost:3000/node_modules/.vite/deps/react-dom-BEjadErz.js?v=d60f55b8:12287:4)
    at beginWork (http://localhost:3000/node_modules/.vite/deps/react-dom-BEjadErz.js?v=d60f55b8:13102:32)
    at HTMLUnknownElement.callCallback (http://localhost:3000/node_modules/.vite/deps/react-dom-BEjadErz.js?v=d60f55b8:3142:11)
    at Object.invokeGuardedCallbackDev (http://localhost:3000/node_modules/.vite/deps/react-dom-BEjadErz.js?v=d60f55b8:3162:14)
    at invokeGuardedCallback (http://localhost:3000/node_modules/.vite/deps/react-dom-BEjadErz.js?v=d60f55b8:3201:32)
[   70169ms] Error: Element type is invalid: expected a string (for built-in components) or a class/function (for composite components) but got: undefined. You likely forgot to export your component from the file it's defined in, or you might have mixed up default and named imports.

Check the render method of `IncidentTimelinePanel`.
    at createFiberFromTypeAndProps (http://localhost:3000/node_modules/.vite/deps/react-dom-BEjadErz.js?v=d60f55b8:16466:12)
    at createFiberFromElement (http://localhost:3000/node_modules/.vite/deps/react-dom-BEjadErz.js?v=d60f55b8:16481:16)
    at reconcileSingleElement (http://localhost:3000/node_modules/.vite/deps/react-dom-BEjadErz.js?v=d60f55b8:8849:22)
    at reconcileChildFibers (http://localhost:3000/node_modules/.vite/deps/react-dom-BEjadErz.js?v=d60f55b8:8879:56)
    at reconcileChildren (http://localhost:3000/node_modules/.vite/deps/react-dom-BEjadErz.js?v=d60f55b8:11924:49)
    at updateHostComponent (http://localhost:3000/node_modules/.vite/deps/react-dom-BEjadErz.js?v=d60f55b8:12287:4)
    at beginWork (http://localhost:3000/node_modules/.vite/deps/react-dom-BEjadErz.js?v=d60f55b8:13102:32)
    at HTMLUnknownElement.callCallback (http://localhost:3000/node_modules/.vite/deps/react-dom-BEjadErz.js?v=d60f55b8:3142:11)
    at Object.invokeGuardedCallbackDev (http://localhost:3000/node_modules/.vite/deps/react-dom-BEjadErz.js?v=d60f55b8:3162:14)
    at invokeGuardedCallback (http://localhost:3000/node_modules/.vite/deps/react-dom-BEjadErz.js?v=d60f55b8:3201:32)
[   70169ms] Error: Element type is invalid: expected a string (for built-in components) or a class/function (for composite components) but got: undefined. You likely forgot to export your component from the file it's defined in, or you might have mixed up default and named imports.

Check the render method of `IncidentTimelinePanel`.
    at createFiberFromTypeAndProps (http://localhost:3000/node_modules/.vite/deps/react-dom-BEjadErz.js?v=d60f55b8:16466:12)
    at createFiberFromElement (http://localhost:3000/node_modules/.vite/deps/react-dom-BEjadErz.js?v=d60f55b8:16481:16)
    at reconcileSingleElement (http://localhost:3000/node_modules/.vite/deps/react-dom-BEjadErz.js?v=d60f55b8:8849:22)
    at reconcileChildFibers (http://localhost:3000/node_modules/.vite/deps/react-dom-BEjadErz.js?v=d60f55b8:8879:56)
    at reconcileChildren (http://localhost:3000/node_modules/.vite/deps/react-dom-BEjadErz.js?v=d60f55b8:11924:49)
    at updateHostComponent (http://localhost:3000/node_modules/.vite/deps/react-dom-BEjadErz.js?v=d60f55b8:12287:4)
    at beginWork (http://localhost:3000/node_modules/.vite/deps/react-dom-BEjadErz.js?v=d60f55b8:13102:32)
    at HTMLUnknownElement.callCallback (http://localhost:3000/node_modules/.vite/deps/react-dom-BEjadErz.js?v=d60f55b8:3142:11)
    at Object.invokeGuardedCallbackDev (http://localhost:3000/node_modules/.vite/deps/react-dom-BEjadErz.js?v=d60f55b8:3162:14)
    at invokeGuardedCallback (http://localhost:3000/node_modules/.vite/deps/react-dom-BEjadErz.js?v=d60f55b8:3201:32)
[   70169ms] Error: Element type is invalid: expected a string (for built-in components) or a class/function (for composite components) but got: undefined. You likely forgot to export your component from the file it's defined in, or you might have mixed up default and named imports.

Check the render method of `IncidentTimelinePanel`.
    at createFiberFromTypeAndProps (http://localhost:3000/node_modules/.vite/deps/react-dom-BEjadErz.js?v=d60f55b8:16466:12)
    at createFiberFromElement (http://localhost:3000/node_modules/.vite/deps/react-dom-BEjadErz.js?v=d60f55b8:16481:16)
    at reconcileSingleElement (http://localhost:3000/node_modules/.vite/deps/react-dom-BEjadErz.js?v=d60f55b8:8849:22)
    at reconcileChildFibers (http://localhost:3000/node_modules/.vite/deps/react-dom-BEjadErz.js?v=d60f55b8:8879:56)
    at reconcileChildren (http://localhost:3000/node_modules/.vite/deps/react-dom-BEjadErz.js?v=d60f55b8:11924:49)
    at updateHostComponent (http://localhost:3000/node_modules/.vite/deps/react-dom-BEjadErz.js?v=d60f55b8:12287:4)
    at beginWork (http://localhost:3000/node_modules/.vite/deps/react-dom-BEjadErz.js?v=d60f55b8:13102:32)
    at HTMLUnknownElement.callCallback (http://localhost:3000/node_modules/.vite/deps/react-dom-BEjadErz.js?v=d60f55b8:3142:11)
    at Object.invokeGuardedCallbackDev (http://localhost:3000/node_modules/.vite/deps/react-dom-BEjadErz.js?v=d60f55b8:3162:14)
    at invokeGuardedCallback (http://localhost:3000/node_modules/.vite/deps/react-dom-BEjadErz.js?v=d60f55b8:3201:32)
[   70169ms] [ERROR] Error handled by React Router default ErrorBoundary: Error: Element type is invalid: expected a string (for built-in components) or a class/function (for composite components) but got: undefined. You likely forgot to export your component from the file it's defined in, or you might have mixed up default and named imports.

Check the render method of `IncidentTimelinePanel`.
    at createFiberFromTypeAndProps (http://localhost:3000/node_modules/.vite/deps/react-dom-BEjadErz.js?v=d60f55b8:16466:12)
    at createFiberFromElement (http://localhost:3000/node_modules/.vite/deps/react-dom-BEjadErz.js?v=d60f55b8:16481:16)
    at reconcileSingleElement (http://localhost:3000/node_modules/.vite/deps/react-dom-BEjadErz.js?v=d60f55b8:8849:22)
    at reconcileChildFibers (http://localhost:3000/node_modules/.vite/deps/react-dom-BEjadErz.js?v=d60f55b8:8879:56)
    at reconcileChildren (http://localhost:3000/node_modules/.vite/deps/react-dom-BEjadErz.js?v=d60f55b8:11924:49)
    at updateHostComponent (http://localhost:3000/node_modules/.vite/deps/react-dom-BEjadErz.js?v=d60f55b8:12287:4)
    at beginWork (http://localhost:3000/node_modules/.vite/deps/react-dom-BEjadErz.js?v=d60f55b8:13102:32)
    at beginWork$1 (http://localhost:3000/node_modules/.vite/deps/react-dom-BEjadErz.js?v=d60f55b8:15982:12)
    at performUnitOfWork (http://localhost:3000/node_modules/.vite/deps/react-dom-BEjadErz.js?v=d60f55b8:15568:12)
    at workLoopSync (http://localhost:3000/node_modules/.vite/deps/react-dom-BEjadErz.js?v=d60f55b8:15517:36) @ http://localhost:3000/node_modules/.vite/deps/react-router-dom.js?v=d60f55b8:3780
[   70169ms] [ERROR] Error handled by React Router default ErrorBoundary: Error: Element type is invalid: expected a string (for built-in components) or a class/function (for composite components) but got: undefined. You likely forgot to export your component from the file it's defined in, or you might have mixed up default and named imports.

Check the render method of `IncidentTimelinePanel`.
    at createFiberFromTypeAndProps (http://localhost:3000/node_modules/.vite/deps/react-dom-BEjadErz.js?v=d60f55b8:16466:12)
    at createFiberFromElement (http://localhost:3000/node_modules/.vite/deps/react-dom-BEjadErz.js?v=d60f55b8:16481:16)
    at reconcileSingleElement (http://localhost:3000/node_modules/.vite/deps/react-dom-BEjadErz.js?v=d60f55b8:8849:22)
    at reconcileChildFibers (http://localhost:3000/node_modules/.vite/deps/react-dom-BEjadErz.js?v=d60f55b8:8879:56)
    at reconcileChildren (http://localhost:3000/node_modules/.vite/deps/react-dom-BEjadErz.js?v=d60f55b8:11924:49)
    at updateHostComponent (http://localhost:3000/node_modules/.vite/deps/react-dom-BEjadErz.js?v=d60f55b8:12287:4)
    at beginWork (http://localhost:3000/node_modules/.vite/deps/react-dom-BEjadErz.js?v=d60f55b8:13102:32)
    at beginWork$1 (http://localhost:3000/node_modules/.vite/deps/react-dom-BEjadErz.js?v=d60f55b8:15982:12)
    at performUnitOfWork (http://localhost:3000/node_modules/.vite/deps/react-dom-BEjadErz.js?v=d60f55b8:15568:12)
    at workLoopSync (http://localhost:3000/node_modules/.vite/deps/react-dom-BEjadErz.js?v=d60f55b8:15517:36) @ http://localhost:3000/node_modules/.vite/deps/react-router-dom.js?v=d60f55b8:3780
[   70171ms] [ERROR] Warning: React.jsx: type is invalid -- expected a string (for built-in components) or a class/function (for composite components) but got: %s.%s%s undefined  You likely forgot to export your component from the file it's defined in, or you might have mixed up default and named imports.

Check your code at IncidentTimelinePanel.tsx:135. 
    at IncidentTimelinePanel (http://localhost:3000/src/pages/incidents/components/IncidentTimelinePanel.tsx?t=1786206597909:72:41)
    at section
    at div
    at div
    at section
    at section
    at div
    at div
    at IncidentDetailPage (http://localhost:3000/src/pages/incidents/IncidentDetailPage.tsx?t=1786206597909:168:17)
    at AuthGuard (http://localhost:3000/src/router/AuthGuard.tsx:20:29)
    at RenderedRoute (http://localhost:3000/node_modules/.vite/deps/react-router-dom.js?v=d60f55b8:3821:10)
    at Outlet (http://localhost:3000/node_modules/.vite/deps/react-router-dom.js?v=d60f55b8:4229:27)
    at Suspense
    at main
    at div
    at AppLayout (http://localhost:3000/src/router/AppLayout.tsx:22:24)
    at RenderedRoute (http://localhost:3000/node_modules/.vite/deps/react-router-dom.js?v=d60f55b8:3821:10)
    at RenderErrorBoundary (http://localhost:3000/node_modules/.vite/deps/react-router-dom.js?v=d60f55b8:3788:5)
    at DataRoutes (http://localhost:3000/node_modules/.vite/deps/react-router-dom.js?v=d60f55b8:5096:10)
    at Router (http://localhost:3000/node_modules/.vite/deps/react-router-dom.js?v=d60f55b8:4249:20)
    at RouterProvider (http://localhost:3000/node_modules/.vite/deps/react-router-dom.js?v=d60f55b8:4929:10)
    at Suspense
    at AppInner (http://localhost:3000/src/App.tsx?t=1786206597909:18:30)
    at QueryClientProvider (http://localhost:3000/node_modules/.vite/deps/@tanstack_react-query.js?v=d60f55b8:2995:31)
    at App @ http://localhost:3000/node_modules/.vite/deps/react_jsx-dev-runtime.js?v=d60f55b8:52
[   70172ms] [ERROR] Warning: React.jsx: type is invalid -- expected a string (for built-in components) or a class/function (for composite components) but got: %s.%s%s undefined  You likely forgot to export your component from the file it's defined in, or you might have mixed up default and named imports.

Check your code at IncidentTimelinePanel.tsx:135. 
    at IncidentTimelinePanel (http://localhost:3000/src/pages/incidents/components/IncidentTimelinePanel.tsx?t=1786206597909:72:41)
    at section
    at div
    at div
    at section
    at section
    at div
    at div
    at IncidentDetailPage (http://localhost:3000/src/pages/incidents/IncidentDetailPage.tsx?t=1786206597909:168:17)
    at AuthGuard (http://localhost:3000/src/router/AuthGuard.tsx:20:29)
    at RenderedRoute (http://localhost:3000/node_modules/.vite/deps/react-router-dom.js?v=d60f55b8:3821:10)
    at Outlet (http://localhost:3000/node_modules/.vite/deps/react-router-dom.js?v=d60f55b8:4229:27)
    at Suspense
    at main
    at div
    at AppLayout (http://localhost:3000/src/router/AppLayout.tsx:22:24)
    at RenderedRoute (http://localhost:3000/node_modules/.vite/deps/react-router-dom.js?v=d60f55b8:3821:10)
    at RenderErrorBoundary (http://localhost:3000/node_modules/.vite/deps/react-router-dom.js?v=d60f55b8:3788:5)
    at DataRoutes (http://localhost:3000/node_modules/.vite/deps/react-router-dom.js?v=d60f55b8:5096:10)
    at Router (http://localhost:3000/node_modules/.vite/deps/react-router-dom.js?v=d60f55b8:4249:20)
    at RouterProvider (http://localhost:3000/node_modules/.vite/deps/react-router-dom.js?v=d60f55b8:4929:10)
    at Suspense
    at AppInner (http://localhost:3000/src/App.tsx?t=1786206597909:18:30)
    at QueryClientProvider (http://localhost:3000/node_modules/.vite/deps/@tanstack_react-query.js?v=d60f55b8:2995:31)
    at App @ http://localhost:3000/node_modules/.vite/deps/react_jsx-dev-runtime.js?v=d60f55b8:52
[   70172ms] [ERROR] Warning: React.jsx: type is invalid -- expected a string (for built-in components) or a class/function (for composite components) but got: %s.%s%s undefined  You likely forgot to export your component from the file it's defined in, or you might have mixed up default and named imports.

Check your code at IncidentTimelinePanel.tsx:135. 
    at IncidentTimelinePanel (http://localhost:3000/src/pages/incidents/components/IncidentTimelinePanel.tsx?t=1786206597909:72:41)
    at section
    at div
    at div
    at section
    at section
    at div
    at div
    at IncidentDetailPage (http://localhost:3000/src/pages/incidents/IncidentDetailPage.tsx?t=1786206597909:168:17)
    at AuthGuard (http://localhost:3000/src/router/AuthGuard.tsx:20:29)
    at RenderedRoute (http://localhost:3000/node_modules/.vite/deps/react-router-dom.js?v=d60f55b8:3821:10)
    at Outlet (http://localhost:3000/node_modules/.vite/deps/react-router-dom.js?v=d60f55b8:4229:27)
    at Suspense
    at main
    at div
    at AppLayout (http://localhost:3000/src/router/AppLayout.tsx:22:24)
    at RenderedRoute (http://localhost:3000/node_modules/.vite/deps/react-router-dom.js?v=d60f55b8:3821:10)
    at RenderErrorBoundary (http://localhost:3000/node_modules/.vite/deps/react-router-dom.js?v=d60f55b8:3788:5)
    at DataRoutes (http://localhost:3000/node_modules/.vite/deps/react-router-dom.js?v=d60f55b8:5096:10)
    at Router (http://localhost:3000/node_modules/.vite/deps/react-router-dom.js?v=d60f55b8:4249:20)
    at RouterProvider (http://localhost:3000/node_modules/.vite/deps/react-router-dom.js?v=d60f55b8:4929:10)
    at Suspense
    at AppInner (http://localhost:3000/src/App.tsx?t=1786206597909:18:30)
    at QueryClientProvider (http://localhost:3000/node_modules/.vite/deps/@tanstack_react-query.js?v=d60f55b8:2995:31)
    at App @ http://localhost:3000/node_modules/.vite/deps/react_jsx-dev-runtime.js?v=d60f55b8:52
[   70172ms] [ERROR] Warning: React.jsx: type is invalid -- expected a string (for built-in components) or a class/function (for composite components) but got: %s.%s%s undefined  You likely forgot to export your component from the file it's defined in, or you might have mixed up default and named imports.

Check your code at IncidentTimelinePanel.tsx:135. 
    at IncidentTimelinePanel (http://localhost:3000/src/pages/incidents/components/IncidentTimelinePanel.tsx?t=1786206597909:72:41)
    at section
    at div
    at div
    at section
    at section
    at div
    at div
    at IncidentDetailPage (http://localhost:3000/src/pages/incidents/IncidentDetailPage.tsx?t=1786206597909:168:17)
    at AuthGuard (http://localhost:3000/src/router/AuthGuard.tsx:20:29)
    at RenderedRoute (http://localhost:3000/node_modules/.vite/deps/react-router-dom.js?v=d60f55b8:3821:10)
    at Outlet (http://localhost:3000/node_modules/.vite/deps/react-router-dom.js?v=d60f55b8:4229:27)
    at Suspense
    at main
    at div
    at AppLayout (http://localhost:3000/src/router/AppLayout.tsx:22:24)
    at RenderedRoute (http://localhost:3000/node_modules/.vite/deps/react-router-dom.js?v=d60f55b8:3821:10)
    at RenderErrorBoundary (http://localhost:3000/node_modules/.vite/deps/react-router-dom.js?v=d60f55b8:3788:5)
    at DataRoutes (http://localhost:3000/node_modules/.vite/deps/react-router-dom.js?v=d60f55b8:5096:10)
    at Router (http://localhost:3000/node_modules/.vite/deps/react-router-dom.js?v=d60f55b8:4249:20)
    at RouterProvider (http://localhost:3000/node_modules/.vite/deps/react-router-dom.js?v=d60f55b8:4929:10)
    at Suspense
    at AppInner (http://localhost:3000/src/App.tsx?t=1786206597909:18:30)
    at QueryClientProvider (http://localhost:3000/node_modules/.vite/deps/@tanstack_react-query.js?v=d60f55b8:2995:31)
    at App @ http://localhost:3000/node_modules/.vite/deps/react_jsx-dev-runtime.js?v=d60f55b8:52
[   70172ms] [ERROR] Warning: React.jsx: type is invalid -- expected a string (for built-in components) or a class/function (for composite components) but got: %s.%s%s undefined  You likely forgot to export your component from the file it's defined in, or you might have mixed up default and named imports.

Check your code at IncidentTimelinePanel.tsx:135. 
    at IncidentTimelinePanel (http://localhost:3000/src/pages/incidents/components/IncidentTimelinePanel.tsx?t=1786206597909:72:41)
    at section
    at div
    at div
    at section
    at section
    at div
    at div
    at IncidentDetailPage (http://localhost:3000/src/pages/incidents/IncidentDetailPage.tsx?t=1786206597909:168:17)
    at AuthGuard (http://localhost:3000/src/router/AuthGuard.tsx:20:29)
    at RenderedRoute (http://localhost:3000/node_modules/.vite/deps/react-router-dom.js?v=d60f55b8:3821:10)
    at Outlet (http://localhost:3000/node_modules/.vite/deps/react-router-dom.js?v=d60f55b8:4229:27)
    at Suspense
    at main
    at div
    at AppLayout (http://localhost:3000/src/router/AppLayout.tsx:22:24)
    at RenderedRoute (http://localhost:3000/node_modules/.vite/deps/react-router-dom.js?v=d60f55b8:3821:10)
    at RenderErrorBoundary (http://localhost:3000/node_modules/.vite/deps/react-router-dom.js?v=d60f55b8:3788:5)
    at DataRoutes (http://localhost:3000/node_modules/.vite/deps/react-router-dom.js?v=d60f55b8:5096:10)
    at Router (http://localhost:3000/node_modules/.vite/deps/react-router-dom.js?v=d60f55b8:4249:20)
    at RouterProvider (http://localhost:3000/node_modules/.vite/deps/react-router-dom.js?v=d60f55b8:4929:10)
    at Suspense
    at AppInner (http://localhost:3000/src/App.tsx?t=1786206597909:18:30)
    at QueryClientProvider (http://localhost:3000/node_modules/.vite/deps/@tanstack_react-query.js?v=d60f55b8:2995:31)
    at App @ http://localhost:3000/node_modules/.vite/deps/react_jsx-dev-runtime.js?v=d60f55b8:52
[   70172ms] [ERROR] Warning: React.jsx: type is invalid -- expected a string (for built-in components) or a class/function (for composite components) but got: %s.%s%s undefined  You likely forgot to export your component from the file it's defined in, or you might have mixed up default and named imports.

Check your code at IncidentTimelinePanel.tsx:135. 
    at IncidentTimelinePanel (http://localhost:3000/src/pages/incidents/components/IncidentTimelinePanel.tsx?t=1786206597909:72:41)
    at section
    at div
    at div
    at section
    at section
    at div
    at div
    at IncidentDetailPage (http://localhost:3000/src/pages/incidents/IncidentDetailPage.tsx?t=1786206597909:168:17)
    at AuthGuard (http://localhost:3000/src/router/AuthGuard.tsx:20:29)
    at RenderedRoute (http://localhost:3000/node_modules/.vite/deps/react-router-dom.js?v=d60f55b8:3821:10)
    at Outlet (http://localhost:3000/node_modules/.vite/deps/react-router-dom.js?v=d60f55b8:4229:27)
    at Suspense
    at main
    at div
    at AppLayout (http://localhost:3000/src/router/AppLayout.tsx:22:24)
    at RenderedRoute (http://localhost:3000/node_modules/.vite/deps/react-router-dom.js?v=d60f55b8:3821:10)
    at RenderErrorBoundary (http://localhost:3000/node_modules/.vite/deps/react-router-dom.js?v=d60f55b8:3788:5)
    at DataRoutes (http://localhost:3000/node_modules/.vite/deps/react-router-dom.js?v=d60f55b8:5096:10)
    at Router (http://localhost:3000/node_modules/.vite/deps/react-router-dom.js?v=d60f55b8:4249:20)
    at RouterProvider (http://localhost:3000/node_modules/.vite/deps/react-router-dom.js?v=d60f55b8:4929:10)
    at Suspense
    at AppInner (http://localhost:3000/src/App.tsx?t=1786206597909:18:30)
    at QueryClientProvider (http://localhost:3000/node_modules/.vite/deps/@tanstack_react-query.js?v=d60f55b8:2995:31)
    at App @ http://localhost:3000/node_modules/.vite/deps/react_jsx-dev-runtime.js?v=d60f55b8:52
[   70172ms] [ERROR] Warning: React.jsx: type is invalid -- expected a string (for built-in components) or a class/function (for composite components) but got: %s.%s%s undefined  You likely forgot to export your component from the file it's defined in, or you might have mixed up default and named imports.

Check your code at IncidentTimelinePanel.tsx:135. 
    at IncidentTimelinePanel (http://localhost:3000/src/pages/incidents/components/IncidentTimelinePanel.tsx?t=1786206597909:72:41)
    at section
    at div
    at div
    at section
    at section
    at div
    at div
    at IncidentDetailPage (http://localhost:3000/src/pages/incidents/IncidentDetailPage.tsx?t=1786206597909:168:17)
    at AuthGuard (http://localhost:3000/src/router/AuthGuard.tsx:20:29)
    at RenderedRoute (http://localhost:3000/node_modules/.vite/deps/react-router-dom.js?v=d60f55b8:3821:10)
    at Outlet (http://localhost:3000/node_modules/.vite/deps/react-router-dom.js?v=d60f55b8:4229:27)
    at Suspense
    at main
    at div
    at AppLayout (http://localhost:3000/src/router/AppLayout.tsx:22:24)
    at RenderedRoute (http://localhost:3000/node_modules/.vite/deps/react-router-dom.js?v=d60f55b8:3821:10)
    at RenderErrorBoundary (http://localhost:3000/node_modules/.vite/deps/react-router-dom.js?v=d60f55b8:3788:5)
    at DataRoutes (http://localhost:3000/node_modules/.vite/deps/react-router-dom.js?v=d60f55b8:5096:10)
    at Router (http://localhost:3000/node_modules/.vite/deps/react-router-dom.js?v=d60f55b8:4249:20)
    at RouterProvider (http://localhost:3000/node_modules/.vite/deps/react-router-dom.js?v=d60f55b8:4929:10)
    at Suspense
    at AppInner (http://localhost:3000/src/App.tsx?t=1786206597909:18:30)
    at QueryClientProvider (http://localhost:3000/node_modules/.vite/deps/@tanstack_react-query.js?v=d60f55b8:2995:31)
    at App @ http://localhost:3000/node_modules/.vite/deps/react_jsx-dev-runtime.js?v=d60f55b8:52
[   70172ms] [ERROR] Warning: React.jsx: type is invalid -- expected a string (for built-in components) or a class/function (for composite components) but got: %s.%s%s undefined  You likely forgot to export your component from the file it's defined in, or you might have mixed up default and named imports.

Check your code at IncidentTimelinePanel.tsx:135. 
    at IncidentTimelinePanel (http://localhost:3000/src/pages/incidents/components/IncidentTimelinePanel.tsx?t=1786206597909:72:41)
    at section
    at div
    at div
    at section
    at section
    at div
    at div
    at IncidentDetailPage (http://localhost:3000/src/pages/incidents/IncidentDetailPage.tsx?t=1786206597909:168:17)
    at AuthGuard (http://localhost:3000/src/router/AuthGuard.tsx:20:29)
    at RenderedRoute (http://localhost:3000/node_modules/.vite/deps/react-router-dom.js?v=d60f55b8:3821:10)
    at Outlet (http://localhost:3000/node_modules/.vite/deps/react-router-dom.js?v=d60f55b8:4229:27)
    at Suspense
    at main
    at div
    at AppLayout (http://localhost:3000/src/router/AppLayout.tsx:22:24)
    at RenderedRoute (http://localhost:3000/node_modules/.vite/deps/react-router-dom.js?v=d60f55b8:3821:10)
    at RenderErrorBoundary (http://localhost:3000/node_modules/.vite/deps/react-router-dom.js?v=d60f55b8:3788:5)
    at DataRoutes (http://localhost:3000/node_modules/.vite/deps/react-router-dom.js?v=d60f55b8:5096:10)
    at Router (http://localhost:3000/node_modules/.vite/deps/react-router-dom.js?v=d60f55b8:4249:20)
    at RouterProvider (http://localhost:3000/node_modules/.vite/deps/react-router-dom.js?v=d60f55b8:4929:10)
    at Suspense
    at AppInner (http://localhost:3000/src/App.tsx?t=1786206597909:18:30)
    at QueryClientProvider (http://localhost:3000/node_modules/.vite/deps/@tanstack_react-query.js?v=d60f55b8:2995:31)
    at App @ http://localhost:3000/node_modules/.vite/deps/react_jsx-dev-runtime.js?v=d60f55b8:52
[   70172ms] [ERROR] Warning: React.jsx: type is invalid -- expected a string (for built-in components) or a class/function (for composite components) but got: %s.%s%s undefined  You likely forgot to export your component from the file it's defined in, or you might have mixed up default and named imports.

Check your code at IncidentTimelinePanel.tsx:135. 
    at IncidentTimelinePanel (http://localhost:3000/src/pages/incidents/components/IncidentTimelinePanel.tsx?t=1786206597909:72:41)
    at section
    at div
    at div
    at section
    at section
    at div
    at div
    at IncidentDetailPage (http://localhost:3000/src/pages/incidents/IncidentDetailPage.tsx?t=1786206597909:168:17)
    at AuthGuard (http://localhost:3000/src/router/AuthGuard.tsx:20:29)
    at RenderedRoute (http://localhost:3000/node_modules/.vite/deps/react-router-dom.js?v=d60f55b8:3821:10)
    at Outlet (http://localhost:3000/node_modules/.vite/deps/react-router-dom.js?v=d60f55b8:4229:27)
    at Suspense
    at main
    at div
    at AppLayout (http://localhost:3000/src/router/AppLayout.tsx:22:24)
    at RenderedRoute (http://localhost:3000/node_modules/.vite/deps/react-router-dom.js?v=d60f55b8:3821:10)
    at RenderErrorBoundary (http://localhost:3000/node_modules/.vite/deps/react-router-dom.js?v=d60f55b8:3788:5)
    at DataRoutes (http://localhost:3000/node_modules/.vite/deps/react-router-dom.js?v=d60f55b8:5096:10)
    at Router (http://localhost:3000/node_modules/.vite/deps/react-router-dom.js?v=d60f55b8:4249:20)
    at RouterProvider (http://localhost:3000/node_modules/.vite/deps/react-router-dom.js?v=d60f55b8:4929:10)
    at Suspense
    at AppInner (http://localhost:3000/src/App.tsx?t=1786206597909:18:30)
    at QueryClientProvider (http://localhost:3000/node_modules/.vite/deps/@tanstack_react-query.js?v=d60f55b8:2995:31)
    at App @ http://localhost:3000/node_modules/.vite/deps/react_jsx-dev-runtime.js?v=d60f55b8:52
[   70172ms] [ERROR] Warning: React.jsx: type is invalid -- expected a string (for built-in components) or a class/function (for composite components) but got: %s.%s%s undefined  You likely forgot to export your component from the file it's defined in, or you might have mixed up default and named imports.

Check your code at IncidentTimelinePanel.tsx:135. 
    at IncidentTimelinePanel (http://localhost:3000/src/pages/incidents/components/IncidentTimelinePanel.tsx?t=1786206597909:72:41)
    at section
    at div
    at div
    at section
    at section
    at div
    at div
    at IncidentDetailPage (http://localhost:3000/src/pages/incidents/IncidentDetailPage.tsx?t=1786206597909:168:17)
    at AuthGuard (http://localhost:3000/src/router/AuthGuard.tsx:20:29)
    at RenderedRoute (http://localhost:3000/node_modules/.vite/deps/react-router-dom.js?v=d60f55b8:3821:10)
    at Outlet (http://localhost:3000/node_modules/.vite/deps/react-router-dom.js?v=d60f55b8:4229:27)
    at Suspense
    at main
    at div
    at AppLayout (http://localhost:3000/src/router/AppLayout.tsx:22:24)
    at RenderedRoute (http://localhost:3000/node_modules/.vite/deps/react-router-dom.js?v=d60f55b8:3821:10)
    at RenderErrorBoundary (http://localhost:3000/node_modules/.vite/deps/react-router-dom.js?v=d60f55b8:3788:5)
    at DataRoutes (http://localhost:3000/node_modules/.vite/deps/react-router-dom.js?v=d60f55b8:5096:10)
    at Router (http://localhost:3000/node_modules/.vite/deps/react-router-dom.js?v=d60f55b8:4249:20)
    at RouterProvider (http://localhost:3000/node_modules/.vite/deps/react-router-dom.js?v=d60f55b8:4929:10)
    at Suspense
    at AppInner (http://localhost:3000/src/App.tsx?t=1786206597909:18:30)
    at QueryClientProvider (http://localhost:3000/node_modules/.vite/deps/@tanstack_react-query.js?v=d60f55b8:2995:31)
    at App @ http://localhost:3000/node_modules/.vite/deps/react_jsx-dev-runtime.js?v=d60f55b8:52
[   70172ms] Error: Element type is invalid: expected a string (for built-in components) or a class/function (for composite components) but got: undefined. You likely forgot to export your component from the file it's defined in, or you might have mixed up default and named imports.

Check the render method of `IncidentTimelinePanel`.
    at createFiberFromTypeAndProps (http://localhost:3000/node_modules/.vite/deps/react-dom-BEjadErz.js?v=d60f55b8:16466:12)
    at createFiberFromElement (http://localhost:3000/node_modules/.vite/deps/react-dom-BEjadErz.js?v=d60f55b8:16481:16)
    at reconcileSingleElement (http://localhost:3000/node_modules/.vite/deps/react-dom-BEjadErz.js?v=d60f55b8:8849:22)
    at reconcileChildFibers (http://localhost:3000/node_modules/.vite/deps/react-dom-BEjadErz.js?v=d60f55b8:8879:56)
    at reconcileChildren (http://localhost:3000/node_modules/.vite/deps/react-dom-BEjadErz.js?v=d60f55b8:11924:49)
    at updateHostComponent (http://localhost:3000/node_modules/.vite/deps/react-dom-BEjadErz.js?v=d60f55b8:12287:4)
    at beginWork (http://localhost:3000/node_modules/.vite/deps/react-dom-BEjadErz.js?v=d60f55b8:13102:32)
    at HTMLUnknownElement.callCallback (http://localhost:3000/node_modules/.vite/deps/react-dom-BEjadErz.js?v=d60f55b8:3142:11)
    at Object.invokeGuardedCallbackDev (http://localhost:3000/node_modules/.vite/deps/react-dom-BEjadErz.js?v=d60f55b8:3162:14)
    at invokeGuardedCallback (http://localhost:3000/node_modules/.vite/deps/react-dom-BEjadErz.js?v=d60f55b8:3201:32)
[   70172ms] Error: Element type is invalid: expected a string (for built-in components) or a class/function (for composite components) but got: undefined. You likely forgot to export your component from the file it's defined in, or you might have mixed up default and named imports.

Check the render method of `IncidentTimelinePanel`.
    at createFiberFromTypeAndProps (http://localhost:3000/node_modules/.vite/deps/react-dom-BEjadErz.js?v=d60f55b8:16466:12)
    at createFiberFromElement (http://localhost:3000/node_modules/.vite/deps/react-dom-BEjadErz.js?v=d60f55b8:16481:16)
    at reconcileSingleElement (http://localhost:3000/node_modules/.vite/deps/react-dom-BEjadErz.js?v=d60f55b8:8849:22)
    at reconcileChildFibers (http://localhost:3000/node_modules/.vite/deps/react-dom-BEjadErz.js?v=d60f55b8:8879:56)
    at reconcileChildren (http://localhost:3000/node_modules/.vite/deps/react-dom-BEjadErz.js?v=d60f55b8:11924:49)
    at updateHostComponent (http://localhost:3000/node_modules/.vite/deps/react-dom-BEjadErz.js?v=d60f55b8:12287:4)
    at beginWork (http://localhost:3000/node_modules/.vite/deps/react-dom-BEjadErz.js?v=d60f55b8:13102:32)
    at HTMLUnknownElement.callCallback (http://localhost:3000/node_modules/.vite/deps/react-dom-BEjadErz.js?v=d60f55b8:3142:11)
    at Object.invokeGuardedCallbackDev (http://localhost:3000/node_modules/.vite/deps/react-dom-BEjadErz.js?v=d60f55b8:3162:14)
    at invokeGuardedCallback (http://localhost:3000/node_modules/.vite/deps/react-dom-BEjadErz.js?v=d60f55b8:3201:32)
[   70172ms] Error: Element type is invalid: expected a string (for built-in components) or a class/function (for composite components) but got: undefined. You likely forgot to export your component from the file it's defined in, or you might have mixed up default and named imports.

Check the render method of `IncidentTimelinePanel`.
    at createFiberFromTypeAndProps (http://localhost:3000/node_modules/.vite/deps/react-dom-BEjadErz.js?v=d60f55b8:16466:12)
    at createFiberFromElement (http://localhost:3000/node_modules/.vite/deps/react-dom-BEjadErz.js?v=d60f55b8:16481:16)
    at reconcileSingleElement (http://localhost:3000/node_modules/.vite/deps/react-dom-BEjadErz.js?v=d60f55b8:8849:22)
    at reconcileChildFibers (http://localhost:3000/node_modules/.vite/deps/react-dom-BEjadErz.js?v=d60f55b8:8879:56)
    at reconcileChildren (http://localhost:3000/node_modules/.vite/deps/react-dom-BEjadErz.js?v=d60f55b8:11924:49)
    at updateHostComponent (http://localhost:3000/node_modules/.vite/deps/react-dom-BEjadErz.js?v=d60f55b8:12287:4)
    at beginWork (http://localhost:3000/node_modules/.vite/deps/react-dom-BEjadErz.js?v=d60f55b8:13102:32)
    at HTMLUnknownElement.callCallback (http://localhost:3000/node_modules/.vite/deps/react-dom-BEjadErz.js?v=d60f55b8:3142:11)
    at Object.invokeGuardedCallbackDev (http://localhost:3000/node_modules/.vite/deps/react-dom-BEjadErz.js?v=d60f55b8:3162:14)
    at invokeGuardedCallback (http://localhost:3000/node_modules/.vite/deps/react-dom-BEjadErz.js?v=d60f55b8:3201:32)
[   70172ms] Error: Element type is invalid: expected a string (for built-in components) or a class/function (for composite components) but got: undefined. You likely forgot to export your component from the file it's defined in, or you might have mixed up default and named imports.

Check the render method of `IncidentTimelinePanel`.
    at createFiberFromTypeAndProps (http://localhost:3000/node_modules/.vite/deps/react-dom-BEjadErz.js?v=d60f55b8:16466:12)
    at createFiberFromElement (http://localhost:3000/node_modules/.vite/deps/react-dom-BEjadErz.js?v=d60f55b8:16481:16)
    at reconcileSingleElement (http://localhost:3000/node_modules/.vite/deps/react-dom-BEjadErz.js?v=d60f55b8:8849:22)
    at reconcileChildFibers (http://localhost:3000/node_modules/.vite/deps/react-dom-BEjadErz.js?v=d60f55b8:8879:56)
    at reconcileChildren (http://localhost:3000/node_modules/.vite/deps/react-dom-BEjadErz.js?v=d60f55b8:11924:49)
    at updateHostComponent (http://localhost:3000/node_modules/.vite/deps/react-dom-BEjadErz.js?v=d60f55b8:12287:4)
    at beginWork (http://localhost:3000/node_modules/.vite/deps/react-dom-BEjadErz.js?v=d60f55b8:13102:32)
    at HTMLUnknownElement.callCallback (http://localhost:3000/node_modules/.vite/deps/react-dom-BEjadErz.js?v=d60f55b8:3142:11)
    at Object.invokeGuardedCallbackDev (http://localhost:3000/node_modules/.vite/deps/react-dom-BEjadErz.js?v=d60f55b8:3162:14)
    at invokeGuardedCallback (http://localhost:3000/node_modules/.vite/deps/react-dom-BEjadErz.js?v=d60f55b8:3201:32)
[   70173ms] Error: Element type is invalid: expected a string (for built-in components) or a class/function (for composite components) but got: undefined. You likely forgot to export your component from the file it's defined in, or you might have mixed up default and named imports.

Check the render method of `IncidentTimelinePanel`.
    at createFiberFromTypeAndProps (http://localhost:3000/node_modules/.vite/deps/react-dom-BEjadErz.js?v=d60f55b8:16466:12)
    at createFiberFromElement (http://localhost:3000/node_modules/.vite/deps/react-dom-BEjadErz.js?v=d60f55b8:16481:16)
    at reconcileSingleElement (http://localhost:3000/node_modules/.vite/deps/react-dom-BEjadErz.js?v=d60f55b8:8849:22)
    at reconcileChildFibers (http://localhost:3000/node_modules/.vite/deps/react-dom-BEjadErz.js?v=d60f55b8:8879:56)
    at reconcileChildren (http://localhost:3000/node_modules/.vite/deps/react-dom-BEjadErz.js?v=d60f55b8:11924:49)
    at updateHostComponent (http://localhost:3000/node_modules/.vite/deps/react-dom-BEjadErz.js?v=d60f55b8:12287:4)
    at beginWork (http://localhost:3000/node_modules/.vite/deps/react-dom-BEjadErz.js?v=d60f55b8:13102:32)
    at HTMLUnknownElement.callCallback (http://localhost:3000/node_modules/.vite/deps/react-dom-BEjadErz.js?v=d60f55b8:3142:11)
    at Object.invokeGuardedCallbackDev (http://localhost:3000/node_modules/.vite/deps/react-dom-BEjadErz.js?v=d60f55b8:3162:14)
    at invokeGuardedCallback (http://localhost:3000/node_modules/.vite/deps/react-dom-BEjadErz.js?v=d60f55b8:3201:32)
[   70173ms] [ERROR] Error handled by React Router default ErrorBoundary: Error: Element type is invalid: expected a string (for built-in components) or a class/function (for composite components) but got: undefined. You likely forgot to export your component from the file it's defined in, or you might have mixed up default and named imports.

Check the render method of `IncidentTimelinePanel`.
    at createFiberFromTypeAndProps (http://localhost:3000/node_modules/.vite/deps/react-dom-BEjadErz.js?v=d60f55b8:16466:12)
    at createFiberFromElement (http://localhost:3000/node_modules/.vite/deps/react-dom-BEjadErz.js?v=d60f55b8:16481:16)
    at reconcileSingleElement (http://localhost:3000/node_modules/.vite/deps/react-dom-BEjadErz.js?v=d60f55b8:8849:22)
    at reconcileChildFibers (http://localhost:3000/node_modules/.vite/deps/react-dom-BEjadErz.js?v=d60f55b8:8879:56)
    at reconcileChildren (http://localhost:3000/node_modules/.vite/deps/react-dom-BEjadErz.js?v=d60f55b8:11924:49)
    at updateHostComponent (http://localhost:3000/node_modules/.vite/deps/react-dom-BEjadErz.js?v=d60f55b8:12287:4)
    at beginWork (http://localhost:3000/node_modules/.vite/deps/react-dom-BEjadErz.js?v=d60f55b8:13102:32)
    at beginWork$1 (http://localhost:3000/node_modules/.vite/deps/react-dom-BEjadErz.js?v=d60f55b8:15982:12)
    at performUnitOfWork (http://localhost:3000/node_modules/.vite/deps/react-dom-BEjadErz.js?v=d60f55b8:15568:12)
    at workLoopSync (http://localhost:3000/node_modules/.vite/deps/react-dom-BEjadErz.js?v=d60f55b8:15517:36) @ http://localhost:3000/node_modules/.vite/deps/react-router-dom.js?v=d60f55b8:3780
[   70173ms] [ERROR] Error handled by React Router default ErrorBoundary: Error: Element type is invalid: expected a string (for built-in components) or a class/function (for composite components) but got: undefined. You likely forgot to export your component from the file it's defined in, or you might have mixed up default and named imports.

Check the render method of `IncidentTimelinePanel`.
    at createFiberFromTypeAndProps (http://localhost:3000/node_modules/.vite/deps/react-dom-BEjadErz.js?v=d60f55b8:16466:12)
    at createFiberFromElement (http://localhost:3000/node_modules/.vite/deps/react-dom-BEjadErz.js?v=d60f55b8:16481:16)
    at reconcileSingleElement (http://localhost:3000/node_modules/.vite/deps/react-dom-BEjadErz.js?v=d60f55b8:8849:22)
    at reconcileChildFibers (http://localhost:3000/node_modules/.vite/deps/react-dom-BEjadErz.js?v=d60f55b8:8879:56)
    at reconcileChildren (http://localhost:3000/node_modules/.vite/deps/react-dom-BEjadErz.js?v=d60f55b8:11924:49)
    at updateHostComponent (http://localhost:3000/node_modules/.vite/deps/react-dom-BEjadErz.js?v=d60f55b8:12287:4)
    at beginWork (http://localhost:3000/node_modules/.vite/deps/react-dom-BEjadErz.js?v=d60f55b8:13102:32)
    at beginWork$1 (http://localhost:3000/node_modules/.vite/deps/react-dom-BEjadErz.js?v=d60f55b8:15982:12)
    at performUnitOfWork (http://localhost:3000/node_modules/.vite/deps/react-dom-BEjadErz.js?v=d60f55b8:15568:12)
    at workLoopSync (http://localhost:3000/node_modules/.vite/deps/react-dom-BEjadErz.js?v=d60f55b8:15517:36) @ http://localhost:3000/node_modules/.vite/deps/react-router-dom.js?v=d60f55b8:3780
[   70174ms] [ERROR] The above error occurred in the <span> component:

    at span
    at li
    at ol
    at section
    at IncidentTimelinePanel (http://localhost:3000/src/pages/incidents/components/IncidentTimelinePanel.tsx?t=1786206597909:72:41)
    at section
    at div
    at div
    at section
    at section
    at div
    at div
    at IncidentDetailPage (http://localhost:3000/src/pages/incidents/IncidentDetailPage.tsx?t=1786206597909:168:17)
    at AuthGuard (http://localhost:3000/src/router/AuthGuard.tsx:20:29)
    at RenderedRoute (http://localhost:3000/node_modules/.vite/deps/react-router-dom.js?v=d60f55b8:3821:10)
    at Outlet (http://localhost:3000/node_modules/.vite/deps/react-router-dom.js?v=d60f55b8:4229:27)
    at Suspense
    at main
    at div
    at AppLayout (http://localhost:3000/src/router/AppLayout.tsx:22:24)
    at RenderedRoute (http://localhost:3000/node_modules/.vite/deps/react-router-dom.js?v=d60f55b8:3821:10)
    at RenderErrorBoundary (http://localhost:3000/node_modules/.vite/deps/react-router-dom.js?v=d60f55b8:3788:5)
    at DataRoutes (http://localhost:3000/node_modules/.vite/deps/react-router-dom.js?v=d60f55b8:5096:10)
    at Router (http://localhost:3000/node_modules/.vite/deps/react-router-dom.js?v=d60f55b8:4249:20)
    at RouterProvider (http://localhost:3000/node_modules/.vite/deps/react-router-dom.js?v=d60f55b8:4929:10)
    at Suspense
    at AppInner (http://localhost:3000/src/App.tsx?t=1786206597909:18:30)
    at QueryClientProvider (http://localhost:3000/node_modules/.vite/deps/@tanstack_react-query.js?v=d60f55b8:2995:31)
    at App

React will try to recreate this component tree from scratch using the error boundary you provided, RenderErrorBoundary. @ http://localhost:3000/node_modules/.vite/deps/react-dom-BEjadErz.js?v=d60f55b8:11718
[   70174ms] [ERROR] React Router caught the following error during render Error: Element type is invalid: expected a string (for built-in components) or a class/function (for composite components) but got: undefined. You likely forgot to export your component from the file it's defined in, or you might have mixed up default and named imports.

Check the render method of `IncidentTimelinePanel`.
    at createFiberFromTypeAndProps (http://localhost:3000/node_modules/.vite/deps/react-dom-BEjadErz.js?v=d60f55b8:16466:12)
    at createFiberFromElement (http://localhost:3000/node_modules/.vite/deps/react-dom-BEjadErz.js?v=d60f55b8:16481:16)
    at reconcileSingleElement (http://localhost:3000/node_modules/.vite/deps/react-dom-BEjadErz.js?v=d60f55b8:8849:22)
    at reconcileChildFibers (http://localhost:3000/node_modules/.vite/deps/react-dom-BEjadErz.js?v=d60f55b8:8879:56)
    at reconcileChildren (http://localhost:3000/node_modules/.vite/deps/react-dom-BEjadErz.js?v=d60f55b8:11924:49)
    at updateHostComponent (http://localhost:3000/node_modules/.vite/deps/react-dom-BEjadErz.js?v=d60f55b8:12287:4)
    at beginWork (http://localhost:3000/node_modules/.vite/deps/react-dom-BEjadErz.js?v=d60f55b8:13102:32)
    at beginWork$1 (http://localhost:3000/node_modules/.vite/deps/react-dom-BEjadErz.js?v=d60f55b8:15982:12)
    at performUnitOfWork (http://localhost:3000/node_modules/.vite/deps/react-dom-BEjadErz.js?v=d60f55b8:15568:12)
    at workLoopSync (http://localhost:3000/node_modules/.vite/deps/react-dom-BEjadErz.js?v=d60f55b8:15517:36) {componentStack: 
    at span
    at li
    at ol
    at section
  …ack_react-query.js?v=d60f55b8:2995:31)
    at App} @ http://localhost:3000/node_modules/.vite/deps/react-router-dom.js?v=d60f55b8:3810
[   70174ms] [ERROR] The above error occurred in the <span> component:

    at span
    at li
    at ol
    at section
    at IncidentTimelinePanel (http://localhost:3000/src/pages/incidents/components/IncidentTimelinePanel.tsx?t=1786206597909:72:41)
    at section
    at div
    at div
    at section
    at section
    at div
    at div
    at IncidentDetailPage (http://localhost:3000/src/pages/incidents/IncidentDetailPage.tsx?t=1786206597909:168:17)
    at AuthGuard (http://localhost:3000/src/router/AuthGuard.tsx:20:29)
    at RenderedRoute (http://localhost:3000/node_modules/.vite/deps/react-router-dom.js?v=d60f55b8:3821:10)
    at Outlet (http://localhost:3000/node_modules/.vite/deps/react-router-dom.js?v=d60f55b8:4229:27)
    at Suspense
    at main
    at div
    at AppLayout (http://localhost:3000/src/router/AppLayout.tsx:22:24)
    at RenderedRoute (http://localhost:3000/node_modules/.vite/deps/react-router-dom.js?v=d60f55b8:3821:10)
    at RenderErrorBoundary (http://localhost:3000/node_modules/.vite/deps/react-router-dom.js?v=d60f55b8:3788:5)
    at DataRoutes (http://localhost:3000/node_modules/.vite/deps/react-router-dom.js?v=d60f55b8:5096:10)
    at Router (http://localhost:3000/node_modules/.vite/deps/react-router-dom.js?v=d60f55b8:4249:20)
    at RouterProvider (http://localhost:3000/node_modules/.vite/deps/react-router-dom.js?v=d60f55b8:4929:10)
    at Suspense
    at AppInner (http://localhost:3000/src/App.tsx?t=1786206597909:18:30)
    at QueryClientProvider (http://localhost:3000/node_modules/.vite/deps/@tanstack_react-query.js?v=d60f55b8:2995:31)
    at App

React will try to recreate this component tree from scratch using the error boundary you provided, RenderErrorBoundary. @ http://localhost:3000/node_modules/.vite/deps/react-dom-BEjadErz.js?v=d60f55b8:11718
[   70174ms] [ERROR] React Router caught the following error during render Error: Element type is invalid: expected a string (for built-in components) or a class/function (for composite components) but got: undefined. You likely forgot to export your component from the file it's defined in, or you might have mixed up default and named imports.

Check the render method of `IncidentTimelinePanel`.
    at createFiberFromTypeAndProps (http://localhost:3000/node_modules/.vite/deps/react-dom-BEjadErz.js?v=d60f55b8:16466:12)
    at createFiberFromElement (http://localhost:3000/node_modules/.vite/deps/react-dom-BEjadErz.js?v=d60f55b8:16481:16)
    at reconcileSingleElement (http://localhost:3000/node_modules/.vite/deps/react-dom-BEjadErz.js?v=d60f55b8:8849:22)
    at reconcileChildFibers (http://localhost:3000/node_modules/.vite/deps/react-dom-BEjadErz.js?v=d60f55b8:8879:56)
    at reconcileChildren (http://localhost:3000/node_modules/.vite/deps/react-dom-BEjadErz.js?v=d60f55b8:11924:49)
    at updateHostComponent (http://localhost:3000/node_modules/.vite/deps/react-dom-BEjadErz.js?v=d60f55b8:12287:4)
    at beginWork (http://localhost:3000/node_modules/.vite/deps/react-dom-BEjadErz.js?v=d60f55b8:13102:32)
    at beginWork$1 (http://localhost:3000/node_modules/.vite/deps/react-dom-BEjadErz.js?v=d60f55b8:15982:12)
    at performUnitOfWork (http://localhost:3000/node_modules/.vite/deps/react-dom-BEjadErz.js?v=d60f55b8:15568:12)
    at workLoopSync (http://localhost:3000/node_modules/.vite/deps/react-dom-BEjadErz.js?v=d60f55b8:15517:36) {componentStack: 
    at span
    at li
    at ol
    at section
  …ack_react-query.js?v=d60f55b8:2995:31)
    at App} @ http://localhost:3000/node_modules/.vite/deps/react-router-dom.js?v=d60f55b8:3810
[   70174ms] [ERROR] The above error occurred in the <span> component:

    at span
    at li
    at ol
    at section
    at IncidentTimelinePanel (http://localhost:3000/src/pages/incidents/components/IncidentTimelinePanel.tsx?t=1786206597909:72:41)
    at section
    at div
    at div
    at section
    at section
    at div
    at div
    at IncidentDetailPage (http://localhost:3000/src/pages/incidents/IncidentDetailPage.tsx?t=1786206597909:168:17)
    at AuthGuard (http://localhost:3000/src/router/AuthGuard.tsx:20:29)
    at RenderedRoute (http://localhost:3000/node_modules/.vite/deps/react-router-dom.js?v=d60f55b8:3821:10)
    at Outlet (http://localhost:3000/node_modules/.vite/deps/react-router-dom.js?v=d60f55b8:4229:27)
    at Suspense
    at main
    at div
    at AppLayout (http://localhost:3000/src/router/AppLayout.tsx:22:24)
    at RenderedRoute (http://localhost:3000/node_modules/.vite/deps/react-router-dom.js?v=d60f55b8:3821:10)
    at RenderErrorBoundary (http://localhost:3000/node_modules/.vite/deps/react-router-dom.js?v=d60f55b8:3788:5)
    at DataRoutes (http://localhost:3000/node_modules/.vite/deps/react-router-dom.js?v=d60f55b8:5096:10)
    at Router (http://localhost:3000/node_modules/.vite/deps/react-router-dom.js?v=d60f55b8:4249:20)
    at RouterProvider (http://localhost:3000/node_modules/.vite/deps/react-router-dom.js?v=d60f55b8:4929:10)
    at Suspense
    at AppInner (http://localhost:3000/src/App.tsx?t=1786206597909:18:30)
    at QueryClientProvider (http://localhost:3000/node_modules/.vite/deps/@tanstack_react-query.js?v=d60f55b8:2995:31)
    at App

React will try to recreate this component tree from scratch using the error boundary you provided, RenderErrorBoundary. @ http://localhost:3000/node_modules/.vite/deps/react-dom-BEjadErz.js?v=d60f55b8:11718
[   70174ms] [ERROR] React Router caught the following error during render Error: Element type is invalid: expected a string (for built-in components) or a class/function (for composite components) but got: undefined. You likely forgot to export your component from the file it's defined in, or you might have mixed up default and named imports.

Check the render method of `IncidentTimelinePanel`.
    at createFiberFromTypeAndProps (http://localhost:3000/node_modules/.vite/deps/react-dom-BEjadErz.js?v=d60f55b8:16466:12)
    at createFiberFromElement (http://localhost:3000/node_modules/.vite/deps/react-dom-BEjadErz.js?v=d60f55b8:16481:16)
    at reconcileSingleElement (http://localhost:3000/node_modules/.vite/deps/react-dom-BEjadErz.js?v=d60f55b8:8849:22)
    at reconcileChildFibers (http://localhost:3000/node_modules/.vite/deps/react-dom-BEjadErz.js?v=d60f55b8:8879:56)
    at reconcileChildren (http://localhost:3000/node_modules/.vite/deps/react-dom-BEjadErz.js?v=d60f55b8:11924:49)
    at updateHostComponent (http://localhost:3000/node_modules/.vite/deps/react-dom-BEjadErz.js?v=d60f55b8:12287:4)
    at beginWork (http://localhost:3000/node_modules/.vite/deps/react-dom-BEjadErz.js?v=d60f55b8:13102:32)
    at beginWork$1 (http://localhost:3000/node_modules/.vite/deps/react-dom-BEjadErz.js?v=d60f55b8:15982:12)
    at performUnitOfWork (http://localhost:3000/node_modules/.vite/deps/react-dom-BEjadErz.js?v=d60f55b8:15568:12)
    at workLoopSync (http://localhost:3000/node_modules/.vite/deps/react-dom-BEjadErz.js?v=d60f55b8:15517:36) {componentStack: 
    at span
    at li
    at ol
    at section
  …ack_react-query.js?v=d60f55b8:2995:31)
    at App} @ http://localhost:3000/node_modules/.vite/deps/react-router-dom.js?v=d60f55b8:3810
[   70174ms] [ERROR] The above error occurred in the <span> component:

    at span
    at li
    at ol
    at section
    at IncidentTimelinePanel (http://localhost:3000/src/pages/incidents/components/IncidentTimelinePanel.tsx?t=1786206597909:72:41)
    at section
    at div
    at div
    at section
    at section
    at div
    at div
    at IncidentDetailPage (http://localhost:3000/src/pages/incidents/IncidentDetailPage.tsx?t=1786206597909:168:17)
    at AuthGuard (http://localhost:3000/src/router/AuthGuard.tsx:20:29)
    at RenderedRoute (http://localhost:3000/node_modules/.vite/deps/react-router-dom.js?v=d60f55b8:3821:10)
    at Outlet (http://localhost:3000/node_modules/.vite/deps/react-router-dom.js?v=d60f55b8:4229:27)
    at Suspense
    at main
    at div
    at AppLayout (http://localhost:3000/src/router/AppLayout.tsx:22:24)
    at RenderedRoute (http://localhost:3000/node_modules/.vite/deps/react-router-dom.js?v=d60f55b8:3821:10)
    at RenderErrorBoundary (http://localhost:3000/node_modules/.vite/deps/react-router-dom.js?v=d60f55b8:3788:5)
    at DataRoutes (http://localhost:3000/node_modules/.vite/deps/react-router-dom.js?v=d60f55b8:5096:10)
    at Router (http://localhost:3000/node_modules/.vite/deps/react-router-dom.js?v=d60f55b8:4249:20)
    at RouterProvider (http://localhost:3000/node_modules/.vite/deps/react-router-dom.js?v=d60f55b8:4929:10)
    at Suspense
    at AppInner (http://localhost:3000/src/App.tsx?t=1786206597909:18:30)
    at QueryClientProvider (http://localhost:3000/node_modules/.vite/deps/@tanstack_react-query.js?v=d60f55b8:2995:31)
    at App

React will try to recreate this component tree from scratch using the error boundary you provided, RenderErrorBoundary. @ http://localhost:3000/node_modules/.vite/deps/react-dom-BEjadErz.js?v=d60f55b8:11718
[   70174ms] [ERROR] React Router caught the following error during render Error: Element type is invalid: expected a string (for built-in components) or a class/function (for composite components) but got: undefined. You likely forgot to export your component from the file it's defined in, or you might have mixed up default and named imports.

Check the render method of `IncidentTimelinePanel`.
    at createFiberFromTypeAndProps (http://localhost:3000/node_modules/.vite/deps/react-dom-BEjadErz.js?v=d60f55b8:16466:12)
    at createFiberFromElement (http://localhost:3000/node_modules/.vite/deps/react-dom-BEjadErz.js?v=d60f55b8:16481:16)
    at reconcileSingleElement (http://localhost:3000/node_modules/.vite/deps/react-dom-BEjadErz.js?v=d60f55b8:8849:22)
    at reconcileChildFibers (http://localhost:3000/node_modules/.vite/deps/react-dom-BEjadErz.js?v=d60f55b8:8879:56)
    at reconcileChildren (http://localhost:3000/node_modules/.vite/deps/react-dom-BEjadErz.js?v=d60f55b8:11924:49)
    at updateHostComponent (http://localhost:3000/node_modules/.vite/deps/react-dom-BEjadErz.js?v=d60f55b8:12287:4)
    at beginWork (http://localhost:3000/node_modules/.vite/deps/react-dom-BEjadErz.js?v=d60f55b8:13102:32)
    at beginWork$1 (http://localhost:3000/node_modules/.vite/deps/react-dom-BEjadErz.js?v=d60f55b8:15982:12)
    at performUnitOfWork (http://localhost:3000/node_modules/.vite/deps/react-dom-BEjadErz.js?v=d60f55b8:15568:12)
    at workLoopSync (http://localhost:3000/node_modules/.vite/deps/react-dom-BEjadErz.js?v=d60f55b8:15517:36) {componentStack: 
    at span
    at li
    at ol
    at section
  …ack_react-query.js?v=d60f55b8:2995:31)
    at App} @ http://localhost:3000/node_modules/.vite/deps/react-router-dom.js?v=d60f55b8:3810
[   70174ms] [ERROR] The above error occurred in the <span> component:

    at span
    at li
    at ol
    at section
    at IncidentTimelinePanel (http://localhost:3000/src/pages/incidents/components/IncidentTimelinePanel.tsx?t=1786206597909:72:41)
    at section
    at div
    at div
    at section
    at section
    at div
    at div
    at IncidentDetailPage (http://localhost:3000/src/pages/incidents/IncidentDetailPage.tsx?t=1786206597909:168:17)
    at AuthGuard (http://localhost:3000/src/router/AuthGuard.tsx:20:29)
    at RenderedRoute (http://localhost:3000/node_modules/.vite/deps/react-router-dom.js?v=d60f55b8:3821:10)
    at Outlet (http://localhost:3000/node_modules/.vite/deps/react-router-dom.js?v=d60f55b8:4229:27)
    at Suspense
    at main
    at div
    at AppLayout (http://localhost:3000/src/router/AppLayout.tsx:22:24)
    at RenderedRoute (http://localhost:3000/node_modules/.vite/deps/react-router-dom.js?v=d60f55b8:3821:10)
    at RenderErrorBoundary (http://localhost:3000/node_modules/.vite/deps/react-router-dom.js?v=d60f55b8:3788:5)
    at DataRoutes (http://localhost:3000/node_modules/.vite/deps/react-router-dom.js?v=d60f55b8:5096:10)
    at Router (http://localhost:3000/node_modules/.vite/deps/react-router-dom.js?v=d60f55b8:4249:20)
    at RouterProvider (http://localhost:3000/node_modules/.vite/deps/react-router-dom.js?v=d60f55b8:4929:10)
    at Suspense
    at AppInner (http://localhost:3000/src/App.tsx?t=1786206597909:18:30)
    at QueryClientProvider (http://localhost:3000/node_modules/.vite/deps/@tanstack_react-query.js?v=d60f55b8:2995:31)
    at App

React will try to recreate this component tree from scratch using the error boundary you provided, RenderErrorBoundary. @ http://localhost:3000/node_modules/.vite/deps/react-dom-BEjadErz.js?v=d60f55b8:11718
[   70174ms] [ERROR] React Router caught the following error during render Error: Element type is invalid: expected a string (for built-in components) or a class/function (for composite components) but got: undefined. You likely forgot to export your component from the file it's defined in, or you might have mixed up default and named imports.

Check the render method of `IncidentTimelinePanel`.
    at createFiberFromTypeAndProps (http://localhost:3000/node_modules/.vite/deps/react-dom-BEjadErz.js?v=d60f55b8:16466:12)
    at createFiberFromElement (http://localhost:3000/node_modules/.vite/deps/react-dom-BEjadErz.js?v=d60f55b8:16481:16)
    at reconcileSingleElement (http://localhost:3000/node_modules/.vite/deps/react-dom-BEjadErz.js?v=d60f55b8:8849:22)
    at reconcileChildFibers (http://localhost:3000/node_modules/.vite/deps/react-dom-BEjadErz.js?v=d60f55b8:8879:56)
    at reconcileChildren (http://localhost:3000/node_modules/.vite/deps/react-dom-BEjadErz.js?v=d60f55b8:11924:49)
    at updateHostComponent (http://localhost:3000/node_modules/.vite/deps/react-dom-BEjadErz.js?v=d60f55b8:12287:4)
    at beginWork (http://localhost:3000/node_modules/.vite/deps/react-dom-BEjadErz.js?v=d60f55b8:13102:32)
    at beginWork$1 (http://localhost:3000/node_modules/.vite/deps/react-dom-BEjadErz.js?v=d60f55b8:15982:12)
    at performUnitOfWork (http://localhost:3000/node_modules/.vite/deps/react-dom-BEjadErz.js?v=d60f55b8:15568:12)
    at workLoopSync (http://localhost:3000/node_modules/.vite/deps/react-dom-BEjadErz.js?v=d60f55b8:15517:36) {componentStack: 
    at span
    at li
    at ol
    at section
  …ack_react-query.js?v=d60f55b8:2995:31)
    at App} @ http://localhost:3000/node_modules/.vite/deps/react-router-dom.js?v=d60f55b8:3810
[   83688ms] [INFO] %cDownload the React DevTools for a better development experience: https://reactjs.org/link/react-devtools font-weight:bold @ http://localhost:3000/node_modules/.vite/deps/react-dom-BEjadErz.js?v=d60f55b8:17230
[   83739ms] [ERROR] Failed to load resource: the server responded with a status of 500 (Internal Server Error) @ http://localhost:3000/api/overview/health:0
[   83750ms] [ERROR] Failed to load resource: the server responded with a status of 500 (Internal Server Error) @ http://localhost:3000/api/overview/health:0
[   83754ms] [ERROR] Failed to load resource: the server responded with a status of 500 (Internal Server Error) @ http://localhost:3000/api/ha-incidents/105/entities:0
[   83764ms] [ERROR] Warning: Each child in a list should have a unique "key" prop.%s%s See https://reactjs.org/link/warning-keys for more information.%s 

Check the render method of `IncidentDetailPage`.  
    at div
    at IncidentDetailPage (http://localhost:3000/src/pages/incidents/IncidentDetailPage.tsx?t=1786206611527:168:17)
    at AuthGuard (http://localhost:3000/src/router/AuthGuard.tsx:20:29)
    at RenderedRoute (http://localhost:3000/node_modules/.vite/deps/react-router-dom.js?v=d60f55b8:3821:10)
    at Outlet (http://localhost:3000/node_modules/.vite/deps/react-router-dom.js?v=d60f55b8:4229:27)
    at Suspense
    at main
    at div
    at AppLayout (http://localhost:3000/src/router/AppLayout.tsx:22:24)
    at RenderedRoute (http://localhost:3000/node_modules/.vite/deps/react-router-dom.js?v=d60f55b8:3821:10)
    at RenderErrorBoundary (http://localhost:3000/node_modules/.vite/deps/react-router-dom.js?v=d60f55b8:3788:5)
    at DataRoutes (http://localhost:3000/node_modules/.vite/deps/react-router-dom.js?v=d60f55b8:5096:10)
    at Router (http://localhost:3000/node_modules/.vite/deps/react-router-dom.js?v=d60f55b8:4249:20)
    at RouterProvider (http://localhost:3000/node_modules/.vite/deps/react-router-dom.js?v=d60f55b8:4929:10)
    at Suspense
    at AppInner (http://localhost:3000/src/App.tsx?t=1786206611527:18:30)
    at QueryClientProvider (http://localhost:3000/node_modules/.vite/deps/@tanstack_react-query.js?v=d60f55b8:2995:31)
    at App @ http://localhost:3000/node_modules/.vite/deps/react_jsx-dev-runtime.js?v=d60f55b8:52
[   83766ms] [ERROR] Warning: Each child in a list should have a unique "key" prop.%s%s See https://reactjs.org/link/warning-keys for more information.%s 

Check the render method of `IncidentTimelinePanel`.  
    at li
    at IncidentTimelinePanel (http://localhost:3000/src/pages/incidents/components/IncidentTimelinePanel.tsx?t=1786206611527:72:41)
    at section
    at div
    at div
    at section
    at section
    at div
    at div
    at IncidentDetailPage (http://localhost:3000/src/pages/incidents/IncidentDetailPage.tsx?t=1786206611527:168:17)
    at AuthGuard (http://localhost:3000/src/router/AuthGuard.tsx:20:29)
    at RenderedRoute (http://localhost:3000/node_modules/.vite/deps/react-router-dom.js?v=d60f55b8:3821:10)
    at Outlet (http://localhost:3000/node_modules/.vite/deps/react-router-dom.js?v=d60f55b8:4229:27)
    at Suspense
    at main
    at div
    at AppLayout (http://localhost:3000/src/router/AppLayout.tsx:22:24)
    at RenderedRoute (http://localhost:3000/node_modules/.vite/deps/react-router-dom.js?v=d60f55b8:3821:10)
    at RenderErrorBoundary (http://localhost:3000/node_modules/.vite/deps/react-router-dom.js?v=d60f55b8:3788:5)
    at DataRoutes (http://localhost:3000/node_modules/.vite/deps/react-router-dom.js?v=d60f55b8:5096:10)
    at Router (http://localhost:3000/node_modules/.vite/deps/react-router-dom.js?v=d60f55b8:4249:20)
    at RouterProvider (http://localhost:3000/node_modules/.vite/deps/react-router-dom.js?v=d60f55b8:4929:10)
    at Suspense
    at AppInner (http://localhost:3000/src/App.tsx?t=1786206611527:18:30)
    at QueryClientProvider (http://localhost:3000/node_modules/.vite/deps/@tanstack_react-query.js?v=d60f55b8:2995:31)
    at App @ http://localhost:3000/node_modules/.vite/deps/react_jsx-dev-runtime.js?v=d60f55b8:52
[   83781ms] [ERROR] Failed to load resource: the server responded with a status of 403 (Forbidden) @ http://localhost:3000/api/ha-admin/settings/ai/status:0
[   84766ms] [ERROR] Failed to load resource: the server responded with a status of 500 (Internal Server Error) @ http://localhost:3000/api/ha-incidents/105/entities:0
[  113748ms] [ERROR] Failed to load resource: the server responded with a status of 500 (Internal Server Error) @ http://localhost:3000/api/overview/health:0
[  130257ms] [INFO] %cDownload the React DevTools for a better development experience: https://reactjs.org/link/react-devtools font-weight:bold @ http://localhost:3000/node_modules/.vite/deps/react-dom-BEjadErz.js?v=d60f55b8:17230
[  130313ms] [ERROR] Failed to load resource: the server responded with a status of 500 (Internal Server Error) @ http://localhost:3000/api/overview/health:0
[  130327ms] [ERROR] Failed to load resource: the server responded with a status of 500 (Internal Server Error) @ http://localhost:3000/api/overview/health:0
[  130328ms] [ERROR] Failed to load resource: the server responded with a status of 500 (Internal Server Error) @ http://localhost:3000/api/ha-incidents/105/entities:0
[  130334ms] [ERROR] Warning: Each child in a list should have a unique "key" prop.%s%s See https://reactjs.org/link/warning-keys for more information.%s 

Check the render method of `IncidentDetailPage`.  
    at div
    at IncidentDetailPage (http://localhost:3000/src/pages/incidents/IncidentDetailPage.tsx?t=1786206658046:168:17)
    at AuthGuard (http://localhost:3000/src/router/AuthGuard.tsx:20:29)
    at RenderedRoute (http://localhost:3000/node_modules/.vite/deps/react-router-dom.js?v=d60f55b8:3821:10)
    at Outlet (http://localhost:3000/node_modules/.vite/deps/react-router-dom.js?v=d60f55b8:4229:27)
    at Suspense
    at main
    at div
    at AppLayout (http://localhost:3000/src/router/AppLayout.tsx:22:24)
    at RenderedRoute (http://localhost:3000/node_modules/.vite/deps/react-router-dom.js?v=d60f55b8:3821:10)
    at RenderErrorBoundary (http://localhost:3000/node_modules/.vite/deps/react-router-dom.js?v=d60f55b8:3788:5)
    at DataRoutes (http://localhost:3000/node_modules/.vite/deps/react-router-dom.js?v=d60f55b8:5096:10)
    at Router (http://localhost:3000/node_modules/.vite/deps/react-router-dom.js?v=d60f55b8:4249:20)
    at RouterProvider (http://localhost:3000/node_modules/.vite/deps/react-router-dom.js?v=d60f55b8:4929:10)
    at Suspense
    at AppInner (http://localhost:3000/src/App.tsx?t=1786206658046:18:30)
    at QueryClientProvider (http://localhost:3000/node_modules/.vite/deps/@tanstack_react-query.js?v=d60f55b8:2995:31)
    at App @ http://localhost:3000/node_modules/.vite/deps/react_jsx-dev-runtime.js?v=d60f55b8:52
[  130336ms] [ERROR] Warning: Each child in a list should have a unique "key" prop.%s%s See https://reactjs.org/link/warning-keys for more information.%s 

Check the render method of `IncidentTimelinePanel`.  
    at li
    at IncidentTimelinePanel (http://localhost:3000/src/pages/incidents/components/IncidentTimelinePanel.tsx?t=1786206658046:72:41)
    at section
    at div
    at div
    at section
    at section
    at div
    at div
    at IncidentDetailPage (http://localhost:3000/src/pages/incidents/IncidentDetailPage.tsx?t=1786206658046:168:17)
    at AuthGuard (http://localhost:3000/src/router/AuthGuard.tsx:20:29)
    at RenderedRoute (http://localhost:3000/node_modules/.vite/deps/react-router-dom.js?v=d60f55b8:3821:10)
    at Outlet (http://localhost:3000/node_modules/.vite/deps/react-router-dom.js?v=d60f55b8:4229:27)
    at Suspense
    at main
    at div
    at AppLayout (http://localhost:3000/src/router/AppLayout.tsx:22:24)
    at RenderedRoute (http://localhost:3000/node_modules/.vite/deps/react-router-dom.js?v=d60f55b8:3821:10)
    at RenderErrorBoundary (http://localhost:3000/node_modules/.vite/deps/react-router-dom.js?v=d60f55b8:3788:5)
    at DataRoutes (http://localhost:3000/node_modules/.vite/deps/react-router-dom.js?v=d60f55b8:5096:10)
    at Router (http://localhost:3000/node_modules/.vite/deps/react-router-dom.js?v=d60f55b8:4249:20)
    at RouterProvider (http://localhost:3000/node_modules/.vite/deps/react-router-dom.js?v=d60f55b8:4929:10)
    at Suspense
    at AppInner (http://localhost:3000/src/App.tsx?t=1786206658046:18:30)
    at QueryClientProvider (http://localhost:3000/node_modules/.vite/deps/@tanstack_react-query.js?v=d60f55b8:2995:31)
    at App @ http://localhost:3000/node_modules/.vite/deps/react_jsx-dev-runtime.js?v=d60f55b8:52
[  130353ms] [ERROR] Failed to load resource: the server responded with a status of 403 (Forbidden) @ http://localhost:3000/api/ha-admin/settings/ai/status:0
[  131343ms] [ERROR] Failed to load resource: the server responded with a status of 500 (Internal Server Error) @ http://localhost:3000/api/ha-incidents/105/entities:0
[  160320ms] [ERROR] Failed to load resource: the server responded with a status of 500 (Internal Server Error) @ http://localhost:3000/api/overview/health:0
[  161714ms] [INFO] %cDownload the React DevTools for a better development experience: https://reactjs.org/link/react-devtools font-weight:bold @ http://localhost:3000/node_modules/.vite/deps/react-dom-BEjadErz.js?v=d60f55b8:17230
[  161774ms] [ERROR] Failed to load resource: the server responded with a status of 500 (Internal Server Error) @ http://localhost:3000/api/overview/health:0
[  161784ms] [ERROR] Failed to load resource: the server responded with a status of 500 (Internal Server Error) @ http://localhost:3000/api/overview/health:0
[  161788ms] [ERROR] Failed to load resource: the server responded with a status of 500 (Internal Server Error) @ http://localhost:3000/api/ha-incidents/105/entities:0
[  161799ms] [ERROR] Warning: Each child in a list should have a unique "key" prop.%s%s See https://reactjs.org/link/warning-keys for more information.%s 

Check the render method of `IncidentDetailPage`.  
    at div
    at IncidentDetailPage (http://localhost:3000/src/pages/incidents/IncidentDetailPage.tsx?t=1786206689535:168:17)
    at AuthGuard (http://localhost:3000/src/router/AuthGuard.tsx:20:29)
    at RenderedRoute (http://localhost:3000/node_modules/.vite/deps/react-router-dom.js?v=d60f55b8:3821:10)
    at Outlet (http://localhost:3000/node_modules/.vite/deps/react-router-dom.js?v=d60f55b8:4229:27)
    at Suspense
    at main
    at div
    at AppLayout (http://localhost:3000/src/router/AppLayout.tsx:22:24)
    at RenderedRoute (http://localhost:3000/node_modules/.vite/deps/react-router-dom.js?v=d60f55b8:3821:10)
    at RenderErrorBoundary (http://localhost:3000/node_modules/.vite/deps/react-router-dom.js?v=d60f55b8:3788:5)
    at DataRoutes (http://localhost:3000/node_modules/.vite/deps/react-router-dom.js?v=d60f55b8:5096:10)
    at Router (http://localhost:3000/node_modules/.vite/deps/react-router-dom.js?v=d60f55b8:4249:20)
    at RouterProvider (http://localhost:3000/node_modules/.vite/deps/react-router-dom.js?v=d60f55b8:4929:10)
    at Suspense
    at AppInner (http://localhost:3000/src/App.tsx?t=1786206689535:18:30)
    at QueryClientProvider (http://localhost:3000/node_modules/.vite/deps/@tanstack_react-query.js?v=d60f55b8:2995:31)
    at App @ http://localhost:3000/node_modules/.vite/deps/react_jsx-dev-runtime.js?v=d60f55b8:52
[  161801ms] [ERROR] Warning: Each child in a list should have a unique "key" prop.%s%s See https://reactjs.org/link/warning-keys for more information.%s 

Check the render method of `IncidentTimelinePanel`.  
    at li
    at IncidentTimelinePanel (http://localhost:3000/src/pages/incidents/components/IncidentTimelinePanel.tsx?t=1786206689535:72:41)
    at section
    at div
    at div
    at section
    at section
    at div
    at div
    at IncidentDetailPage (http://localhost:3000/src/pages/incidents/IncidentDetailPage.tsx?t=1786206689535:168:17)
    at AuthGuard (http://localhost:3000/src/router/AuthGuard.tsx:20:29)
    at RenderedRoute (http://localhost:3000/node_modules/.vite/deps/react-router-dom.js?v=d60f55b8:3821:10)
    at Outlet (http://localhost:3000/node_modules/.vite/deps/react-router-dom.js?v=d60f55b8:4229:27)
    at Suspense
    at main
    at div
    at AppLayout (http://localhost:3000/src/router/AppLayout.tsx:22:24)
    at RenderedRoute (http://localhost:3000/node_modules/.vite/deps/react-router-dom.js?v=d60f55b8:3821:10)
    at RenderErrorBoundary (http://localhost:3000/node_modules/.vite/deps/react-router-dom.js?v=d60f55b8:3788:5)
    at DataRoutes (http://localhost:3000/node_modules/.vite/deps/react-router-dom.js?v=d60f55b8:5096:10)
    at Router (http://localhost:3000/node_modules/.vite/deps/react-router-dom.js?v=d60f55b8:4249:20)
    at RouterProvider (http://localhost:3000/node_modules/.vite/deps/react-router-dom.js?v=d60f55b8:4929:10)
    at Suspense
    at AppInner (http://localhost:3000/src/App.tsx?t=1786206689535:18:30)
    at QueryClientProvider (http://localhost:3000/node_modules/.vite/deps/@tanstack_react-query.js?v=d60f55b8:2995:31)
    at App @ http://localhost:3000/node_modules/.vite/deps/react_jsx-dev-runtime.js?v=d60f55b8:52
[  161813ms] [ERROR] Failed to load resource: the server responded with a status of 403 (Forbidden) @ http://localhost:3000/api/ha-admin/settings/ai/status:0
[  162803ms] [ERROR] Failed to load resource: the server responded with a status of 500 (Internal Server Error) @ http://localhost:3000/api/ha-incidents/105/entities:0
