[      25ms] [ERROR] Failed to load resource: the server responded with a status of 401 (Unauthorized) @ http://localhost:3000/api/ha-oidc/providers/enabled:0
[      69ms] [INFO] %cDownload the React DevTools for a better development experience: https://reactjs.org/link/react-devtools font-weight:bold @ http://localhost:3000/node_modules/.vite/deps/react-dom-BEjadErz.js?v=d60f55b8:17230
[     102ms] [ERROR] Failed to load resource: the server responded with a status of 401 (Unauthorized) @ http://localhost:3000/api/overview/health:0
[     108ms] [ERROR] Failed to load resource: the server responded with a status of 401 (Unauthorized) @ http://localhost:3000/api/overview/health:0
[      69ms] [INFO] %cDownload the React DevTools for a better development experience: https://reactjs.org/link/react-devtools font-weight:bold @ http://localhost:3000/node_modules/.vite/deps/react-dom-BEjadErz.js?v=d60f55b8:17230
[     102ms] [ERROR] Failed to load resource: the server responded with a status of 401 (Unauthorized) @ http://localhost:3000/api/overview/health:0
[     108ms] [ERROR] Failed to load resource: the server responded with a status of 401 (Unauthorized) @ http://localhost:3000/api/overview/health:0
[     135ms] [ERROR] Failed to load resource: the server responded with a status of 401 (Unauthorized) @ http://localhost:3000/api/ha-oidc/providers/enabled:0
[     421ms] [INFO] %cDownload the React DevTools for a better development experience: https://reactjs.org/link/react-devtools font-weight:bold @ http://localhost:3000/node_modules/.vite/deps/react-dom-BEjadErz.js?v=d60f55b8:17230
[     463ms] [ERROR] Failed to load resource: the server responded with a status of 401 (Unauthorized) @ http://localhost:3000/api/ha-oidc/providers/enabled:0
[     527ms] [INFO] %cDownload the React DevTools for a better development experience: https://reactjs.org/link/react-devtools font-weight:bold @ http://localhost:3000/node_modules/.vite/deps/react-dom-BEjadErz.js?v=d60f55b8:17230
[     569ms] [ERROR] Failed to load resource: the server responded with a status of 401 (Unauthorized) @ http://localhost:3000/api/ha-oidc/providers/enabled:0
[     636ms] [INFO] %cDownload the React DevTools for a better development experience: https://reactjs.org/link/react-devtools font-weight:bold @ http://localhost:3000/node_modules/.vite/deps/react-dom-BEjadErz.js?v=d60f55b8:17230
[     673ms] [ERROR] Failed to load resource: the server responded with a status of 401 (Unauthorized) @ http://localhost:3000/api/ha-oidc/providers/enabled:0
[     734ms] [INFO] %cDownload the React DevTools for a better development experience: https://reactjs.org/link/react-devtools font-weight:bold @ http://localhost:3000/node_modules/.vite/deps/react-dom-BEjadErz.js?v=d60f55b8:17230
[     775ms] [ERROR] Failed to load resource: the server responded with a status of 401 (Unauthorized) @ http://localhost:3000/api/ha-oidc/providers/enabled:0
[     866ms] [INFO] %cDownload the React DevTools for a better development experience: https://reactjs.org/link/react-devtools font-weight:bold @ http://localhost:3000/node_modules/.vite/deps/react-dom-BEjadErz.js?v=d60f55b8:17230
[     905ms] [ERROR] Failed to load resource: the server responded with a status of 401 (Unauthorized) @ http://localhost:3000/api/ha-oidc/providers/enabled:0
[     967ms] [INFO] %cDownload the React DevTools for a better development experience: https://reactjs.org/link/react-devtools font-weight:bold @ http://localhost:3000/node_modules/.vite/deps/react-dom-BEjadErz.js?v=d60f55b8:17230
[    1000ms] [ERROR] Failed to load resource: the server responded with a status of 401 (Unauthorized) @ http://localhost:3000/api/ha-oidc/providers/enabled:0
[    1065ms] [INFO] %cDownload the React DevTools for a better development experience: https://reactjs.org/link/react-devtools font-weight:bold @ http://localhost:3000/node_modules/.vite/deps/react-dom-BEjadErz.js?v=d60f55b8:17230
[    1102ms] [ERROR] Failed to load resource: the server responded with a status of 401 (Unauthorized) @ http://localhost:3000/api/ha-oidc/providers/enabled:0
[    1169ms] [INFO] %cDownload the React DevTools for a better development experience: https://reactjs.org/link/react-devtools font-weight:bold @ http://localhost:3000/node_modules/.vite/deps/react-dom-BEjadErz.js?v=d60f55b8:17230
[    1205ms] [ERROR] Failed to load resource: the server responded with a status of 401 (Unauthorized) @ http://localhost:3000/api/ha-oidc/providers/enabled:0
[    1274ms] [INFO] %cDownload the React DevTools for a better development experience: https://reactjs.org/link/react-devtools font-weight:bold @ http://localhost:3000/node_modules/.vite/deps/react-dom-BEjadErz.js?v=d60f55b8:17230
[    1310ms] [ERROR] Failed to load resource: the server responded with a status of 401 (Unauthorized) @ http://localhost:3000/api/ha-oidc/providers/enabled:0
[    1377ms] [INFO] %cDownload the React DevTools for a better development experience: https://reactjs.org/link/react-devtools font-weight:bold @ http://localhost:3000/node_modules/.vite/deps/react-dom-BEjadErz.js?v=d60f55b8:17230
[    1418ms] [ERROR] Failed to load resource: the server responded with a status of 401 (Unauthorized) @ http://localhost:3000/api/ha-oidc/providers/enabled:0
[    1499ms] [INFO] %cDownload the React DevTools for a better development experience: https://reactjs.org/link/react-devtools font-weight:bold @ http://localhost:3000/node_modules/.vite/deps/react-dom-BEjadErz.js?v=d60f55b8:17230
[    1541ms] [ERROR] Failed to load resource: the server responded with a status of 401 (Unauthorized) @ http://localhost:3000/api/ha-oidc/providers/enabled:0
[    1604ms] [INFO] %cDownload the React DevTools for a better development experience: https://reactjs.org/link/react-devtools font-weight:bold @ http://localhost:3000/node_modules/.vite/deps/react-dom-BEjadErz.js?v=d60f55b8:17230
[    1638ms] [ERROR] Failed to load resource: the server responded with a status of 401 (Unauthorized) @ http://localhost:3000/api/ha-oidc/providers/enabled:0
[    1714ms] [INFO] %cDownload the React DevTools for a better development experience: https://reactjs.org/link/react-devtools font-weight:bold @ http://localhost:3000/node_modules/.vite/deps/react-dom-BEjadErz.js?v=d60f55b8:17230
[    1749ms] [ERROR] Failed to load resource: the server responded with a status of 401 (Unauthorized) @ http://localhost:3000/api/ha-oidc/providers/enabled:0
[    1808ms] [INFO] %cDownload the React DevTools for a better development experience: https://reactjs.org/link/react-devtools font-weight:bold @ http://localhost:3000/node_modules/.vite/deps/react-dom-BEjadErz.js?v=d60f55b8:17230
[    1843ms] [ERROR] Failed to load resource: the server responded with a status of 401 (Unauthorized) @ http://localhost:3000/api/ha-oidc/providers/enabled:0
[    1907ms] [INFO] %cDownload the React DevTools for a better development experience: https://reactjs.org/link/react-devtools font-weight:bold @ http://localhost:3000/node_modules/.vite/deps/react-dom-BEjadErz.js?v=d60f55b8:17230
[    1944ms] [ERROR] Failed to load resource: the server responded with a status of 401 (Unauthorized) @ http://localhost:3000/api/ha-oidc/providers/enabled:0
[    2014ms] [INFO] %cDownload the React DevTools for a better development experience: https://reactjs.org/link/react-devtools font-weight:bold @ http://localhost:3000/node_modules/.vite/deps/react-dom-BEjadErz.js?v=d60f55b8:17230
[    2048ms] [ERROR] Failed to load resource: the server responded with a status of 401 (Unauthorized) @ http://localhost:3000/api/ha-oidc/providers/enabled:0
[    2112ms] [INFO] %cDownload the React DevTools for a better development experience: https://reactjs.org/link/react-devtools font-weight:bold @ http://localhost:3000/node_modules/.vite/deps/react-dom-BEjadErz.js?v=d60f55b8:17230
[    2148ms] [ERROR] Failed to load resource: the server responded with a status of 401 (Unauthorized) @ http://localhost:3000/api/ha-oidc/providers/enabled:0
[    2209ms] [INFO] %cDownload the React DevTools for a better development experience: https://reactjs.org/link/react-devtools font-weight:bold @ http://localhost:3000/node_modules/.vite/deps/react-dom-BEjadErz.js?v=d60f55b8:17230
[    2242ms] [ERROR] Failed to load resource: the server responded with a status of 401 (Unauthorized) @ http://localhost:3000/api/ha-oidc/providers/enabled:0
[    2312ms] [INFO] %cDownload the React DevTools for a better development experience: https://reactjs.org/link/react-devtools font-weight:bold @ http://localhost:3000/node_modules/.vite/deps/react-dom-BEjadErz.js?v=d60f55b8:17230
[    2352ms] [ERROR] Failed to load resource: the server responded with a status of 401 (Unauthorized) @ http://localhost:3000/api/ha-oidc/providers/enabled:0
[    2422ms] [INFO] %cDownload the React DevTools for a better development experience: https://reactjs.org/link/react-devtools font-weight:bold @ http://localhost:3000/node_modules/.vite/deps/react-dom-BEjadErz.js?v=d60f55b8:17230
[    2457ms] [ERROR] Failed to load resource: the server responded with a status of 401 (Unauthorized) @ http://localhost:3000/api/ha-oidc/providers/enabled:0
[    2528ms] [INFO] %cDownload the React DevTools for a better development experience: https://reactjs.org/link/react-devtools font-weight:bold @ http://localhost:3000/node_modules/.vite/deps/react-dom-BEjadErz.js?v=d60f55b8:17230
[    2568ms] [ERROR] Failed to load resource: the server responded with a status of 401 (Unauthorized) @ http://localhost:3000/api/ha-oidc/providers/enabled:0
[    2638ms] [INFO] %cDownload the React DevTools for a better development experience: https://reactjs.org/link/react-devtools font-weight:bold @ http://localhost:3000/node_modules/.vite/deps/react-dom-BEjadErz.js?v=d60f55b8:17230
[    2674ms] [ERROR] Failed to load resource: the server responded with a status of 401 (Unauthorized) @ http://localhost:3000/api/ha-oidc/providers/enabled:0
[    2744ms] [INFO] %cDownload the React DevTools for a better development experience: https://reactjs.org/link/react-devtools font-weight:bold @ http://localhost:3000/node_modules/.vite/deps/react-dom-BEjadErz.js?v=d60f55b8:17230
[    2782ms] [ERROR] Failed to load resource: the server responded with a status of 401 (Unauthorized) @ http://localhost:3000/api/ha-oidc/providers/enabled:0
[    2856ms] [INFO] %cDownload the React DevTools for a better development experience: https://reactjs.org/link/react-devtools font-weight:bold @ http://localhost:3000/node_modules/.vite/deps/react-dom-BEjadErz.js?v=d60f55b8:17230
[    2897ms] [ERROR] Failed to load resource: the server responded with a status of 401 (Unauthorized) @ http://localhost:3000/api/ha-oidc/providers/enabled:0
[    2973ms] [INFO] %cDownload the React DevTools for a better development experience: https://reactjs.org/link/react-devtools font-weight:bold @ http://localhost:3000/node_modules/.vite/deps/react-dom-BEjadErz.js?v=d60f55b8:17230
[    3011ms] [ERROR] Failed to load resource: the server responded with a status of 401 (Unauthorized) @ http://localhost:3000/api/ha-oidc/providers/enabled:0
[    3078ms] [INFO] %cDownload the React DevTools for a better development experience: https://reactjs.org/link/react-devtools font-weight:bold @ http://localhost:3000/node_modules/.vite/deps/react-dom-BEjadErz.js?v=d60f55b8:17230
[    3113ms] [ERROR] Failed to load resource: the server responded with a status of 401 (Unauthorized) @ http://localhost:3000/api/ha-oidc/providers/enabled:0
[    3177ms] [INFO] %cDownload the React DevTools for a better development experience: https://reactjs.org/link/react-devtools font-weight:bold @ http://localhost:3000/node_modules/.vite/deps/react-dom-BEjadErz.js?v=d60f55b8:17230
[    3216ms] [ERROR] Failed to load resource: the server responded with a status of 401 (Unauthorized) @ http://localhost:3000/api/ha-oidc/providers/enabled:0
[    3276ms] [INFO] %cDownload the React DevTools for a better development experience: https://reactjs.org/link/react-devtools font-weight:bold @ http://localhost:3000/node_modules/.vite/deps/react-dom-BEjadErz.js?v=d60f55b8:17230
[    3312ms] [ERROR] Failed to load resource: the server responded with a status of 401 (Unauthorized) @ http://localhost:3000/api/ha-oidc/providers/enabled:0
[    3374ms] [INFO] %cDownload the React DevTools for a better development experience: https://reactjs.org/link/react-devtools font-weight:bold @ http://localhost:3000/node_modules/.vite/deps/react-dom-BEjadErz.js?v=d60f55b8:17230
[    3413ms] [ERROR] Failed to load resource: the server responded with a status of 401 (Unauthorized) @ http://localhost:3000/api/ha-oidc/providers/enabled:0
[    3474ms] [INFO] %cDownload the React DevTools for a better development experience: https://reactjs.org/link/react-devtools font-weight:bold @ http://localhost:3000/node_modules/.vite/deps/react-dom-BEjadErz.js?v=d60f55b8:17230
[    3509ms] [ERROR] Failed to load resource: the server responded with a status of 401 (Unauthorized) @ http://localhost:3000/api/ha-oidc/providers/enabled:0
[    3569ms] [INFO] %cDownload the React DevTools for a better development experience: https://reactjs.org/link/react-devtools font-weight:bold @ http://localhost:3000/node_modules/.vite/deps/react-dom-BEjadErz.js?v=d60f55b8:17230
[    3610ms] [ERROR] Failed to load resource: the server responded with a status of 401 (Unauthorized) @ http://localhost:3000/api/ha-oidc/providers/enabled:0
[    3670ms] [INFO] %cDownload the React DevTools for a better development experience: https://reactjs.org/link/react-devtools font-weight:bold @ http://localhost:3000/node_modules/.vite/deps/react-dom-BEjadErz.js?v=d60f55b8:17230
[    3703ms] [ERROR] Failed to load resource: the server responded with a status of 401 (Unauthorized) @ http://localhost:3000/api/ha-oidc/providers/enabled:0
[    3765ms] [INFO] %cDownload the React DevTools for a better development experience: https://reactjs.org/link/react-devtools font-weight:bold @ http://localhost:3000/node_modules/.vite/deps/react-dom-BEjadErz.js?v=d60f55b8:17230
[    3802ms] [ERROR] Failed to load resource: the server responded with a status of 401 (Unauthorized) @ http://localhost:3000/api/ha-oidc/providers/enabled:0
[    3863ms] [INFO] %cDownload the React DevTools for a better development experience: https://reactjs.org/link/react-devtools font-weight:bold @ http://localhost:3000/node_modules/.vite/deps/react-dom-BEjadErz.js?v=d60f55b8:17230
[    3897ms] [ERROR] Failed to load resource: the server responded with a status of 401 (Unauthorized) @ http://localhost:3000/api/ha-oidc/providers/enabled:0
[    3959ms] [INFO] %cDownload the React DevTools for a better development experience: https://reactjs.org/link/react-devtools font-weight:bold @ http://localhost:3000/node_modules/.vite/deps/react-dom-BEjadErz.js?v=d60f55b8:17230
[    3996ms] [ERROR] Failed to load resource: the server responded with a status of 401 (Unauthorized) @ http://localhost:3000/api/ha-oidc/providers/enabled:0
[    4057ms] [INFO] %cDownload the React DevTools for a better development experience: https://reactjs.org/link/react-devtools font-weight:bold @ http://localhost:3000/node_modules/.vite/deps/react-dom-BEjadErz.js?v=d60f55b8:17230
[    4092ms] [ERROR] Failed to load resource: the server responded with a status of 401 (Unauthorized) @ http://localhost:3000/api/ha-oidc/providers/enabled:0
[    4154ms] [INFO] %cDownload the React DevTools for a better development experience: https://reactjs.org/link/react-devtools font-weight:bold @ http://localhost:3000/node_modules/.vite/deps/react-dom-BEjadErz.js?v=d60f55b8:17230
[    4191ms] [ERROR] Failed to load resource: the server responded with a status of 401 (Unauthorized) @ http://localhost:3000/api/ha-oidc/providers/enabled:0
[    4252ms] [INFO] %cDownload the React DevTools for a better development experience: https://reactjs.org/link/react-devtools font-weight:bold @ http://localhost:3000/node_modules/.vite/deps/react-dom-BEjadErz.js?v=d60f55b8:17230
[    4285ms] [ERROR] Failed to load resource: the server responded with a status of 401 (Unauthorized) @ http://localhost:3000/api/ha-oidc/providers/enabled:0
[    4351ms] [INFO] %cDownload the React DevTools for a better development experience: https://reactjs.org/link/react-devtools font-weight:bold @ http://localhost:3000/node_modules/.vite/deps/react-dom-BEjadErz.js?v=d60f55b8:17230
[    4389ms] [ERROR] Failed to load resource: the server responded with a status of 401 (Unauthorized) @ http://localhost:3000/api/ha-oidc/providers/enabled:0
[    4451ms] [INFO] %cDownload the React DevTools for a better development experience: https://reactjs.org/link/react-devtools font-weight:bold @ http://localhost:3000/node_modules/.vite/deps/react-dom-BEjadErz.js?v=d60f55b8:17230
[    4484ms] [ERROR] Failed to load resource: the server responded with a status of 401 (Unauthorized) @ http://localhost:3000/api/ha-oidc/providers/enabled:0
[    4546ms] [INFO] %cDownload the React DevTools for a better development experience: https://reactjs.org/link/react-devtools font-weight:bold @ http://localhost:3000/node_modules/.vite/deps/react-dom-BEjadErz.js?v=d60f55b8:17230
[    4582ms] [ERROR] Failed to load resource: the server responded with a status of 401 (Unauthorized) @ http://localhost:3000/api/ha-oidc/providers/enabled:0
[    4643ms] [INFO] %cDownload the React DevTools for a better development experience: https://reactjs.org/link/react-devtools font-weight:bold @ http://localhost:3000/node_modules/.vite/deps/react-dom-BEjadErz.js?v=d60f55b8:17230
[    4677ms] [ERROR] Failed to load resource: the server responded with a status of 401 (Unauthorized) @ http://localhost:3000/api/ha-oidc/providers/enabled:0
[    4737ms] [INFO] %cDownload the React DevTools for a better development experience: https://reactjs.org/link/react-devtools font-weight:bold @ http://localhost:3000/node_modules/.vite/deps/react-dom-BEjadErz.js?v=d60f55b8:17230
[    4775ms] [ERROR] Failed to load resource: the server responded with a status of 401 (Unauthorized) @ http://localhost:3000/api/ha-oidc/providers/enabled:0
[    4837ms] [INFO] %cDownload the React DevTools for a better development experience: https://reactjs.org/link/react-devtools font-weight:bold @ http://localhost:3000/node_modules/.vite/deps/react-dom-BEjadErz.js?v=d60f55b8:17230
[    4872ms] [ERROR] Failed to load resource: the server responded with a status of 401 (Unauthorized) @ http://localhost:3000/api/ha-oidc/providers/enabled:0
[    4933ms] [INFO] %cDownload the React DevTools for a better development experience: https://reactjs.org/link/react-devtools font-weight:bold @ http://localhost:3000/node_modules/.vite/deps/react-dom-BEjadErz.js?v=d60f55b8:17230
[    4971ms] [ERROR] Failed to load resource: the server responded with a status of 401 (Unauthorized) @ http://localhost:3000/api/ha-oidc/providers/enabled:0
[    5034ms] [INFO] %cDownload the React DevTools for a better development experience: https://reactjs.org/link/react-devtools font-weight:bold @ http://localhost:3000/node_modules/.vite/deps/react-dom-BEjadErz.js?v=d60f55b8:17230
[    5069ms] [ERROR] Failed to load resource: the server responded with a status of 401 (Unauthorized) @ http://localhost:3000/api/ha-oidc/providers/enabled:0
[    5134ms] [INFO] %cDownload the React DevTools for a better development experience: https://reactjs.org/link/react-devtools font-weight:bold @ http://localhost:3000/node_modules/.vite/deps/react-dom-BEjadErz.js?v=d60f55b8:17230
[    5170ms] [ERROR] Failed to load resource: the server responded with a status of 401 (Unauthorized) @ http://localhost:3000/api/ha-oidc/providers/enabled:0
[    5233ms] [INFO] %cDownload the React DevTools for a better development experience: https://reactjs.org/link/react-devtools font-weight:bold @ http://localhost:3000/node_modules/.vite/deps/react-dom-BEjadErz.js?v=d60f55b8:17230
[    5268ms] [ERROR] Failed to load resource: the server responded with a status of 401 (Unauthorized) @ http://localhost:3000/api/ha-oidc/providers/enabled:0
[    5329ms] [INFO] %cDownload the React DevTools for a better development experience: https://reactjs.org/link/react-devtools font-weight:bold @ http://localhost:3000/node_modules/.vite/deps/react-dom-BEjadErz.js?v=d60f55b8:17230
[    5367ms] [ERROR] Failed to load resource: the server responded with a status of 401 (Unauthorized) @ http://localhost:3000/api/ha-oidc/providers/enabled:0
[    5428ms] [INFO] %cDownload the React DevTools for a better development experience: https://reactjs.org/link/react-devtools font-weight:bold @ http://localhost:3000/node_modules/.vite/deps/react-dom-BEjadErz.js?v=d60f55b8:17230
[    5464ms] [ERROR] Failed to load resource: the server responded with a status of 401 (Unauthorized) @ http://localhost:3000/api/ha-oidc/providers/enabled:0
[    5533ms] [INFO] %cDownload the React DevTools for a better development experience: https://reactjs.org/link/react-devtools font-weight:bold @ http://localhost:3000/node_modules/.vite/deps/react-dom-BEjadErz.js?v=d60f55b8:17230
[    5571ms] [ERROR] Failed to load resource: the server responded with a status of 401 (Unauthorized) @ http://localhost:3000/api/ha-oidc/providers/enabled:0
[    5635ms] [INFO] %cDownload the React DevTools for a better development experience: https://reactjs.org/link/react-devtools font-weight:bold @ http://localhost:3000/node_modules/.vite/deps/react-dom-BEjadErz.js?v=d60f55b8:17230
[    5667ms] [ERROR] Failed to load resource: the server responded with a status of 401 (Unauthorized) @ http://localhost:3000/api/ha-oidc/providers/enabled:0
[    5733ms] [INFO] %cDownload the React DevTools for a better development experience: https://reactjs.org/link/react-devtools font-weight:bold @ http://localhost:3000/node_modules/.vite/deps/react-dom-BEjadErz.js?v=d60f55b8:17230
[    5773ms] [ERROR] Failed to load resource: the server responded with a status of 401 (Unauthorized) @ http://localhost:3000/api/ha-oidc/providers/enabled:0
[    5841ms] [INFO] %cDownload the React DevTools for a better development experience: https://reactjs.org/link/react-devtools font-weight:bold @ http://localhost:3000/node_modules/.vite/deps/react-dom-BEjadErz.js?v=d60f55b8:17230
[    5875ms] [ERROR] Failed to load resource: the server responded with a status of 401 (Unauthorized) @ http://localhost:3000/api/ha-oidc/providers/enabled:0
[    5942ms] [INFO] %cDownload the React DevTools for a better development experience: https://reactjs.org/link/react-devtools font-weight:bold @ http://localhost:3000/node_modules/.vite/deps/react-dom-BEjadErz.js?v=d60f55b8:17230
[    5980ms] [ERROR] Failed to load resource: the server responded with a status of 401 (Unauthorized) @ http://localhost:3000/api/ha-oidc/providers/enabled:0
[    6048ms] [INFO] %cDownload the React DevTools for a better development experience: https://reactjs.org/link/react-devtools font-weight:bold @ http://localhost:3000/node_modules/.vite/deps/react-dom-BEjadErz.js?v=d60f55b8:17230
[    6081ms] [ERROR] Failed to load resource: the server responded with a status of 401 (Unauthorized) @ http://localhost:3000/api/ha-oidc/providers/enabled:0
[    6147ms] [INFO] %cDownload the React DevTools for a better development experience: https://reactjs.org/link/react-devtools font-weight:bold @ http://localhost:3000/node_modules/.vite/deps/react-dom-BEjadErz.js?v=d60f55b8:17230
[    6185ms] [ERROR] Failed to load resource: the server responded with a status of 401 (Unauthorized) @ http://localhost:3000/api/ha-oidc/providers/enabled:0
[    6254ms] [INFO] %cDownload the React DevTools for a better development experience: https://reactjs.org/link/react-devtools font-weight:bold @ http://localhost:3000/node_modules/.vite/deps/react-dom-BEjadErz.js?v=d60f55b8:17230
[    6290ms] [ERROR] Failed to load resource: the server responded with a status of 401 (Unauthorized) @ http://localhost:3000/api/ha-oidc/providers/enabled:0
[    6380ms] [INFO] %cDownload the React DevTools for a better development experience: https://reactjs.org/link/react-devtools font-weight:bold @ http://localhost:3000/node_modules/.vite/deps/react-dom-BEjadErz.js?v=d60f55b8:17230
[    6420ms] [ERROR] Failed to load resource: the server responded with a status of 401 (Unauthorized) @ http://localhost:3000/api/ha-oidc/providers/enabled:0
[    6522ms] [INFO] %cDownload the React DevTools for a better development experience: https://reactjs.org/link/react-devtools font-weight:bold @ http://localhost:3000/node_modules/.vite/deps/react-dom-BEjadErz.js?v=d60f55b8:17230
[    6578ms] [ERROR] Failed to load resource: the server responded with a status of 401 (Unauthorized) @ http://localhost:3000/api/ha-oidc/providers/enabled:0
[    6646ms] [INFO] %cDownload the React DevTools for a better development experience: https://reactjs.org/link/react-devtools font-weight:bold @ http://localhost:3000/node_modules/.vite/deps/react-dom-BEjadErz.js?v=d60f55b8:17230
[    6690ms] [ERROR] Failed to load resource: the server responded with a status of 401 (Unauthorized) @ http://localhost:3000/api/ha-oidc/providers/enabled:0
[    6756ms] [INFO] %cDownload the React DevTools for a better development experience: https://reactjs.org/link/react-devtools font-weight:bold @ http://localhost:3000/node_modules/.vite/deps/react-dom-BEjadErz.js?v=d60f55b8:17230
[    6797ms] [ERROR] Failed to load resource: the server responded with a status of 401 (Unauthorized) @ http://localhost:3000/api/ha-oidc/providers/enabled:0
[    6858ms] [INFO] %cDownload the React DevTools for a better development experience: https://reactjs.org/link/react-devtools font-weight:bold @ http://localhost:3000/node_modules/.vite/deps/react-dom-BEjadErz.js?v=d60f55b8:17230
[    6890ms] [ERROR] Failed to load resource: the server responded with a status of 401 (Unauthorized) @ http://localhost:3000/api/ha-oidc/providers/enabled:0
[    6953ms] [INFO] %cDownload the React DevTools for a better development experience: https://reactjs.org/link/react-devtools font-weight:bold @ http://localhost:3000/node_modules/.vite/deps/react-dom-BEjadErz.js?v=d60f55b8:17230
[    6994ms] [ERROR] Failed to load resource: the server responded with a status of 401 (Unauthorized) @ http://localhost:3000/api/ha-oidc/providers/enabled:0
[    7058ms] [INFO] %cDownload the React DevTools for a better development experience: https://reactjs.org/link/react-devtools font-weight:bold @ http://localhost:3000/node_modules/.vite/deps/react-dom-BEjadErz.js?v=d60f55b8:17230
[    7093ms] [ERROR] Failed to load resource: the server responded with a status of 401 (Unauthorized) @ http://localhost:3000/api/ha-oidc/providers/enabled:0
[    7153ms] [INFO] %cDownload the React DevTools for a better development experience: https://reactjs.org/link/react-devtools font-weight:bold @ http://localhost:3000/node_modules/.vite/deps/react-dom-BEjadErz.js?v=d60f55b8:17230
[    7192ms] [ERROR] Failed to load resource: the server responded with a status of 401 (Unauthorized) @ http://localhost:3000/api/ha-oidc/providers/enabled:0
[    7258ms] [INFO] %cDownload the React DevTools for a better development experience: https://reactjs.org/link/react-devtools font-weight:bold @ http://localhost:3000/node_modules/.vite/deps/react-dom-BEjadErz.js?v=d60f55b8:17230
[    7293ms] [ERROR] Failed to load resource: the server responded with a status of 401 (Unauthorized) @ http://localhost:3000/api/ha-oidc/providers/enabled:0
[    7358ms] [INFO] %cDownload the React DevTools for a better development experience: https://reactjs.org/link/react-devtools font-weight:bold @ http://localhost:3000/node_modules/.vite/deps/react-dom-BEjadErz.js?v=d60f55b8:17230
[    7396ms] [ERROR] Failed to load resource: the server responded with a status of 401 (Unauthorized) @ http://localhost:3000/api/ha-oidc/providers/enabled:0
[    7465ms] [INFO] %cDownload the React DevTools for a better development experience: https://reactjs.org/link/react-devtools font-weight:bold @ http://localhost:3000/node_modules/.vite/deps/react-dom-BEjadErz.js?v=d60f55b8:17230
[    7498ms] [ERROR] Failed to load resource: the server responded with a status of 401 (Unauthorized) @ http://localhost:3000/api/ha-oidc/providers/enabled:0
[    7558ms] [INFO] %cDownload the React DevTools for a better development experience: https://reactjs.org/link/react-devtools font-weight:bold @ http://localhost:3000/node_modules/.vite/deps/react-dom-BEjadErz.js?v=d60f55b8:17230
[    7597ms] [ERROR] Failed to load resource: the server responded with a status of 401 (Unauthorized) @ http://localhost:3000/api/ha-oidc/providers/enabled:0
[    7660ms] [INFO] %cDownload the React DevTools for a better development experience: https://reactjs.org/link/react-devtools font-weight:bold @ http://localhost:3000/node_modules/.vite/deps/react-dom-BEjadErz.js?v=d60f55b8:17230
[    7694ms] [ERROR] Failed to load resource: the server responded with a status of 401 (Unauthorized) @ http://localhost:3000/api/ha-oidc/providers/enabled:0
[    7759ms] [INFO] %cDownload the React DevTools for a better development experience: https://reactjs.org/link/react-devtools font-weight:bold @ http://localhost:3000/node_modules/.vite/deps/react-dom-BEjadErz.js?v=d60f55b8:17230
[    7800ms] [ERROR] Failed to load resource: the server responded with a status of 401 (Unauthorized) @ http://localhost:3000/api/ha-oidc/providers/enabled:0
[    7868ms] [INFO] %cDownload the React DevTools for a better development experience: https://reactjs.org/link/react-devtools font-weight:bold @ http://localhost:3000/node_modules/.vite/deps/react-dom-BEjadErz.js?v=d60f55b8:17230
[    7900ms] [ERROR] Failed to load resource: the server responded with a status of 401 (Unauthorized) @ http://localhost:3000/api/ha-oidc/providers/enabled:0
[    7962ms] [INFO] %cDownload the React DevTools for a better development experience: https://reactjs.org/link/react-devtools font-weight:bold @ http://localhost:3000/node_modules/.vite/deps/react-dom-BEjadErz.js?v=d60f55b8:17230
[    7997ms] [ERROR] Failed to load resource: the server responded with a status of 401 (Unauthorized) @ http://localhost:3000/api/ha-oidc/providers/enabled:0
[    8064ms] [INFO] %cDownload the React DevTools for a better development experience: https://reactjs.org/link/react-devtools font-weight:bold @ http://localhost:3000/node_modules/.vite/deps/react-dom-BEjadErz.js?v=d60f55b8:17230
[    8097ms] [ERROR] Failed to load resource: the server responded with a status of 401 (Unauthorized) @ http://localhost:3000/api/ha-oidc/providers/enabled:0
[    8162ms] [INFO] %cDownload the React DevTools for a better development experience: https://reactjs.org/link/react-devtools font-weight:bold @ http://localhost:3000/node_modules/.vite/deps/react-dom-BEjadErz.js?v=d60f55b8:17230
[    8198ms] [ERROR] Failed to load resource: the server responded with a status of 401 (Unauthorized) @ http://localhost:3000/api/ha-oidc/providers/enabled:0
[    8263ms] [INFO] %cDownload the React DevTools for a better development experience: https://reactjs.org/link/react-devtools font-weight:bold @ http://localhost:3000/node_modules/.vite/deps/react-dom-BEjadErz.js?v=d60f55b8:17230
[    8298ms] [ERROR] Failed to load resource: the server responded with a status of 401 (Unauthorized) @ http://localhost:3000/api/ha-oidc/providers/enabled:0
[    8361ms] [INFO] %cDownload the React DevTools for a better development experience: https://reactjs.org/link/react-devtools font-weight:bold @ http://localhost:3000/node_modules/.vite/deps/react-dom-BEjadErz.js?v=d60f55b8:17230
[    8398ms] [ERROR] Failed to load resource: the server responded with a status of 401 (Unauthorized) @ http://localhost:3000/api/ha-oidc/providers/enabled:0
[    8466ms] [INFO] %cDownload the React DevTools for a better development experience: https://reactjs.org/link/react-devtools font-weight:bold @ http://localhost:3000/node_modules/.vite/deps/react-dom-BEjadErz.js?v=d60f55b8:17230
[    8500ms] [ERROR] Failed to load resource: the server responded with a status of 401 (Unauthorized) @ http://localhost:3000/api/ha-oidc/providers/enabled:0
[    8561ms] [INFO] %cDownload the React DevTools for a better development experience: https://reactjs.org/link/react-devtools font-weight:bold @ http://localhost:3000/node_modules/.vite/deps/react-dom-BEjadErz.js?v=d60f55b8:17230
[    8598ms] [ERROR] Failed to load resource: the server responded with a status of 401 (Unauthorized) @ http://localhost:3000/api/ha-oidc/providers/enabled:0
[    8660ms] [INFO] %cDownload the React DevTools for a better development experience: https://reactjs.org/link/react-devtools font-weight:bold @ http://localhost:3000/node_modules/.vite/deps/react-dom-BEjadErz.js?v=d60f55b8:17230
[    8692ms] [ERROR] Failed to load resource: the server responded with a status of 401 (Unauthorized) @ http://localhost:3000/api/ha-oidc/providers/enabled:0
[    8753ms] [INFO] %cDownload the React DevTools for a better development experience: https://reactjs.org/link/react-devtools font-weight:bold @ http://localhost:3000/node_modules/.vite/deps/react-dom-BEjadErz.js?v=d60f55b8:17230
[    8790ms] [ERROR] Failed to load resource: the server responded with a status of 401 (Unauthorized) @ http://localhost:3000/api/ha-oidc/providers/enabled:0
[    8850ms] [INFO] %cDownload the React DevTools for a better development experience: https://reactjs.org/link/react-devtools font-weight:bold @ http://localhost:3000/node_modules/.vite/deps/react-dom-BEjadErz.js?v=d60f55b8:17230
[    8891ms] [ERROR] Failed to load resource: the server responded with a status of 401 (Unauthorized) @ http://localhost:3000/api/ha-oidc/providers/enabled:0
[    8952ms] [INFO] %cDownload the React DevTools for a better development experience: https://reactjs.org/link/react-devtools font-weight:bold @ http://localhost:3000/node_modules/.vite/deps/react-dom-BEjadErz.js?v=d60f55b8:17230
[    8989ms] [ERROR] Failed to load resource: the server responded with a status of 401 (Unauthorized) @ http://localhost:3000/api/ha-oidc/providers/enabled:0
[    9059ms] [INFO] %cDownload the React DevTools for a better development experience: https://reactjs.org/link/react-devtools font-weight:bold @ http://localhost:3000/node_modules/.vite/deps/react-dom-BEjadErz.js?v=d60f55b8:17230
[    9093ms] [ERROR] Failed to load resource: the server responded with a status of 401 (Unauthorized) @ http://localhost:3000/api/ha-oidc/providers/enabled:0
[    9157ms] [INFO] %cDownload the React DevTools for a better development experience: https://reactjs.org/link/react-devtools font-weight:bold @ http://localhost:3000/node_modules/.vite/deps/react-dom-BEjadErz.js?v=d60f55b8:17230
[    9195ms] [ERROR] Failed to load resource: the server responded with a status of 401 (Unauthorized) @ http://localhost:3000/api/ha-oidc/providers/enabled:0
[    9259ms] [INFO] %cDownload the React DevTools for a better development experience: https://reactjs.org/link/react-devtools font-weight:bold @ http://localhost:3000/node_modules/.vite/deps/react-dom-BEjadErz.js?v=d60f55b8:17230
[    9292ms] [ERROR] Failed to load resource: the server responded with a status of 401 (Unauthorized) @ http://localhost:3000/api/ha-oidc/providers/enabled:0
[    9365ms] [INFO] %cDownload the React DevTools for a better development experience: https://reactjs.org/link/react-devtools font-weight:bold @ http://localhost:3000/node_modules/.vite/deps/react-dom-BEjadErz.js?v=d60f55b8:17230
[    9403ms] [ERROR] Failed to load resource: the server responded with a status of 401 (Unauthorized) @ http://localhost:3000/api/ha-oidc/providers/enabled:0
[    9466ms] [INFO] %cDownload the React DevTools for a better development experience: https://reactjs.org/link/react-devtools font-weight:bold @ http://localhost:3000/node_modules/.vite/deps/react-dom-BEjadErz.js?v=d60f55b8:17230
[    9499ms] [ERROR] Failed to load resource: the server responded with a status of 401 (Unauthorized) @ http://localhost:3000/api/ha-oidc/providers/enabled:0
[    9565ms] [INFO] %cDownload the React DevTools for a better development experience: https://reactjs.org/link/react-devtools font-weight:bold @ http://localhost:3000/node_modules/.vite/deps/react-dom-BEjadErz.js?v=d60f55b8:17230
[    9602ms] [ERROR] Failed to load resource: the server responded with a status of 401 (Unauthorized) @ http://localhost:3000/api/ha-oidc/providers/enabled:0
[    9666ms] [INFO] %cDownload the React DevTools for a better development experience: https://reactjs.org/link/react-devtools font-weight:bold @ http://localhost:3000/node_modules/.vite/deps/react-dom-BEjadErz.js?v=d60f55b8:17230
[    9702ms] [ERROR] Failed to load resource: the server responded with a status of 401 (Unauthorized) @ http://localhost:3000/api/ha-oidc/providers/enabled:0
[    9765ms] [INFO] %cDownload the React DevTools for a better development experience: https://reactjs.org/link/react-devtools font-weight:bold @ http://localhost:3000/node_modules/.vite/deps/react-dom-BEjadErz.js?v=d60f55b8:17230
[    9802ms] [ERROR] Failed to load resource: the server responded with a status of 401 (Unauthorized) @ http://localhost:3000/api/ha-oidc/providers/enabled:0
[    9867ms] [INFO] %cDownload the React DevTools for a better development experience: https://reactjs.org/link/react-devtools font-weight:bold @ http://localhost:3000/node_modules/.vite/deps/react-dom-BEjadErz.js?v=d60f55b8:17230
[    9904ms] [ERROR] Failed to load resource: the server responded with a status of 401 (Unauthorized) @ http://localhost:3000/api/ha-oidc/providers/enabled:0
[    9967ms] [INFO] %cDownload the React DevTools for a better development experience: https://reactjs.org/link/react-devtools font-weight:bold @ http://localhost:3000/node_modules/.vite/deps/react-dom-BEjadErz.js?v=d60f55b8:17230
[   10004ms] [ERROR] Failed to load resource: the server responded with a status of 401 (Unauthorized) @ http://localhost:3000/api/ha-oidc/providers/enabled:0
[   10065ms] [INFO] %cDownload the React DevTools for a better development experience: https://reactjs.org/link/react-devtools font-weight:bold @ http://localhost:3000/node_modules/.vite/deps/react-dom-BEjadErz.js?v=d60f55b8:17230
[   10099ms] [ERROR] Failed to load resource: the server responded with a status of 401 (Unauthorized) @ http://localhost:3000/api/ha-oidc/providers/enabled:0
[   10162ms] [INFO] %cDownload the React DevTools for a better development experience: https://reactjs.org/link/react-devtools font-weight:bold @ http://localhost:3000/node_modules/.vite/deps/react-dom-BEjadErz.js?v=d60f55b8:17230
[   10199ms] [ERROR] Failed to load resource: the server responded with a status of 401 (Unauthorized) @ http://localhost:3000/api/ha-oidc/providers/enabled:0
[   10262ms] [INFO] %cDownload the React DevTools for a better development experience: https://reactjs.org/link/react-devtools font-weight:bold @ http://localhost:3000/node_modules/.vite/deps/react-dom-BEjadErz.js?v=d60f55b8:17230
[   10298ms] [ERROR] Failed to load resource: the server responded with a status of 401 (Unauthorized) @ http://localhost:3000/api/ha-oidc/providers/enabled:0
[   10363ms] [INFO] %cDownload the React DevTools for a better development experience: https://reactjs.org/link/react-devtools font-weight:bold @ http://localhost:3000/node_modules/.vite/deps/react-dom-BEjadErz.js?v=d60f55b8:17230
[   10401ms] [ERROR] Failed to load resource: the server responded with a status of 401 (Unauthorized) @ http://localhost:3000/api/ha-oidc/providers/enabled:0
[   10469ms] [INFO] %cDownload the React DevTools for a better development experience: https://reactjs.org/link/react-devtools font-weight:bold @ http://localhost:3000/node_modules/.vite/deps/react-dom-BEjadErz.js?v=d60f55b8:17230
[   10502ms] [ERROR] Failed to load resource: the server responded with a status of 401 (Unauthorized) @ http://localhost:3000/api/ha-oidc/providers/enabled:0
[   10566ms] [INFO] %cDownload the React DevTools for a better development experience: https://reactjs.org/link/react-devtools font-weight:bold @ http://localhost:3000/node_modules/.vite/deps/react-dom-BEjadErz.js?v=d60f55b8:17230
[   10604ms] [ERROR] Failed to load resource: the server responded with a status of 401 (Unauthorized) @ http://localhost:3000/api/ha-oidc/providers/enabled:0
[   10693ms] [INFO] %cDownload the React DevTools for a better development experience: https://reactjs.org/link/react-devtools font-weight:bold @ http://localhost:3000/node_modules/.vite/deps/react-dom-BEjadErz.js?v=d60f55b8:17230
[   10740ms] [ERROR] Failed to load resource: the server responded with a status of 401 (Unauthorized) @ http://localhost:3000/api/ha-oidc/providers/enabled:0
[   10805ms] [INFO] %cDownload the React DevTools for a better development experience: https://reactjs.org/link/react-devtools font-weight:bold @ http://localhost:3000/node_modules/.vite/deps/react-dom-BEjadErz.js?v=d60f55b8:17230
[   10849ms] [ERROR] Failed to load resource: the server responded with a status of 401 (Unauthorized) @ http://localhost:3000/api/ha-oidc/providers/enabled:0
[   10915ms] [INFO] %cDownload the React DevTools for a better development experience: https://reactjs.org/link/react-devtools font-weight:bold @ http://localhost:3000/node_modules/.vite/deps/react-dom-BEjadErz.js?v=d60f55b8:17230
[   10954ms] [ERROR] Failed to load resource: the server responded with a status of 401 (Unauthorized) @ http://localhost:3000/api/ha-oidc/providers/enabled:0
[   11016ms] [INFO] %cDownload the React DevTools for a better development experience: https://reactjs.org/link/react-devtools font-weight:bold @ http://localhost:3000/node_modules/.vite/deps/react-dom-BEjadErz.js?v=d60f55b8:17230
[   11050ms] [ERROR] Failed to load resource: the server responded with a status of 401 (Unauthorized) @ http://localhost:3000/api/ha-oidc/providers/enabled:0
[   11112ms] [INFO] %cDownload the React DevTools for a better development experience: https://reactjs.org/link/react-devtools font-weight:bold @ http://localhost:3000/node_modules/.vite/deps/react-dom-BEjadErz.js?v=d60f55b8:17230
[   11151ms] [ERROR] Failed to load resource: the server responded with a status of 401 (Unauthorized) @ http://localhost:3000/api/ha-oidc/providers/enabled:0
[   11215ms] [INFO] %cDownload the React DevTools for a better development experience: https://reactjs.org/link/react-devtools font-weight:bold @ http://localhost:3000/node_modules/.vite/deps/react-dom-BEjadErz.js?v=d60f55b8:17230
[   11250ms] [ERROR] Failed to load resource: the server responded with a status of 401 (Unauthorized) @ http://localhost:3000/api/ha-oidc/providers/enabled:0
[   11312ms] [INFO] %cDownload the React DevTools for a better development experience: https://reactjs.org/link/react-devtools font-weight:bold @ http://localhost:3000/node_modules/.vite/deps/react-dom-BEjadErz.js?v=d60f55b8:17230
[   11349ms] [ERROR] Failed to load resource: the server responded with a status of 401 (Unauthorized) @ http://localhost:3000/api/ha-oidc/providers/enabled:0
[   11415ms] [INFO] %cDownload the React DevTools for a better development experience: https://reactjs.org/link/react-devtools font-weight:bold @ http://localhost:3000/node_modules/.vite/deps/react-dom-BEjadErz.js?v=d60f55b8:17230
[   11462ms] [ERROR] Failed to load resource: the server responded with a status of 401 (Unauthorized) @ http://localhost:3000/api/ha-oidc/providers/enabled:0
[   11546ms] [INFO] %cDownload the React DevTools for a better development experience: https://reactjs.org/link/react-devtools font-weight:bold @ http://localhost:3000/node_modules/.vite/deps/react-dom-BEjadErz.js?v=d60f55b8:17230
[   11591ms] [ERROR] Failed to load resource: the server responded with a status of 401 (Unauthorized) @ http://localhost:3000/api/ha-oidc/providers/enabled:0
[   11668ms] [INFO] %cDownload the React DevTools for a better development experience: https://reactjs.org/link/react-devtools font-weight:bold @ http://localhost:3000/node_modules/.vite/deps/react-dom-BEjadErz.js?v=d60f55b8:17230
[   11702ms] [ERROR] Failed to load resource: the server responded with a status of 401 (Unauthorized) @ http://localhost:3000/api/ha-oidc/providers/enabled:0
[   11774ms] [INFO] %cDownload the React DevTools for a better development experience: https://reactjs.org/link/react-devtools font-weight:bold @ http://localhost:3000/node_modules/.vite/deps/react-dom-BEjadErz.js?v=d60f55b8:17230
[   11811ms] [ERROR] Failed to load resource: the server responded with a status of 401 (Unauthorized) @ http://localhost:3000/api/ha-oidc/providers/enabled:0
[   11877ms] [INFO] %cDownload the React DevTools for a better development experience: https://reactjs.org/link/react-devtools font-weight:bold @ http://localhost:3000/node_modules/.vite/deps/react-dom-BEjadErz.js?v=d60f55b8:17230
[   11911ms] [ERROR] Failed to load resource: the server responded with a status of 401 (Unauthorized) @ http://localhost:3000/api/ha-oidc/providers/enabled:0
[   11973ms] [INFO] %cDownload the React DevTools for a better development experience: https://reactjs.org/link/react-devtools font-weight:bold @ http://localhost:3000/node_modules/.vite/deps/react-dom-BEjadErz.js?v=d60f55b8:17230
[   12014ms] [ERROR] Failed to load resource: the server responded with a status of 401 (Unauthorized) @ http://localhost:3000/api/ha-oidc/providers/enabled:0
[   12075ms] [INFO] %cDownload the React DevTools for a better development experience: https://reactjs.org/link/react-devtools font-weight:bold @ http://localhost:3000/node_modules/.vite/deps/react-dom-BEjadErz.js?v=d60f55b8:17230
[   12110ms] [ERROR] Failed to load resource: the server responded with a status of 401 (Unauthorized) @ http://localhost:3000/api/ha-oidc/providers/enabled:0
[   12171ms] [INFO] %cDownload the React DevTools for a better development experience: https://reactjs.org/link/react-devtools font-weight:bold @ http://localhost:3000/node_modules/.vite/deps/react-dom-BEjadErz.js?v=d60f55b8:17230
[   12209ms] [ERROR] Failed to load resource: the server responded with a status of 401 (Unauthorized) @ http://localhost:3000/api/ha-oidc/providers/enabled:0
[   12274ms] [INFO] %cDownload the React DevTools for a better development experience: https://reactjs.org/link/react-devtools font-weight:bold @ http://localhost:3000/node_modules/.vite/deps/react-dom-BEjadErz.js?v=d60f55b8:17230
[   12310ms] [ERROR] Failed to load resource: the server responded with a status of 401 (Unauthorized) @ http://localhost:3000/api/ha-oidc/providers/enabled:0
[   12374ms] [INFO] %cDownload the React DevTools for a better development experience: https://reactjs.org/link/react-devtools font-weight:bold @ http://localhost:3000/node_modules/.vite/deps/react-dom-BEjadErz.js?v=d60f55b8:17230
[   12412ms] [ERROR] Failed to load resource: the server responded with a status of 401 (Unauthorized) @ http://localhost:3000/api/ha-oidc/providers/enabled:0
[   12473ms] [INFO] %cDownload the React DevTools for a better development experience: https://reactjs.org/link/react-devtools font-weight:bold @ http://localhost:3000/node_modules/.vite/deps/react-dom-BEjadErz.js?v=d60f55b8:17230
[   12509ms] [ERROR] Failed to load resource: the server responded with a status of 401 (Unauthorized) @ http://localhost:3000/api/ha-oidc/providers/enabled:0
[   12570ms] [INFO] %cDownload the React DevTools for a better development experience: https://reactjs.org/link/react-devtools font-weight:bold @ http://localhost:3000/node_modules/.vite/deps/react-dom-BEjadErz.js?v=d60f55b8:17230
[   12609ms] [ERROR] Failed to load resource: the server responded with a status of 401 (Unauthorized) @ http://localhost:3000/api/ha-oidc/providers/enabled:0
[   12674ms] [INFO] %cDownload the React DevTools for a better development experience: https://reactjs.org/link/react-devtools font-weight:bold @ http://localhost:3000/node_modules/.vite/deps/react-dom-BEjadErz.js?v=d60f55b8:17230
[   12708ms] [ERROR] Failed to load resource: the server responded with a status of 401 (Unauthorized) @ http://localhost:3000/api/ha-oidc/providers/enabled:0
[   12770ms] [INFO] %cDownload the React DevTools for a better development experience: https://reactjs.org/link/react-devtools font-weight:bold @ http://localhost:3000/node_modules/.vite/deps/react-dom-BEjadErz.js?v=d60f55b8:17230
[   12806ms] [ERROR] Failed to load resource: the server responded with a status of 401 (Unauthorized) @ http://localhost:3000/api/ha-oidc/providers/enabled:0
[   12866ms] [INFO] %cDownload the React DevTools for a better development experience: https://reactjs.org/link/react-devtools font-weight:bold @ http://localhost:3000/node_modules/.vite/deps/react-dom-BEjadErz.js?v=d60f55b8:17230
[   12901ms] [ERROR] Failed to load resource: the server responded with a status of 401 (Unauthorized) @ http://localhost:3000/api/ha-oidc/providers/enabled:0
[   12962ms] [INFO] %cDownload the React DevTools for a better development experience: https://reactjs.org/link/react-devtools font-weight:bold @ http://localhost:3000/node_modules/.vite/deps/react-dom-BEjadErz.js?v=d60f55b8:17230
[   12998ms] [ERROR] Failed to load resource: the server responded with a status of 401 (Unauthorized) @ http://localhost:3000/api/ha-oidc/providers/enabled:0
[   13059ms] [INFO] %cDownload the React DevTools for a better development experience: https://reactjs.org/link/react-devtools font-weight:bold @ http://localhost:3000/node_modules/.vite/deps/react-dom-BEjadErz.js?v=d60f55b8:17230
[   13097ms] [ERROR] Failed to load resource: the server responded with a status of 401 (Unauthorized) @ http://localhost:3000/api/ha-oidc/providers/enabled:0
[   13159ms] [INFO] %cDownload the React DevTools for a better development experience: https://reactjs.org/link/react-devtools font-weight:bold @ http://localhost:3000/node_modules/.vite/deps/react-dom-BEjadErz.js?v=d60f55b8:17230
[   13195ms] [ERROR] Failed to load resource: the server responded with a status of 401 (Unauthorized) @ http://localhost:3000/api/ha-oidc/providers/enabled:0
[   13258ms] [INFO] %cDownload the React DevTools for a better development experience: https://reactjs.org/link/react-devtools font-weight:bold @ http://localhost:3000/node_modules/.vite/deps/react-dom-BEjadErz.js?v=d60f55b8:17230
[   13292ms] [ERROR] Failed to load resource: the server responded with a status of 401 (Unauthorized) @ http://localhost:3000/api/ha-oidc/providers/enabled:0
[   13355ms] [INFO] %cDownload the React DevTools for a better development experience: https://reactjs.org/link/react-devtools font-weight:bold @ http://localhost:3000/node_modules/.vite/deps/react-dom-BEjadErz.js?v=d60f55b8:17230
[   13394ms] [ERROR] Failed to load resource: the server responded with a status of 401 (Unauthorized) @ http://localhost:3000/api/ha-oidc/providers/enabled:0
[   13458ms] [INFO] %cDownload the React DevTools for a better development experience: https://reactjs.org/link/react-devtools font-weight:bold @ http://localhost:3000/node_modules/.vite/deps/react-dom-BEjadErz.js?v=d60f55b8:17230
[   13492ms] [ERROR] Failed to load resource: the server responded with a status of 401 (Unauthorized) @ http://localhost:3000/api/ha-oidc/providers/enabled:0
[   13551ms] [INFO] %cDownload the React DevTools for a better development experience: https://reactjs.org/link/react-devtools font-weight:bold @ http://localhost:3000/node_modules/.vite/deps/react-dom-BEjadErz.js?v=d60f55b8:17230
[   13588ms] [ERROR] Failed to load resource: the server responded with a status of 401 (Unauthorized) @ http://localhost:3000/api/ha-oidc/providers/enabled:0
[   13650ms] [INFO] %cDownload the React DevTools for a better development experience: https://reactjs.org/link/react-devtools font-weight:bold @ http://localhost:3000/node_modules/.vite/deps/react-dom-BEjadErz.js?v=d60f55b8:17230
[   13684ms] [ERROR] Failed to load resource: the server responded with a status of 401 (Unauthorized) @ http://localhost:3000/api/ha-oidc/providers/enabled:0
[   13749ms] [INFO] %cDownload the React DevTools for a better development experience: https://reactjs.org/link/react-devtools font-weight:bold @ http://localhost:3000/node_modules/.vite/deps/react-dom-BEjadErz.js?v=d60f55b8:17230
[   13787ms] [ERROR] Failed to load resource: the server responded with a status of 401 (Unauthorized) @ http://localhost:3000/api/ha-oidc/providers/enabled:0
[   13850ms] [INFO] %cDownload the React DevTools for a better development experience: https://reactjs.org/link/react-devtools font-weight:bold @ http://localhost:3000/node_modules/.vite/deps/react-dom-BEjadErz.js?v=d60f55b8:17230
[   13884ms] [ERROR] Failed to load resource: the server responded with a status of 401 (Unauthorized) @ http://localhost:3000/api/ha-oidc/providers/enabled:0
[   13945ms] [INFO] %cDownload the React DevTools for a better development experience: https://reactjs.org/link/react-devtools font-weight:bold @ http://localhost:3000/node_modules/.vite/deps/react-dom-BEjadErz.js?v=d60f55b8:17230
[   13981ms] [ERROR] Failed to load resource: the server responded with a status of 401 (Unauthorized) @ http://localhost:3000/api/ha-oidc/providers/enabled:0
[   14040ms] [INFO] %cDownload the React DevTools for a better development experience: https://reactjs.org/link/react-devtools font-weight:bold @ http://localhost:3000/node_modules/.vite/deps/react-dom-BEjadErz.js?v=d60f55b8:17230
[   14074ms] [ERROR] Failed to load resource: the server responded with a status of 401 (Unauthorized) @ http://localhost:3000/api/ha-oidc/providers/enabled:0
[   14134ms] [INFO] %cDownload the React DevTools for a better development experience: https://reactjs.org/link/react-devtools font-weight:bold @ http://localhost:3000/node_modules/.vite/deps/react-dom-BEjadErz.js?v=d60f55b8:17230
[   14176ms] [ERROR] Failed to load resource: the server responded with a status of 401 (Unauthorized) @ http://localhost:3000/api/ha-oidc/providers/enabled:0
[   14236ms] [INFO] %cDownload the React DevTools for a better development experience: https://reactjs.org/link/react-devtools font-weight:bold @ http://localhost:3000/node_modules/.vite/deps/react-dom-BEjadErz.js?v=d60f55b8:17230
[   14270ms] [ERROR] Failed to load resource: the server responded with a status of 401 (Unauthorized) @ http://localhost:3000/api/ha-oidc/providers/enabled:0
[   14333ms] [INFO] %cDownload the React DevTools for a better development experience: https://reactjs.org/link/react-devtools font-weight:bold @ http://localhost:3000/node_modules/.vite/deps/react-dom-BEjadErz.js?v=d60f55b8:17230
[   14370ms] [ERROR] Failed to load resource: the server responded with a status of 401 (Unauthorized) @ http://localhost:3000/api/ha-oidc/providers/enabled:0
[   14432ms] [INFO] %cDownload the React DevTools for a better development experience: https://reactjs.org/link/react-devtools font-weight:bold @ http://localhost:3000/node_modules/.vite/deps/react-dom-BEjadErz.js?v=d60f55b8:17230
[   14467ms] [ERROR] Failed to load resource: the server responded with a status of 401 (Unauthorized) @ http://localhost:3000/api/ha-oidc/providers/enabled:0
[   14532ms] [INFO] %cDownload the React DevTools for a better development experience: https://reactjs.org/link/react-devtools font-weight:bold @ http://localhost:3000/node_modules/.vite/deps/react-dom-BEjadErz.js?v=d60f55b8:17230
[   14570ms] [ERROR] Failed to load resource: the server responded with a status of 401 (Unauthorized) @ http://localhost:3000/api/ha-oidc/providers/enabled:0
[   14631ms] [INFO] %cDownload the React DevTools for a better development experience: https://reactjs.org/link/react-devtools font-weight:bold @ http://localhost:3000/node_modules/.vite/deps/react-dom-BEjadErz.js?v=d60f55b8:17230
[   14665ms] [ERROR] Failed to load resource: the server responded with a status of 401 (Unauthorized) @ http://localhost:3000/api/ha-oidc/providers/enabled:0
[   14727ms] [INFO] %cDownload the React DevTools for a better development experience: https://reactjs.org/link/react-devtools font-weight:bold @ http://localhost:3000/node_modules/.vite/deps/react-dom-BEjadErz.js?v=d60f55b8:17230
[   14764ms] [ERROR] Failed to load resource: the server responded with a status of 401 (Unauthorized) @ http://localhost:3000/api/ha-oidc/providers/enabled:0
[   14825ms] [INFO] %cDownload the React DevTools for a better development experience: https://reactjs.org/link/react-devtools font-weight:bold @ http://localhost:3000/node_modules/.vite/deps/react-dom-BEjadErz.js?v=d60f55b8:17230
[   14860ms] [ERROR] Failed to load resource: the server responded with a status of 401 (Unauthorized) @ http://localhost:3000/api/ha-oidc/providers/enabled:0
[   14924ms] [INFO] %cDownload the React DevTools for a better development experience: https://reactjs.org/link/react-devtools font-weight:bold @ http://localhost:3000/node_modules/.vite/deps/react-dom-BEjadErz.js?v=d60f55b8:17230
[   14964ms] [ERROR] Failed to load resource: the server responded with a status of 401 (Unauthorized) @ http://localhost:3000/api/ha-oidc/providers/enabled:0
[   15052ms] [INFO] %cDownload the React DevTools for a better development experience: https://reactjs.org/link/react-devtools font-weight:bold @ http://localhost:3000/node_modules/.vite/deps/react-dom-BEjadErz.js?v=d60f55b8:17230
[   15092ms] [ERROR] Failed to load resource: the server responded with a status of 401 (Unauthorized) @ http://localhost:3000/api/ha-oidc/providers/enabled:0
[   15156ms] [INFO] %cDownload the React DevTools for a better development experience: https://reactjs.org/link/react-devtools font-weight:bold @ http://localhost:3000/node_modules/.vite/deps/react-dom-BEjadErz.js?v=d60f55b8:17230
[   15203ms] [ERROR] Failed to load resource: the server responded with a status of 401 (Unauthorized) @ http://localhost:3000/api/ha-oidc/providers/enabled:0
[   15273ms] [INFO] %cDownload the React DevTools for a better development experience: https://reactjs.org/link/react-devtools font-weight:bold @ http://localhost:3000/node_modules/.vite/deps/react-dom-BEjadErz.js?v=d60f55b8:17230
[   15309ms] [ERROR] Failed to load resource: the server responded with a status of 401 (Unauthorized) @ http://localhost:3000/api/ha-oidc/providers/enabled:0
[   15375ms] [INFO] %cDownload the React DevTools for a better development experience: https://reactjs.org/link/react-devtools font-weight:bold @ http://localhost:3000/node_modules/.vite/deps/react-dom-BEjadErz.js?v=d60f55b8:17230
[   15409ms] [ERROR] Failed to load resource: the server responded with a status of 401 (Unauthorized) @ http://localhost:3000/api/ha-oidc/providers/enabled:0
[   15481ms] [INFO] %cDownload the React DevTools for a better development experience: https://reactjs.org/link/react-devtools font-weight:bold @ http://localhost:3000/node_modules/.vite/deps/react-dom-BEjadErz.js?v=d60f55b8:17230
[   15521ms] [ERROR] Failed to load resource: the server responded with a status of 401 (Unauthorized) @ http://localhost:3000/api/ha-oidc/providers/enabled:0
[   15584ms] [INFO] %cDownload the React DevTools for a better development experience: https://reactjs.org/link/react-devtools font-weight:bold @ http://localhost:3000/node_modules/.vite/deps/react-dom-BEjadErz.js?v=d60f55b8:17230
[   15619ms] [ERROR] Failed to load resource: the server responded with a status of 401 (Unauthorized) @ http://localhost:3000/api/ha-oidc/providers/enabled:0
[   15683ms] [INFO] %cDownload the React DevTools for a better development experience: https://reactjs.org/link/react-devtools font-weight:bold @ http://localhost:3000/node_modules/.vite/deps/react-dom-BEjadErz.js?v=d60f55b8:17230
[   15720ms] [ERROR] Failed to load resource: the server responded with a status of 401 (Unauthorized) @ http://localhost:3000/api/ha-oidc/providers/enabled:0
[   15782ms] [INFO] %cDownload the React DevTools for a better development experience: https://reactjs.org/link/react-devtools font-weight:bold @ http://localhost:3000/node_modules/.vite/deps/react-dom-BEjadErz.js?v=d60f55b8:17230
[   15817ms] [ERROR] Failed to load resource: the server responded with a status of 401 (Unauthorized) @ http://localhost:3000/api/ha-oidc/providers/enabled:0
[   15881ms] [INFO] %cDownload the React DevTools for a better development experience: https://reactjs.org/link/react-devtools font-weight:bold @ http://localhost:3000/node_modules/.vite/deps/react-dom-BEjadErz.js?v=d60f55b8:17230
[   15917ms] [ERROR] Failed to load resource: the server responded with a status of 401 (Unauthorized) @ http://localhost:3000/api/ha-oidc/providers/enabled:0
[   15979ms] [INFO] %cDownload the React DevTools for a better development experience: https://reactjs.org/link/react-devtools font-weight:bold @ http://localhost:3000/node_modules/.vite/deps/react-dom-BEjadErz.js?v=d60f55b8:17230
[   16014ms] [ERROR] Failed to load resource: the server responded with a status of 401 (Unauthorized) @ http://localhost:3000/api/ha-oidc/providers/enabled:0
[   16075ms] [INFO] %cDownload the React DevTools for a better development experience: https://reactjs.org/link/react-devtools font-weight:bold @ http://localhost:3000/node_modules/.vite/deps/react-dom-BEjadErz.js?v=d60f55b8:17230
[   16112ms] [ERROR] Failed to load resource: the server responded with a status of 401 (Unauthorized) @ http://localhost:3000/api/ha-oidc/providers/enabled:0
[   16176ms] [INFO] %cDownload the React DevTools for a better development experience: https://reactjs.org/link/react-devtools font-weight:bold @ http://localhost:3000/node_modules/.vite/deps/react-dom-BEjadErz.js?v=d60f55b8:17230
[   16209ms] [ERROR] Failed to load resource: the server responded with a status of 401 (Unauthorized) @ http://localhost:3000/api/ha-oidc/providers/enabled:0
[   16274ms] [INFO] %cDownload the React DevTools for a better development experience: https://reactjs.org/link/react-devtools font-weight:bold @ http://localhost:3000/node_modules/.vite/deps/react-dom-BEjadErz.js?v=d60f55b8:17230
[   16309ms] [ERROR] Failed to load resource: the server responded with a status of 401 (Unauthorized) @ http://localhost:3000/api/ha-oidc/providers/enabled:0
[   16372ms] [INFO] %cDownload the React DevTools for a better development experience: https://reactjs.org/link/react-devtools font-weight:bold @ http://localhost:3000/node_modules/.vite/deps/react-dom-BEjadErz.js?v=d60f55b8:17230
[   16407ms] [ERROR] Failed to load resource: the server responded with a status of 401 (Unauthorized) @ http://localhost:3000/api/ha-oidc/providers/enabled:0
[   16470ms] [INFO] %cDownload the React DevTools for a better development experience: https://reactjs.org/link/react-devtools font-weight:bold @ http://localhost:3000/node_modules/.vite/deps/react-dom-BEjadErz.js?v=d60f55b8:17230
[   16506ms] [ERROR] Failed to load resource: the server responded with a status of 401 (Unauthorized) @ http://localhost:3000/api/ha-oidc/providers/enabled:0
[   16569ms] [INFO] %cDownload the React DevTools for a better development experience: https://reactjs.org/link/react-devtools font-weight:bold @ http://localhost:3000/node_modules/.vite/deps/react-dom-BEjadErz.js?v=d60f55b8:17230
[   16602ms] [ERROR] Failed to load resource: the server responded with a status of 401 (Unauthorized) @ http://localhost:3000/api/ha-oidc/providers/enabled:0
[   16666ms] [INFO] %cDownload the React DevTools for a better development experience: https://reactjs.org/link/react-devtools font-weight:bold @ http://localhost:3000/node_modules/.vite/deps/react-dom-BEjadErz.js?v=d60f55b8:17230
[   16702ms] [ERROR] Failed to load resource: the server responded with a status of 401 (Unauthorized) @ http://localhost:3000/api/ha-oidc/providers/enabled:0
[   16767ms] [INFO] %cDownload the React DevTools for a better development experience: https://reactjs.org/link/react-devtools font-weight:bold @ http://localhost:3000/node_modules/.vite/deps/react-dom-BEjadErz.js?v=d60f55b8:17230
[   16801ms] [ERROR] Failed to load resource: the server responded with a status of 401 (Unauthorized) @ http://localhost:3000/api/ha-oidc/providers/enabled:0
[   16865ms] [INFO] %cDownload the React DevTools for a better development experience: https://reactjs.org/link/react-devtools font-weight:bold @ http://localhost:3000/node_modules/.vite/deps/react-dom-BEjadErz.js?v=d60f55b8:17230
[   16902ms] [ERROR] Failed to load resource: the server responded with a status of 401 (Unauthorized) @ http://localhost:3000/api/ha-oidc/providers/enabled:0
[   16965ms] [INFO] %cDownload the React DevTools for a better development experience: https://reactjs.org/link/react-devtools font-weight:bold @ http://localhost:3000/node_modules/.vite/deps/react-dom-BEjadErz.js?v=d60f55b8:17230
[   16997ms] [ERROR] Failed to load resource: the server responded with a status of 401 (Unauthorized) @ http://localhost:3000/api/ha-oidc/providers/enabled:0
[   17056ms] [INFO] %cDownload the React DevTools for a better development experience: https://reactjs.org/link/react-devtools font-weight:bold @ http://localhost:3000/node_modules/.vite/deps/react-dom-BEjadErz.js?v=d60f55b8:17230
[   17093ms] [ERROR] Failed to load resource: the server responded with a status of 401 (Unauthorized) @ http://localhost:3000/api/ha-oidc/providers/enabled:0
[   17153ms] [INFO] %cDownload the React DevTools for a better development experience: https://reactjs.org/link/react-devtools font-weight:bold @ http://localhost:3000/node_modules/.vite/deps/react-dom-BEjadErz.js?v=d60f55b8:17230
[   17188ms] [ERROR] Failed to load resource: the server responded with a status of 401 (Unauthorized) @ http://localhost:3000/api/ha-oidc/providers/enabled:0
[   17249ms] [INFO] %cDownload the React DevTools for a better development experience: https://reactjs.org/link/react-devtools font-weight:bold @ http://localhost:3000/node_modules/.vite/deps/react-dom-BEjadErz.js?v=d60f55b8:17230
[   17291ms] [ERROR] Failed to load resource: the server responded with a status of 401 (Unauthorized) @ http://localhost:3000/api/ha-oidc/providers/enabled:0
[   17353ms] [INFO] %cDownload the React DevTools for a better development experience: https://reactjs.org/link/react-devtools font-weight:bold @ http://localhost:3000/node_modules/.vite/deps/react-dom-BEjadErz.js?v=d60f55b8:17230
[   17385ms] [ERROR] Failed to load resource: the server responded with a status of 401 (Unauthorized) @ http://localhost:3000/api/ha-oidc/providers/enabled:0
[   17454ms] [INFO] %cDownload the React DevTools for a better development experience: https://reactjs.org/link/react-devtools font-weight:bold @ http://localhost:3000/node_modules/.vite/deps/react-dom-BEjadErz.js?v=d60f55b8:17230
[   17492ms] [ERROR] Failed to load resource: the server responded with a status of 401 (Unauthorized) @ http://localhost:3000/api/ha-oidc/providers/enabled:0
[   17561ms] [INFO] %cDownload the React DevTools for a better development experience: https://reactjs.org/link/react-devtools font-weight:bold @ http://localhost:3000/node_modules/.vite/deps/react-dom-BEjadErz.js?v=d60f55b8:17230
[   17594ms] [ERROR] Failed to load resource: the server responded with a status of 401 (Unauthorized) @ http://localhost:3000/api/ha-oidc/providers/enabled:0
[   17657ms] [INFO] %cDownload the React DevTools for a better development experience: https://reactjs.org/link/react-devtools font-weight:bold @ http://localhost:3000/node_modules/.vite/deps/react-dom-BEjadErz.js?v=d60f55b8:17230
[   17692ms] [ERROR] Failed to load resource: the server responded with a status of 401 (Unauthorized) @ http://localhost:3000/api/ha-oidc/providers/enabled:0
[   17752ms] [INFO] %cDownload the React DevTools for a better development experience: https://reactjs.org/link/react-devtools font-weight:bold @ http://localhost:3000/node_modules/.vite/deps/react-dom-BEjadErz.js?v=d60f55b8:17230
[   17786ms] [ERROR] Failed to load resource: the server responded with a status of 401 (Unauthorized) @ http://localhost:3000/api/ha-oidc/providers/enabled:0
[   17847ms] [INFO] %cDownload the React DevTools for a better development experience: https://reactjs.org/link/react-devtools font-weight:bold @ http://localhost:3000/node_modules/.vite/deps/react-dom-BEjadErz.js?v=d60f55b8:17230
[   17885ms] [ERROR] Failed to load resource: the server responded with a status of 401 (Unauthorized) @ http://localhost:3000/api/ha-oidc/providers/enabled:0
[   17946ms] [INFO] %cDownload the React DevTools for a better development experience: https://reactjs.org/link/react-devtools font-weight:bold @ http://localhost:3000/node_modules/.vite/deps/react-dom-BEjadErz.js?v=d60f55b8:17230
[   17977ms] [ERROR] Failed to load resource: the server responded with a status of 401 (Unauthorized) @ http://localhost:3000/api/ha-oidc/providers/enabled:0
[   18039ms] [INFO] %cDownload the React DevTools for a better development experience: https://reactjs.org/link/react-devtools font-weight:bold @ http://localhost:3000/node_modules/.vite/deps/react-dom-BEjadErz.js?v=d60f55b8:17230
[   18076ms] [ERROR] Failed to load resource: the server responded with a status of 401 (Unauthorized) @ http://localhost:3000/api/ha-oidc/providers/enabled:0
[   18136ms] [INFO] %cDownload the React DevTools for a better development experience: https://reactjs.org/link/react-devtools font-weight:bold @ http://localhost:3000/node_modules/.vite/deps/react-dom-BEjadErz.js?v=d60f55b8:17230
[   18169ms] [ERROR] Failed to load resource: the server responded with a status of 401 (Unauthorized) @ http://localhost:3000/api/ha-oidc/providers/enabled:0
[   18231ms] [INFO] %cDownload the React DevTools for a better development experience: https://reactjs.org/link/react-devtools font-weight:bold @ http://localhost:3000/node_modules/.vite/deps/react-dom-BEjadErz.js?v=d60f55b8:17230
[   18268ms] [ERROR] Failed to load resource: the server responded with a status of 401 (Unauthorized) @ http://localhost:3000/api/ha-oidc/providers/enabled:0
[   18332ms] [INFO] %cDownload the React DevTools for a better development experience: https://reactjs.org/link/react-devtools font-weight:bold @ http://localhost:3000/node_modules/.vite/deps/react-dom-BEjadErz.js?v=d60f55b8:17230
[   18371ms] [ERROR] Failed to load resource: the server responded with a status of 401 (Unauthorized) @ http://localhost:3000/api/ha-oidc/providers/enabled:0
[   18432ms] [INFO] %cDownload the React DevTools for a better development experience: https://reactjs.org/link/react-devtools font-weight:bold @ http://localhost:3000/node_modules/.vite/deps/react-dom-BEjadErz.js?v=d60f55b8:17230
[   18469ms] [ERROR] Failed to load resource: the server responded with a status of 401 (Unauthorized) @ http://localhost:3000/api/ha-oidc/providers/enabled:0
[   18531ms] [INFO] %cDownload the React DevTools for a better development experience: https://reactjs.org/link/react-devtools font-weight:bold @ http://localhost:3000/node_modules/.vite/deps/react-dom-BEjadErz.js?v=d60f55b8:17230
[   18565ms] [ERROR] Failed to load resource: the server responded with a status of 401 (Unauthorized) @ http://localhost:3000/api/ha-oidc/providers/enabled:0
[   18628ms] [INFO] %cDownload the React DevTools for a better development experience: https://reactjs.org/link/react-devtools font-weight:bold @ http://localhost:3000/node_modules/.vite/deps/react-dom-BEjadErz.js?v=d60f55b8:17230
[   18666ms] [ERROR] Failed to load resource: the server responded with a status of 401 (Unauthorized) @ http://localhost:3000/api/ha-oidc/providers/enabled:0
[   18727ms] [INFO] %cDownload the React DevTools for a better development experience: https://reactjs.org/link/react-devtools font-weight:bold @ http://localhost:3000/node_modules/.vite/deps/react-dom-BEjadErz.js?v=d60f55b8:17230
[   18760ms] [ERROR] Failed to load resource: the server responded with a status of 401 (Unauthorized) @ http://localhost:3000/api/ha-oidc/providers/enabled:0
[   18824ms] [INFO] %cDownload the React DevTools for a better development experience: https://reactjs.org/link/react-devtools font-weight:bold @ http://localhost:3000/node_modules/.vite/deps/react-dom-BEjadErz.js?v=d60f55b8:17230
[   18863ms] [ERROR] Failed to load resource: the server responded with a status of 401 (Unauthorized) @ http://localhost:3000/api/ha-oidc/providers/enabled:0
[   18926ms] [INFO] %cDownload the React DevTools for a better development experience: https://reactjs.org/link/react-devtools font-weight:bold @ http://localhost:3000/node_modules/.vite/deps/react-dom-BEjadErz.js?v=d60f55b8:17230
[   18959ms] [ERROR] Failed to load resource: the server responded with a status of 401 (Unauthorized) @ http://localhost:3000/api/ha-oidc/providers/enabled:0
[   19023ms] [INFO] %cDownload the React DevTools for a better development experience: https://reactjs.org/link/react-devtools font-weight:bold @ http://localhost:3000/node_modules/.vite/deps/react-dom-BEjadErz.js?v=d60f55b8:17230
[   19060ms] [ERROR] Failed to load resource: the server responded with a status of 401 (Unauthorized) @ http://localhost:3000/api/ha-oidc/providers/enabled:0
[   19124ms] [INFO] %cDownload the React DevTools for a better development experience: https://reactjs.org/link/react-devtools font-weight:bold @ http://localhost:3000/node_modules/.vite/deps/react-dom-BEjadErz.js?v=d60f55b8:17230
[   19159ms] [ERROR] Failed to load resource: the server responded with a status of 401 (Unauthorized) @ http://localhost:3000/api/ha-oidc/providers/enabled:0
[   19219ms] [INFO] %cDownload the React DevTools for a better development experience: https://reactjs.org/link/react-devtools font-weight:bold @ http://localhost:3000/node_modules/.vite/deps/react-dom-BEjadErz.js?v=d60f55b8:17230
[   19257ms] [ERROR] Failed to load resource: the server responded with a status of 401 (Unauthorized) @ http://localhost:3000/api/ha-oidc/providers/enabled:0
[   19318ms] [INFO] %cDownload the React DevTools for a better development experience: https://reactjs.org/link/react-devtools font-weight:bold @ http://localhost:3000/node_modules/.vite/deps/react-dom-BEjadErz.js?v=d60f55b8:17230
[   19351ms] [ERROR] Failed to load resource: the server responded with a status of 401 (Unauthorized) @ http://localhost:3000/api/ha-oidc/providers/enabled:0
[   19412ms] [INFO] %cDownload the React DevTools for a better development experience: https://reactjs.org/link/react-devtools font-weight:bold @ http://localhost:3000/node_modules/.vite/deps/react-dom-BEjadErz.js?v=d60f55b8:17230
[   19455ms] [ERROR] Failed to load resource: the server responded with a status of 401 (Unauthorized) @ http://localhost:3000/api/ha-oidc/providers/enabled:0
[   19545ms] [INFO] %cDownload the React DevTools for a better development experience: https://reactjs.org/link/react-devtools font-weight:bold @ http://localhost:3000/node_modules/.vite/deps/react-dom-BEjadErz.js?v=d60f55b8:17230
[   19586ms] [ERROR] Failed to load resource: the server responded with a status of 401 (Unauthorized) @ http://localhost:3000/api/ha-oidc/providers/enabled:0
[   19656ms] [INFO] %cDownload the React DevTools for a better development experience: https://reactjs.org/link/react-devtools font-weight:bold @ http://localhost:3000/node_modules/.vite/deps/react-dom-BEjadErz.js?v=d60f55b8:17230
[   19699ms] [ERROR] Failed to load resource: the server responded with a status of 401 (Unauthorized) @ http://localhost:3000/api/ha-oidc/providers/enabled:0
[   19772ms] [INFO] %cDownload the React DevTools for a better development experience: https://reactjs.org/link/react-devtools font-weight:bold @ http://localhost:3000/node_modules/.vite/deps/react-dom-BEjadErz.js?v=d60f55b8:17230
[   19806ms] [ERROR] Failed to load resource: the server responded with a status of 401 (Unauthorized) @ http://localhost:3000/api/ha-oidc/providers/enabled:0
[   19870ms] [INFO] %cDownload the React DevTools for a better development experience: https://reactjs.org/link/react-devtools font-weight:bold @ http://localhost:3000/node_modules/.vite/deps/react-dom-BEjadErz.js?v=d60f55b8:17230
[   19901ms] [ERROR] Failed to load resource: the server responded with a status of 401 (Unauthorized) @ http://localhost:3000/api/ha-oidc/providers/enabled:0
[   19962ms] [INFO] %cDownload the React DevTools for a better development experience: https://reactjs.org/link/react-devtools font-weight:bold @ http://localhost:3000/node_modules/.vite/deps/react-dom-BEjadErz.js?v=d60f55b8:17230
[   19999ms] [ERROR] Failed to load resource: the server responded with a status of 401 (Unauthorized) @ http://localhost:3000/api/ha-oidc/providers/enabled:0
[   20060ms] [INFO] %cDownload the React DevTools for a better development experience: https://reactjs.org/link/react-devtools font-weight:bold @ http://localhost:3000/node_modules/.vite/deps/react-dom-BEjadErz.js?v=d60f55b8:17230
[   20100ms] [ERROR] Failed to load resource: the server responded with a status of 401 (Unauthorized) @ http://localhost:3000/api/ha-oidc/providers/enabled:0
[   20159ms] [INFO] %cDownload the React DevTools for a better development experience: https://reactjs.org/link/react-devtools font-weight:bold @ http://localhost:3000/node_modules/.vite/deps/react-dom-BEjadErz.js?v=d60f55b8:17230
[   20194ms] [ERROR] Failed to load resource: the server responded with a status of 401 (Unauthorized) @ http://localhost:3000/api/ha-oidc/providers/enabled:0
[   20257ms] [INFO] %cDownload the React DevTools for a better development experience: https://reactjs.org/link/react-devtools font-weight:bold @ http://localhost:3000/node_modules/.vite/deps/react-dom-BEjadErz.js?v=d60f55b8:17230
[   20290ms] [ERROR] Failed to load resource: the server responded with a status of 401 (Unauthorized) @ http://localhost:3000/api/ha-oidc/providers/enabled:0
[   20352ms] [INFO] %cDownload the React DevTools for a better development experience: https://reactjs.org/link/react-devtools font-weight:bold @ http://localhost:3000/node_modules/.vite/deps/react-dom-BEjadErz.js?v=d60f55b8:17230
[   20387ms] [ERROR] Failed to load resource: the server responded with a status of 401 (Unauthorized) @ http://localhost:3000/api/ha-oidc/providers/enabled:0
[   20449ms] [INFO] %cDownload the React DevTools for a better development experience: https://reactjs.org/link/react-devtools font-weight:bold @ http://localhost:3000/node_modules/.vite/deps/react-dom-BEjadErz.js?v=d60f55b8:17230
[   20488ms] [ERROR] Failed to load resource: the server responded with a status of 401 (Unauthorized) @ http://localhost:3000/api/ha-oidc/providers/enabled:0
[   20558ms] [INFO] %cDownload the React DevTools for a better development experience: https://reactjs.org/link/react-devtools font-weight:bold @ http://localhost:3000/node_modules/.vite/deps/react-dom-BEjadErz.js?v=d60f55b8:17230
[   20612ms] [ERROR] Failed to load resource: the server responded with a status of 401 (Unauthorized) @ http://localhost:3000/api/ha-oidc/providers/enabled:0
[   20674ms] [INFO] %cDownload the React DevTools for a better development experience: https://reactjs.org/link/react-devtools font-weight:bold @ http://localhost:3000/node_modules/.vite/deps/react-dom-BEjadErz.js?v=d60f55b8:17230
[   20709ms] [ERROR] Failed to load resource: the server responded with a status of 401 (Unauthorized) @ http://localhost:3000/api/ha-oidc/providers/enabled:0
[   20773ms] [INFO] %cDownload the React DevTools for a better development experience: https://reactjs.org/link/react-devtools font-weight:bold @ http://localhost:3000/node_modules/.vite/deps/react-dom-BEjadErz.js?v=d60f55b8:17230
[   20810ms] [ERROR] Failed to load resource: the server responded with a status of 401 (Unauthorized) @ http://localhost:3000/api/ha-oidc/providers/enabled:0
[   20874ms] [INFO] %cDownload the React DevTools for a better development experience: https://reactjs.org/link/react-devtools font-weight:bold @ http://localhost:3000/node_modules/.vite/deps/react-dom-BEjadErz.js?v=d60f55b8:17230
[   20912ms] [ERROR] Failed to load resource: the server responded with a status of 401 (Unauthorized) @ http://localhost:3000/api/ha-oidc/providers/enabled:0
[   20980ms] [INFO] %cDownload the React DevTools for a better development experience: https://reactjs.org/link/react-devtools font-weight:bold @ http://localhost:3000/node_modules/.vite/deps/react-dom-BEjadErz.js?v=d60f55b8:17230
[   21017ms] [ERROR] Failed to load resource: the server responded with a status of 401 (Unauthorized) @ http://localhost:3000/api/ha-oidc/providers/enabled:0
[   21085ms] [INFO] %cDownload the React DevTools for a better development experience: https://reactjs.org/link/react-devtools font-weight:bold @ http://localhost:3000/node_modules/.vite/deps/react-dom-BEjadErz.js?v=d60f55b8:17230
[   21120ms] [ERROR] Failed to load resource: the server responded with a status of 401 (Unauthorized) @ http://localhost:3000/api/ha-oidc/providers/enabled:0
[   21191ms] [INFO] %cDownload the React DevTools for a better development experience: https://reactjs.org/link/react-devtools font-weight:bold @ http://localhost:3000/node_modules/.vite/deps/react-dom-BEjadErz.js?v=d60f55b8:17230
[   21229ms] [ERROR] Failed to load resource: the server responded with a status of 401 (Unauthorized) @ http://localhost:3000/api/ha-oidc/providers/enabled:0
[   21296ms] [INFO] %cDownload the React DevTools for a better development experience: https://reactjs.org/link/react-devtools font-weight:bold @ http://localhost:3000/node_modules/.vite/deps/react-dom-BEjadErz.js?v=d60f55b8:17230
[   21330ms] [ERROR] Failed to load resource: the server responded with a status of 401 (Unauthorized) @ http://localhost:3000/api/ha-oidc/providers/enabled:0
[   21391ms] [INFO] %cDownload the React DevTools for a better development experience: https://reactjs.org/link/react-devtools font-weight:bold @ http://localhost:3000/node_modules/.vite/deps/react-dom-BEjadErz.js?v=d60f55b8:17230
[   21429ms] [ERROR] Failed to load resource: the server responded with a status of 401 (Unauthorized) @ http://localhost:3000/api/ha-oidc/providers/enabled:0
[   21492ms] [INFO] %cDownload the React DevTools for a better development experience: https://reactjs.org/link/react-devtools font-weight:bold @ http://localhost:3000/node_modules/.vite/deps/react-dom-BEjadErz.js?v=d60f55b8:17230
[   21530ms] [ERROR] Failed to load resource: the server responded with a status of 401 (Unauthorized) @ http://localhost:3000/api/ha-oidc/providers/enabled:0
[   21591ms] [INFO] %cDownload the React DevTools for a better development experience: https://reactjs.org/link/react-devtools font-weight:bold @ http://localhost:3000/node_modules/.vite/deps/react-dom-BEjadErz.js?v=d60f55b8:17230
[   21629ms] [ERROR] Failed to load resource: the server responded with a status of 401 (Unauthorized) @ http://localhost:3000/api/ha-oidc/providers/enabled:0
[   21702ms] [INFO] %cDownload the React DevTools for a better development experience: https://reactjs.org/link/react-devtools font-weight:bold @ http://localhost:3000/node_modules/.vite/deps/react-dom-BEjadErz.js?v=d60f55b8:17230
[   21737ms] [ERROR] Failed to load resource: the server responded with a status of 401 (Unauthorized) @ http://localhost:3000/api/ha-oidc/providers/enabled:0
[   21801ms] [INFO] %cDownload the React DevTools for a better development experience: https://reactjs.org/link/react-devtools font-weight:bold @ http://localhost:3000/node_modules/.vite/deps/react-dom-BEjadErz.js?v=d60f55b8:17230
[   21839ms] [ERROR] Failed to load resource: the server responded with a status of 401 (Unauthorized) @ http://localhost:3000/api/ha-oidc/providers/enabled:0
[   21899ms] [INFO] %cDownload the React DevTools for a better development experience: https://reactjs.org/link/react-devtools font-weight:bold @ http://localhost:3000/node_modules/.vite/deps/react-dom-BEjadErz.js?v=d60f55b8:17230
[   21934ms] [ERROR] Failed to load resource: the server responded with a status of 401 (Unauthorized) @ http://localhost:3000/api/ha-oidc/providers/enabled:0
[   22000ms] [INFO] %cDownload the React DevTools for a better development experience: https://reactjs.org/link/react-devtools font-weight:bold @ http://localhost:3000/node_modules/.vite/deps/react-dom-BEjadErz.js?v=d60f55b8:17230
[   22036ms] [ERROR] Failed to load resource: the server responded with a status of 401 (Unauthorized) @ http://localhost:3000/api/ha-oidc/providers/enabled:0
[   22097ms] [INFO] %cDownload the React DevTools for a better development experience: https://reactjs.org/link/react-devtools font-weight:bold @ http://localhost:3000/node_modules/.vite/deps/react-dom-BEjadErz.js?v=d60f55b8:17230
[   22132ms] [ERROR] Failed to load resource: the server responded with a status of 401 (Unauthorized) @ http://localhost:3000/api/ha-oidc/providers/enabled:0
[   22194ms] [INFO] %cDownload the React DevTools for a better development experience: https://reactjs.org/link/react-devtools font-weight:bold @ http://localhost:3000/node_modules/.vite/deps/react-dom-BEjadErz.js?v=d60f55b8:17230
[   22231ms] [ERROR] Failed to load resource: the server responded with a status of 401 (Unauthorized) @ http://localhost:3000/api/ha-oidc/providers/enabled:0
[   22304ms] [INFO] %cDownload the React DevTools for a better development experience: https://reactjs.org/link/react-devtools font-weight:bold @ http://localhost:3000/node_modules/.vite/deps/react-dom-BEjadErz.js?v=d60f55b8:17230
[   22339ms] [ERROR] Failed to load resource: the server responded with a status of 401 (Unauthorized) @ http://localhost:3000/api/ha-oidc/providers/enabled:0
[   22410ms] [INFO] %cDownload the React DevTools for a better development experience: https://reactjs.org/link/react-devtools font-weight:bold @ http://localhost:3000/node_modules/.vite/deps/react-dom-BEjadErz.js?v=d60f55b8:17230
[   22447ms] [ERROR] Failed to load resource: the server responded with a status of 401 (Unauthorized) @ http://localhost:3000/api/ha-oidc/providers/enabled:0
[   22511ms] [INFO] %cDownload the React DevTools for a better development experience: https://reactjs.org/link/react-devtools font-weight:bold @ http://localhost:3000/node_modules/.vite/deps/react-dom-BEjadErz.js?v=d60f55b8:17230
[   22549ms] [ERROR] Failed to load resource: the server responded with a status of 401 (Unauthorized) @ http://localhost:3000/api/ha-oidc/providers/enabled:0
[   22610ms] [INFO] %cDownload the React DevTools for a better development experience: https://reactjs.org/link/react-devtools font-weight:bold @ http://localhost:3000/node_modules/.vite/deps/react-dom-BEjadErz.js?v=d60f55b8:17230
[   22647ms] [ERROR] Failed to load resource: the server responded with a status of 401 (Unauthorized) @ http://localhost:3000/api/ha-oidc/providers/enabled:0
[   22710ms] [INFO] %cDownload the React DevTools for a better development experience: https://reactjs.org/link/react-devtools font-weight:bold @ http://localhost:3000/node_modules/.vite/deps/react-dom-BEjadErz.js?v=d60f55b8:17230
[   22744ms] [ERROR] Failed to load resource: the server responded with a status of 401 (Unauthorized) @ http://localhost:3000/api/ha-oidc/providers/enabled:0
[   22807ms] [INFO] %cDownload the React DevTools for a better development experience: https://reactjs.org/link/react-devtools font-weight:bold @ http://localhost:3000/node_modules/.vite/deps/react-dom-BEjadErz.js?v=d60f55b8:17230
[   22845ms] [ERROR] Failed to load resource: the server responded with a status of 401 (Unauthorized) @ http://localhost:3000/api/ha-oidc/providers/enabled:0
[   22906ms] [INFO] %cDownload the React DevTools for a better development experience: https://reactjs.org/link/react-devtools font-weight:bold @ http://localhost:3000/node_modules/.vite/deps/react-dom-BEjadErz.js?v=d60f55b8:17230
[   22942ms] [ERROR] Failed to load resource: the server responded with a status of 401 (Unauthorized) @ http://localhost:3000/api/ha-oidc/providers/enabled:0
[   23004ms] [INFO] %cDownload the React DevTools for a better development experience: https://reactjs.org/link/react-devtools font-weight:bold @ http://localhost:3000/node_modules/.vite/deps/react-dom-BEjadErz.js?v=d60f55b8:17230
[   23041ms] [ERROR] Failed to load resource: the server responded with a status of 401 (Unauthorized) @ http://localhost:3000/api/ha-oidc/providers/enabled:0
[   23104ms] [INFO] %cDownload the React DevTools for a better development experience: https://reactjs.org/link/react-devtools font-weight:bold @ http://localhost:3000/node_modules/.vite/deps/react-dom-BEjadErz.js?v=d60f55b8:17230
[   23138ms] [ERROR] Failed to load resource: the server responded with a status of 401 (Unauthorized) @ http://localhost:3000/api/ha-oidc/providers/enabled:0
[   23199ms] [INFO] %cDownload the React DevTools for a better development experience: https://reactjs.org/link/react-devtools font-weight:bold @ http://localhost:3000/node_modules/.vite/deps/react-dom-BEjadErz.js?v=d60f55b8:17230
[   23235ms] [ERROR] Failed to load resource: the server responded with a status of 401 (Unauthorized) @ http://localhost:3000/api/ha-oidc/providers/enabled:0
[   23298ms] [INFO] %cDownload the React DevTools for a better development experience: https://reactjs.org/link/react-devtools font-weight:bold @ http://localhost:3000/node_modules/.vite/deps/react-dom-BEjadErz.js?v=d60f55b8:17230
[   23332ms] [ERROR] Failed to load resource: the server responded with a status of 401 (Unauthorized) @ http://localhost:3000/api/ha-oidc/providers/enabled:0
[   23393ms] [INFO] %cDownload the React DevTools for a better development experience: https://reactjs.org/link/react-devtools font-weight:bold @ http://localhost:3000/node_modules/.vite/deps/react-dom-BEjadErz.js?v=d60f55b8:17230
[   23431ms] [ERROR] Failed to load resource: the server responded with a status of 401 (Unauthorized) @ http://localhost:3000/api/ha-oidc/providers/enabled:0
[   23490ms] [INFO] %cDownload the React DevTools for a better development experience: https://reactjs.org/link/react-devtools font-weight:bold @ http://localhost:3000/node_modules/.vite/deps/react-dom-BEjadErz.js?v=d60f55b8:17230
[   23524ms] [ERROR] Failed to load resource: the server responded with a status of 401 (Unauthorized) @ http://localhost:3000/api/ha-oidc/providers/enabled:0
[   23585ms] [INFO] %cDownload the React DevTools for a better development experience: https://reactjs.org/link/react-devtools font-weight:bold @ http://localhost:3000/node_modules/.vite/deps/react-dom-BEjadErz.js?v=d60f55b8:17230
[   23626ms] [ERROR] Failed to load resource: the server responded with a status of 401 (Unauthorized) @ http://localhost:3000/api/ha-oidc/providers/enabled:0
[   23692ms] [INFO] %cDownload the React DevTools for a better development experience: https://reactjs.org/link/react-devtools font-weight:bold @ http://localhost:3000/node_modules/.vite/deps/react-dom-BEjadErz.js?v=d60f55b8:17230
[   23731ms] [ERROR] Failed to load resource: the server responded with a status of 401 (Unauthorized) @ http://localhost:3000/api/ha-oidc/providers/enabled:0
[   23797ms] [INFO] %cDownload the React DevTools for a better development experience: https://reactjs.org/link/react-devtools font-weight:bold @ http://localhost:3000/node_modules/.vite/deps/react-dom-BEjadErz.js?v=d60f55b8:17230
[   23834ms] [ERROR] Failed to load resource: the server responded with a status of 401 (Unauthorized) @ http://localhost:3000/api/ha-oidc/providers/enabled:0
[   23900ms] [INFO] %cDownload the React DevTools for a better development experience: https://reactjs.org/link/react-devtools font-weight:bold @ http://localhost:3000/node_modules/.vite/deps/react-dom-BEjadErz.js?v=d60f55b8:17230
[   23936ms] [ERROR] Failed to load resource: the server responded with a status of 401 (Unauthorized) @ http://localhost:3000/api/ha-oidc/providers/enabled:0
[   23998ms] [INFO] %cDownload the React DevTools for a better development experience: https://reactjs.org/link/react-devtools font-weight:bold @ http://localhost:3000/node_modules/.vite/deps/react-dom-BEjadErz.js?v=d60f55b8:17230
[   24038ms] [ERROR] Failed to load resource: the server responded with a status of 401 (Unauthorized) @ http://localhost:3000/api/ha-oidc/providers/enabled:0
[   24128ms] [INFO] %cDownload the React DevTools for a better development experience: https://reactjs.org/link/react-devtools font-weight:bold @ http://localhost:3000/node_modules/.vite/deps/react-dom-BEjadErz.js?v=d60f55b8:17230
[   24172ms] [ERROR] Failed to load resource: the server responded with a status of 401 (Unauthorized) @ http://localhost:3000/api/ha-oidc/providers/enabled:0
[   24251ms] [INFO] %cDownload the React DevTools for a better development experience: https://reactjs.org/link/react-devtools font-weight:bold @ http://localhost:3000/node_modules/.vite/deps/react-dom-BEjadErz.js?v=d60f55b8:17230
[   24296ms] [ERROR] Failed to load resource: the server responded with a status of 401 (Unauthorized) @ http://localhost:3000/api/ha-oidc/providers/enabled:0
[   24361ms] [INFO] %cDownload the React DevTools for a better development experience: https://reactjs.org/link/react-devtools font-weight:bold @ http://localhost:3000/node_modules/.vite/deps/react-dom-BEjadErz.js?v=d60f55b8:17230
[   24401ms] [ERROR] Failed to load resource: the server responded with a status of 401 (Unauthorized) @ http://localhost:3000/api/ha-oidc/providers/enabled:0
[   24472ms] [INFO] %cDownload the React DevTools for a better development experience: https://reactjs.org/link/react-devtools font-weight:bold @ http://localhost:3000/node_modules/.vite/deps/react-dom-BEjadErz.js?v=d60f55b8:17230
[   24505ms] [ERROR] Failed to load resource: the server responded with a status of 401 (Unauthorized) @ http://localhost:3000/api/ha-oidc/providers/enabled:0
[   24569ms] [INFO] %cDownload the React DevTools for a better development experience: https://reactjs.org/link/react-devtools font-weight:bold @ http://localhost:3000/node_modules/.vite/deps/react-dom-BEjadErz.js?v=d60f55b8:17230
[   24608ms] [ERROR] Failed to load resource: the server responded with a status of 401 (Unauthorized) @ http://localhost:3000/api/ha-oidc/providers/enabled:0
[   24669ms] [INFO] %cDownload the React DevTools for a better development experience: https://reactjs.org/link/react-devtools font-weight:bold @ http://localhost:3000/node_modules/.vite/deps/react-dom-BEjadErz.js?v=d60f55b8:17230
[   24711ms] [ERROR] Failed to load resource: the server responded with a status of 401 (Unauthorized) @ http://localhost:3000/api/ha-oidc/providers/enabled:0
[   24818ms] [INFO] %cDownload the React DevTools for a better development experience: https://reactjs.org/link/react-devtools font-weight:bold @ http://localhost:3000/node_modules/.vite/deps/react-dom-BEjadErz.js?v=d60f55b8:17230
[   24857ms] [ERROR] Failed to load resource: the server responded with a status of 401 (Unauthorized) @ http://localhost:3000/api/ha-oidc/providers/enabled:0
[   24924ms] [INFO] %cDownload the React DevTools for a better development experience: https://reactjs.org/link/react-devtools font-weight:bold @ http://localhost:3000/node_modules/.vite/deps/react-dom-BEjadErz.js?v=d60f55b8:17230
[   24958ms] [ERROR] Failed to load resource: the server responded with a status of 401 (Unauthorized) @ http://localhost:3000/api/ha-oidc/providers/enabled:0
[   25020ms] [INFO] %cDownload the React DevTools for a better development experience: https://reactjs.org/link/react-devtools font-weight:bold @ http://localhost:3000/node_modules/.vite/deps/react-dom-BEjadErz.js?v=d60f55b8:17230
[   25073ms] [ERROR] Failed to load resource: the server responded with a status of 401 (Unauthorized) @ http://localhost:3000/api/ha-oidc/providers/enabled:0
[   25135ms] [INFO] %cDownload the React DevTools for a better development experience: https://reactjs.org/link/react-devtools font-weight:bold @ http://localhost:3000/node_modules/.vite/deps/react-dom-BEjadErz.js?v=d60f55b8:17230
[   25168ms] [ERROR] Failed to load resource: the server responded with a status of 401 (Unauthorized) @ http://localhost:3000/api/ha-oidc/providers/enabled:0
[   25231ms] [INFO] %cDownload the React DevTools for a better development experience: https://reactjs.org/link/react-devtools font-weight:bold @ http://localhost:3000/node_modules/.vite/deps/react-dom-BEjadErz.js?v=d60f55b8:17230
[   25268ms] [ERROR] Failed to load resource: the server responded with a status of 401 (Unauthorized) @ http://localhost:3000/api/ha-oidc/providers/enabled:0
[   25332ms] [INFO] %cDownload the React DevTools for a better development experience: https://reactjs.org/link/react-devtools font-weight:bold @ http://localhost:3000/node_modules/.vite/deps/react-dom-BEjadErz.js?v=d60f55b8:17230
[   25367ms] [ERROR] Failed to load resource: the server responded with a status of 401 (Unauthorized) @ http://localhost:3000/api/ha-oidc/providers/enabled:0
[   25428ms] [INFO] %cDownload the React DevTools for a better development experience: https://reactjs.org/link/react-devtools font-weight:bold @ http://localhost:3000/node_modules/.vite/deps/react-dom-BEjadErz.js?v=d60f55b8:17230
[   25467ms] [ERROR] Failed to load resource: the server responded with a status of 401 (Unauthorized) @ http://localhost:3000/api/ha-oidc/providers/enabled:0
[   25533ms] [INFO] %cDownload the React DevTools for a better development experience: https://reactjs.org/link/react-devtools font-weight:bold @ http://localhost:3000/node_modules/.vite/deps/react-dom-BEjadErz.js?v=d60f55b8:17230
[   25568ms] [ERROR] Failed to load resource: the server responded with a status of 401 (Unauthorized) @ http://localhost:3000/api/ha-oidc/providers/enabled:0
[   25628ms] [INFO] %cDownload the React DevTools for a better development experience: https://reactjs.org/link/react-devtools font-weight:bold @ http://localhost:3000/node_modules/.vite/deps/react-dom-BEjadErz.js?v=d60f55b8:17230
[   25666ms] [ERROR] Failed to load resource: the server responded with a status of 401 (Unauthorized) @ http://localhost:3000/api/ha-oidc/providers/enabled:0
[   25727ms] [INFO] %cDownload the React DevTools for a better development experience: https://reactjs.org/link/react-devtools font-weight:bold @ http://localhost:3000/node_modules/.vite/deps/react-dom-BEjadErz.js?v=d60f55b8:17230
[   25767ms] [ERROR] Failed to load resource: the server responded with a status of 401 (Unauthorized) @ http://localhost:3000/api/ha-oidc/providers/enabled:0
[   25832ms] [INFO] %cDownload the React DevTools for a better development experience: https://reactjs.org/link/react-devtools font-weight:bold @ http://localhost:3000/node_modules/.vite/deps/react-dom-BEjadErz.js?v=d60f55b8:17230
[   25873ms] [ERROR] Failed to load resource: the server responded with a status of 401 (Unauthorized) @ http://localhost:3000/api/ha-oidc/providers/enabled:0
[   25938ms] [INFO] %cDownload the React DevTools for a better development experience: https://reactjs.org/link/react-devtools font-weight:bold @ http://localhost:3000/node_modules/.vite/deps/react-dom-BEjadErz.js?v=d60f55b8:17230
[   25973ms] [ERROR] Failed to load resource: the server responded with a status of 401 (Unauthorized) @ http://localhost:3000/api/ha-oidc/providers/enabled:0
[   26035ms] [INFO] %cDownload the React DevTools for a better development experience: https://reactjs.org/link/react-devtools font-weight:bold @ http://localhost:3000/node_modules/.vite/deps/react-dom-BEjadErz.js?v=d60f55b8:17230
[   26073ms] [ERROR] Failed to load resource: the server responded with a status of 401 (Unauthorized) @ http://localhost:3000/api/ha-oidc/providers/enabled:0
[   26134ms] [INFO] %cDownload the React DevTools for a better development experience: https://reactjs.org/link/react-devtools font-weight:bold @ http://localhost:3000/node_modules/.vite/deps/react-dom-BEjadErz.js?v=d60f55b8:17230
[   26167ms] [ERROR] Failed to load resource: the server responded with a status of 401 (Unauthorized) @ http://localhost:3000/api/ha-oidc/providers/enabled:0
[   26234ms] [INFO] %cDownload the React DevTools for a better development experience: https://reactjs.org/link/react-devtools font-weight:bold @ http://localhost:3000/node_modules/.vite/deps/react-dom-BEjadErz.js?v=d60f55b8:17230
[   26269ms] [ERROR] Failed to load resource: the server responded with a status of 401 (Unauthorized) @ http://localhost:3000/api/ha-oidc/providers/enabled:0
[   26332ms] [INFO] %cDownload the React DevTools for a better development experience: https://reactjs.org/link/react-devtools font-weight:bold @ http://localhost:3000/node_modules/.vite/deps/react-dom-BEjadErz.js?v=d60f55b8:17230
[   26367ms] [ERROR] Failed to load resource: the server responded with a status of 401 (Unauthorized) @ http://localhost:3000/api/ha-oidc/providers/enabled:0
[   26428ms] [INFO] %cDownload the React DevTools for a better development experience: https://reactjs.org/link/react-devtools font-weight:bold @ http://localhost:3000/node_modules/.vite/deps/react-dom-BEjadErz.js?v=d60f55b8:17230
[   26465ms] [ERROR] Failed to load resource: the server responded with a status of 401 (Unauthorized) @ http://localhost:3000/api/ha-oidc/providers/enabled:0
[   26526ms] [INFO] %cDownload the React DevTools for a better development experience: https://reactjs.org/link/react-devtools font-weight:bold @ http://localhost:3000/node_modules/.vite/deps/react-dom-BEjadErz.js?v=d60f55b8:17230
[   26561ms] [ERROR] Failed to load resource: the server responded with a status of 401 (Unauthorized) @ http://localhost:3000/api/ha-oidc/providers/enabled:0
[   26625ms] [INFO] %cDownload the React DevTools for a better development experience: https://reactjs.org/link/react-devtools font-weight:bold @ http://localhost:3000/node_modules/.vite/deps/react-dom-BEjadErz.js?v=d60f55b8:17230
[   26661ms] [ERROR] Failed to load resource: the server responded with a status of 401 (Unauthorized) @ http://localhost:3000/api/ha-oidc/providers/enabled:0
[   26725ms] [INFO] %cDownload the React DevTools for a better development experience: https://reactjs.org/link/react-devtools font-weight:bold @ http://localhost:3000/node_modules/.vite/deps/react-dom-BEjadErz.js?v=d60f55b8:17230
[   26758ms] [ERROR] Failed to load resource: the server responded with a status of 401 (Unauthorized) @ http://localhost:3000/api/ha-oidc/providers/enabled:0
[   26819ms] [INFO] %cDownload the React DevTools for a better development experience: https://reactjs.org/link/react-devtools font-weight:bold @ http://localhost:3000/node_modules/.vite/deps/react-dom-BEjadErz.js?v=d60f55b8:17230
[   26860ms] [ERROR] Failed to load resource: the server responded with a status of 401 (Unauthorized) @ http://localhost:3000/api/ha-oidc/providers/enabled:0
[   26926ms] [INFO] %cDownload the React DevTools for a better development experience: https://reactjs.org/link/react-devtools font-weight:bold @ http://localhost:3000/node_modules/.vite/deps/react-dom-BEjadErz.js?v=d60f55b8:17230
[   26959ms] [ERROR] Failed to load resource: the server responded with a status of 401 (Unauthorized) @ http://localhost:3000/api/ha-oidc/providers/enabled:0
[   27020ms] [INFO] %cDownload the React DevTools for a better development experience: https://reactjs.org/link/react-devtools font-weight:bold @ http://localhost:3000/node_modules/.vite/deps/react-dom-BEjadErz.js?v=d60f55b8:17230
[   27057ms] [ERROR] Failed to load resource: the server responded with a status of 401 (Unauthorized) @ http://localhost:3000/api/ha-oidc/providers/enabled:0
[   27119ms] [INFO] %cDownload the React DevTools for a better development experience: https://reactjs.org/link/react-devtools font-weight:bold @ http://localhost:3000/node_modules/.vite/deps/react-dom-BEjadErz.js?v=d60f55b8:17230
[   27153ms] [ERROR] Failed to load resource: the server responded with a status of 401 (Unauthorized) @ http://localhost:3000/api/ha-oidc/providers/enabled:0
[   27215ms] [INFO] %cDownload the React DevTools for a better development experience: https://reactjs.org/link/react-devtools font-weight:bold @ http://localhost:3000/node_modules/.vite/deps/react-dom-BEjadErz.js?v=d60f55b8:17230
[   27253ms] [ERROR] Failed to load resource: the server responded with a status of 401 (Unauthorized) @ http://localhost:3000/api/ha-oidc/providers/enabled:0
[   27316ms] [INFO] %cDownload the React DevTools for a better development experience: https://reactjs.org/link/react-devtools font-weight:bold @ http://localhost:3000/node_modules/.vite/deps/react-dom-BEjadErz.js?v=d60f55b8:17230
[   27352ms] [ERROR] Failed to load resource: the server responded with a status of 401 (Unauthorized) @ http://localhost:3000/api/ha-oidc/providers/enabled:0
[   27416ms] [INFO] %cDownload the React DevTools for a better development experience: https://reactjs.org/link/react-devtools font-weight:bold @ http://localhost:3000/node_modules/.vite/deps/react-dom-BEjadErz.js?v=d60f55b8:17230
[   27453ms] [ERROR] Failed to load resource: the server responded with a status of 401 (Unauthorized) @ http://localhost:3000/api/ha-oidc/providers/enabled:0
[   27515ms] [INFO] %cDownload the React DevTools for a better development experience: https://reactjs.org/link/react-devtools font-weight:bold @ http://localhost:3000/node_modules/.vite/deps/react-dom-BEjadErz.js?v=d60f55b8:17230
[   27549ms] [ERROR] Failed to load resource: the server responded with a status of 401 (Unauthorized) @ http://localhost:3000/api/ha-oidc/providers/enabled:0
[   27612ms] [INFO] %cDownload the React DevTools for a better development experience: https://reactjs.org/link/react-devtools font-weight:bold @ http://localhost:3000/node_modules/.vite/deps/react-dom-BEjadErz.js?v=d60f55b8:17230
[   27648ms] [ERROR] Failed to load resource: the server responded with a status of 401 (Unauthorized) @ http://localhost:3000/api/ha-oidc/providers/enabled:0
[   27709ms] [INFO] %cDownload the React DevTools for a better development experience: https://reactjs.org/link/react-devtools font-weight:bold @ http://localhost:3000/node_modules/.vite/deps/react-dom-BEjadErz.js?v=d60f55b8:17230
[   27743ms] [ERROR] Failed to load resource: the server responded with a status of 401 (Unauthorized) @ http://localhost:3000/api/ha-oidc/providers/enabled:0
[   27808ms] [INFO] %cDownload the React DevTools for a better development experience: https://reactjs.org/link/react-devtools font-weight:bold @ http://localhost:3000/node_modules/.vite/deps/react-dom-BEjadErz.js?v=d60f55b8:17230
[   27846ms] [ERROR] Failed to load resource: the server responded with a status of 401 (Unauthorized) @ http://localhost:3000/api/ha-oidc/providers/enabled:0
[   27910ms] [INFO] %cDownload the React DevTools for a better development experience: https://reactjs.org/link/react-devtools font-weight:bold @ http://localhost:3000/node_modules/.vite/deps/react-dom-BEjadErz.js?v=d60f55b8:17230
[   27947ms] [ERROR] Failed to load resource: the server responded with a status of 401 (Unauthorized) @ http://localhost:3000/api/ha-oidc/providers/enabled:0
[   28010ms] [INFO] %cDownload the React DevTools for a better development experience: https://reactjs.org/link/react-devtools font-weight:bold @ http://localhost:3000/node_modules/.vite/deps/react-dom-BEjadErz.js?v=d60f55b8:17230
[   28048ms] [ERROR] Failed to load resource: the server responded with a status of 401 (Unauthorized) @ http://localhost:3000/api/ha-oidc/providers/enabled:0
[   28108ms] [INFO] %cDownload the React DevTools for a better development experience: https://reactjs.org/link/react-devtools font-weight:bold @ http://localhost:3000/node_modules/.vite/deps/react-dom-BEjadErz.js?v=d60f55b8:17230
[   28143ms] [ERROR] Failed to load resource: the server responded with a status of 401 (Unauthorized) @ http://localhost:3000/api/ha-oidc/providers/enabled:0
[   28211ms] [INFO] %cDownload the React DevTools for a better development experience: https://reactjs.org/link/react-devtools font-weight:bold @ http://localhost:3000/node_modules/.vite/deps/react-dom-BEjadErz.js?v=d60f55b8:17230
[   28248ms] [ERROR] Failed to load resource: the server responded with a status of 401 (Unauthorized) @ http://localhost:3000/api/ha-oidc/providers/enabled:0
[   28308ms] [INFO] %cDownload the React DevTools for a better development experience: https://reactjs.org/link/react-devtools font-weight:bold @ http://localhost:3000/node_modules/.vite/deps/react-dom-BEjadErz.js?v=d60f55b8:17230
[   28343ms] [ERROR] Failed to load resource: the server responded with a status of 401 (Unauthorized) @ http://localhost:3000/api/ha-oidc/providers/enabled:0
[   28407ms] [INFO] %cDownload the React DevTools for a better development experience: https://reactjs.org/link/react-devtools font-weight:bold @ http://localhost:3000/node_modules/.vite/deps/react-dom-BEjadErz.js?v=d60f55b8:17230
[   28446ms] [ERROR] Failed to load resource: the server responded with a status of 401 (Unauthorized) @ http://localhost:3000/api/ha-oidc/providers/enabled:0
[   28534ms] [INFO] %cDownload the React DevTools for a better development experience: https://reactjs.org/link/react-devtools font-weight:bold @ http://localhost:3000/node_modules/.vite/deps/react-dom-BEjadErz.js?v=d60f55b8:17230
[   28575ms] [ERROR] Failed to load resource: the server responded with a status of 401 (Unauthorized) @ http://localhost:3000/api/ha-oidc/providers/enabled:0
[   28640ms] [INFO] %cDownload the React DevTools for a better development experience: https://reactjs.org/link/react-devtools font-weight:bold @ http://localhost:3000/node_modules/.vite/deps/react-dom-BEjadErz.js?v=d60f55b8:17230
[   28683ms] [ERROR] Failed to load resource: the server responded with a status of 401 (Unauthorized) @ http://localhost:3000/api/ha-oidc/providers/enabled:0
[   28749ms] [INFO] %cDownload the React DevTools for a better development experience: https://reactjs.org/link/react-devtools font-weight:bold @ http://localhost:3000/node_modules/.vite/deps/react-dom-BEjadErz.js?v=d60f55b8:17230
[   28786ms] [ERROR] Failed to load resource: the server responded with a status of 401 (Unauthorized) @ http://localhost:3000/api/ha-oidc/providers/enabled:0
[   28851ms] [INFO] %cDownload the React DevTools for a better development experience: https://reactjs.org/link/react-devtools font-weight:bold @ http://localhost:3000/node_modules/.vite/deps/react-dom-BEjadErz.js?v=d60f55b8:17230
[   28886ms] [ERROR] Failed to load resource: the server responded with a status of 401 (Unauthorized) @ http://localhost:3000/api/ha-oidc/providers/enabled:0
[   28947ms] [INFO] %cDownload the React DevTools for a better development experience: https://reactjs.org/link/react-devtools font-weight:bold @ http://localhost:3000/node_modules/.vite/deps/react-dom-BEjadErz.js?v=d60f55b8:17230
[   28989ms] [ERROR] Failed to load resource: the server responded with a status of 401 (Unauthorized) @ http://localhost:3000/api/ha-oidc/providers/enabled:0
[   29051ms] [INFO] %cDownload the React DevTools for a better development experience: https://reactjs.org/link/react-devtools font-weight:bold @ http://localhost:3000/node_modules/.vite/deps/react-dom-BEjadErz.js?v=d60f55b8:17230
[   29085ms] [ERROR] Failed to load resource: the server responded with a status of 401 (Unauthorized) @ http://localhost:3000/api/ha-oidc/providers/enabled:0
[   29149ms] [INFO] %cDownload the React DevTools for a better development experience: https://reactjs.org/link/react-devtools font-weight:bold @ http://localhost:3000/node_modules/.vite/deps/react-dom-BEjadErz.js?v=d60f55b8:17230
[   29185ms] [ERROR] Failed to load resource: the server responded with a status of 401 (Unauthorized) @ http://localhost:3000/api/ha-oidc/providers/enabled:0
[   29248ms] [INFO] %cDownload the React DevTools for a better development experience: https://reactjs.org/link/react-devtools font-weight:bold @ http://localhost:3000/node_modules/.vite/deps/react-dom-BEjadErz.js?v=d60f55b8:17230
[   29282ms] [ERROR] Failed to load resource: the server responded with a status of 401 (Unauthorized) @ http://localhost:3000/api/ha-oidc/providers/enabled:0
[   29343ms] [INFO] %cDownload the React DevTools for a better development experience: https://reactjs.org/link/react-devtools font-weight:bold @ http://localhost:3000/node_modules/.vite/deps/react-dom-BEjadErz.js?v=d60f55b8:17230
[   29380ms] [ERROR] Failed to load resource: the server responded with a status of 401 (Unauthorized) @ http://localhost:3000/api/ha-oidc/providers/enabled:0
[   29440ms] [INFO] %cDownload the React DevTools for a better development experience: https://reactjs.org/link/react-devtools font-weight:bold @ http://localhost:3000/node_modules/.vite/deps/react-dom-BEjadErz.js?v=d60f55b8:17230
[   29475ms] [ERROR] Failed to load resource: the server responded with a status of 401 (Unauthorized) @ http://localhost:3000/api/ha-oidc/providers/enabled:0
[   29536ms] [INFO] %cDownload the React DevTools for a better development experience: https://reactjs.org/link/react-devtools font-weight:bold @ http://localhost:3000/node_modules/.vite/deps/react-dom-BEjadErz.js?v=d60f55b8:17230
[   29572ms] [ERROR] Failed to load resource: the server responded with a status of 401 (Unauthorized) @ http://localhost:3000/api/ha-oidc/providers/enabled:0
[   29632ms] [INFO] %cDownload the React DevTools for a better development experience: https://reactjs.org/link/react-devtools font-weight:bold @ http://localhost:3000/node_modules/.vite/deps/react-dom-BEjadErz.js?v=d60f55b8:17230
[   29665ms] [ERROR] Failed to load resource: the server responded with a status of 401 (Unauthorized) @ http://localhost:3000/api/ha-oidc/providers/enabled:0
[   29726ms] [INFO] %cDownload the React DevTools for a better development experience: https://reactjs.org/link/react-devtools font-weight:bold @ http://localhost:3000/node_modules/.vite/deps/react-dom-BEjadErz.js?v=d60f55b8:17230
[   29763ms] [ERROR] Failed to load resource: the server responded with a status of 401 (Unauthorized) @ http://localhost:3000/api/ha-oidc/providers/enabled:0
[   29824ms] [INFO] %cDownload the React DevTools for a better development experience: https://reactjs.org/link/react-devtools font-weight:bold @ http://localhost:3000/node_modules/.vite/deps/react-dom-BEjadErz.js?v=d60f55b8:17230
[   29860ms] [ERROR] Failed to load resource: the server responded with a status of 401 (Unauthorized) @ http://localhost:3000/api/ha-oidc/providers/enabled:0
[   29924ms] [INFO] %cDownload the React DevTools for a better development experience: https://reactjs.org/link/react-devtools font-weight:bold @ http://localhost:3000/node_modules/.vite/deps/react-dom-BEjadErz.js?v=d60f55b8:17230
[   29961ms] [ERROR] Failed to load resource: the server responded with a status of 401 (Unauthorized) @ http://localhost:3000/api/ha-oidc/providers/enabled:0
[   30025ms] [INFO] %cDownload the React DevTools for a better development experience: https://reactjs.org/link/react-devtools font-weight:bold @ http://localhost:3000/node_modules/.vite/deps/react-dom-BEjadErz.js?v=d60f55b8:17230
[   30063ms] [ERROR] Failed to load resource: the server responded with a status of 401 (Unauthorized) @ http://localhost:3000/api/ha-oidc/providers/enabled:0
[   30125ms] [INFO] %cDownload the React DevTools for a better development experience: https://reactjs.org/link/react-devtools font-weight:bold @ http://localhost:3000/node_modules/.vite/deps/react-dom-BEjadErz.js?v=d60f55b8:17230
[   30162ms] [ERROR] Failed to load resource: the server responded with a status of 401 (Unauthorized) @ http://localhost:3000/api/ha-oidc/providers/enabled:0
[   30225ms] [INFO] %cDownload the React DevTools for a better development experience: https://reactjs.org/link/react-devtools font-weight:bold @ http://localhost:3000/node_modules/.vite/deps/react-dom-BEjadErz.js?v=d60f55b8:17230
[   30263ms] [ERROR] Failed to load resource: the server responded with a status of 401 (Unauthorized) @ http://localhost:3000/api/ha-oidc/providers/enabled:0
[   30326ms] [INFO] %cDownload the React DevTools for a better development experience: https://reactjs.org/link/react-devtools font-weight:bold @ http://localhost:3000/node_modules/.vite/deps/react-dom-BEjadErz.js?v=d60f55b8:17230
[   30362ms] [ERROR] Failed to load resource: the server responded with a status of 401 (Unauthorized) @ http://localhost:3000/api/ha-oidc/providers/enabled:0
[   30429ms] [INFO] %cDownload the React DevTools for a better development experience: https://reactjs.org/link/react-devtools font-weight:bold @ http://localhost:3000/node_modules/.vite/deps/react-dom-BEjadErz.js?v=d60f55b8:17230
[   30464ms] [ERROR] Failed to load resource: the server responded with a status of 401 (Unauthorized) @ http://localhost:3000/api/ha-oidc/providers/enabled:0
[   30527ms] [INFO] %cDownload the React DevTools for a better development experience: https://reactjs.org/link/react-devtools font-weight:bold @ http://localhost:3000/node_modules/.vite/deps/react-dom-BEjadErz.js?v=d60f55b8:17230
[   30564ms] [ERROR] Failed to load resource: the server responded with a status of 401 (Unauthorized) @ http://localhost:3000/api/ha-oidc/providers/enabled:0
[   30625ms] [INFO] %cDownload the React DevTools for a better development experience: https://reactjs.org/link/react-devtools font-weight:bold @ http://localhost:3000/node_modules/.vite/deps/react-dom-BEjadErz.js?v=d60f55b8:17230
[   30659ms] [ERROR] Failed to load resource: the server responded with a status of 401 (Unauthorized) @ http://localhost:3000/api/ha-oidc/providers/enabled:0
[   30725ms] [INFO] %cDownload the React DevTools for a better development experience: https://reactjs.org/link/react-devtools font-weight:bold @ http://localhost:3000/node_modules/.vite/deps/react-dom-BEjadErz.js?v=d60f55b8:17230
[   30763ms] [ERROR] Failed to load resource: the server responded with a status of 401 (Unauthorized) @ http://localhost:3000/api/ha-oidc/providers/enabled:0
[   30825ms] [INFO] %cDownload the React DevTools for a better development experience: https://reactjs.org/link/react-devtools font-weight:bold @ http://localhost:3000/node_modules/.vite/deps/react-dom-BEjadErz.js?v=d60f55b8:17230
[   30859ms] [ERROR] Failed to load resource: the server responded with a status of 401 (Unauthorized) @ http://localhost:3000/api/ha-oidc/providers/enabled:0
[   30922ms] [INFO] %cDownload the React DevTools for a better development experience: https://reactjs.org/link/react-devtools font-weight:bold @ http://localhost:3000/node_modules/.vite/deps/react-dom-BEjadErz.js?v=d60f55b8:17230
[   30959ms] [ERROR] Failed to load resource: the server responded with a status of 401 (Unauthorized) @ http://localhost:3000/api/ha-oidc/providers/enabled:0
[   31024ms] [INFO] %cDownload the React DevTools for a better development experience: https://reactjs.org/link/react-devtools font-weight:bold @ http://localhost:3000/node_modules/.vite/deps/react-dom-BEjadErz.js?v=d60f55b8:17230
[   31058ms] [ERROR] Failed to load resource: the server responded with a status of 401 (Unauthorized) @ http://localhost:3000/api/ha-oidc/providers/enabled:0
[   31122ms] [INFO] %cDownload the React DevTools for a better development experience: https://reactjs.org/link/react-devtools font-weight:bold @ http://localhost:3000/node_modules/.vite/deps/react-dom-BEjadErz.js?v=d60f55b8:17230
[   31159ms] [ERROR] Failed to load resource: the server responded with a status of 401 (Unauthorized) @ http://localhost:3000/api/ha-oidc/providers/enabled:0
[   31222ms] [INFO] %cDownload the React DevTools for a better development experience: https://reactjs.org/link/react-devtools font-weight:bold @ http://localhost:3000/node_modules/.vite/deps/react-dom-BEjadErz.js?v=d60f55b8:17230
[   31254ms] [ERROR] Failed to load resource: the server responded with a status of 401 (Unauthorized) @ http://localhost:3000/api/ha-oidc/providers/enabled:0
[   31320ms] [INFO] %cDownload the React DevTools for a better development experience: https://reactjs.org/link/react-devtools font-weight:bold @ http://localhost:3000/node_modules/.vite/deps/react-dom-BEjadErz.js?v=d60f55b8:17230
[   31355ms] [ERROR] Failed to load resource: the server responded with a status of 401 (Unauthorized) @ http://localhost:3000/api/ha-oidc/providers/enabled:0
[   31420ms] [INFO] %cDownload the React DevTools for a better development experience: https://reactjs.org/link/react-devtools font-weight:bold @ http://localhost:3000/node_modules/.vite/deps/react-dom-BEjadErz.js?v=d60f55b8:17230
[   31452ms] [ERROR] Failed to load resource: the server responded with a status of 401 (Unauthorized) @ http://localhost:3000/api/ha-oidc/providers/enabled:0
[   31515ms] [INFO] %cDownload the React DevTools for a better development experience: https://reactjs.org/link/react-devtools font-weight:bold @ http://localhost:3000/node_modules/.vite/deps/react-dom-BEjadErz.js?v=d60f55b8:17230
[   31551ms] [ERROR] Failed to load resource: the server responded with a status of 401 (Unauthorized) @ http://localhost:3000/api/ha-oidc/providers/enabled:0
[   31616ms] [INFO] %cDownload the React DevTools for a better development experience: https://reactjs.org/link/react-devtools font-weight:bold @ http://localhost:3000/node_modules/.vite/deps/react-dom-BEjadErz.js?v=d60f55b8:17230
[   31651ms] [ERROR] Failed to load resource: the server responded with a status of 401 (Unauthorized) @ http://localhost:3000/api/ha-oidc/providers/enabled:0
[   31713ms] [INFO] %cDownload the React DevTools for a better development experience: https://reactjs.org/link/react-devtools font-weight:bold @ http://localhost:3000/node_modules/.vite/deps/react-dom-BEjadErz.js?v=d60f55b8:17230
[   31750ms] [ERROR] Failed to load resource: the server responded with a status of 401 (Unauthorized) @ http://localhost:3000/api/ha-oidc/providers/enabled:0
[   31812ms] [INFO] %cDownload the React DevTools for a better development experience: https://reactjs.org/link/react-devtools font-weight:bold @ http://localhost:3000/node_modules/.vite/deps/react-dom-BEjadErz.js?v=d60f55b8:17230
[   31846ms] [ERROR] Failed to load resource: the server responded with a status of 401 (Unauthorized) @ http://localhost:3000/api/ha-oidc/providers/enabled:0
[   31909ms] [INFO] %cDownload the React DevTools for a better development experience: https://reactjs.org/link/react-devtools font-weight:bold @ http://localhost:3000/node_modules/.vite/deps/react-dom-BEjadErz.js?v=d60f55b8:17230
[   31947ms] [ERROR] Failed to load resource: the server responded with a status of 401 (Unauthorized) @ http://localhost:3000/api/ha-oidc/providers/enabled:0
[   32008ms] [INFO] %cDownload the React DevTools for a better development experience: https://reactjs.org/link/react-devtools font-weight:bold @ http://localhost:3000/node_modules/.vite/deps/react-dom-BEjadErz.js?v=d60f55b8:17230
[   32043ms] [ERROR] Failed to load resource: the server responded with a status of 401 (Unauthorized) @ http://localhost:3000/api/ha-oidc/providers/enabled:0
[   32108ms] [INFO] %cDownload the React DevTools for a better development experience: https://reactjs.org/link/react-devtools font-weight:bold @ http://localhost:3000/node_modules/.vite/deps/react-dom-BEjadErz.js?v=d60f55b8:17230
[   32145ms] [ERROR] Failed to load resource: the server responded with a status of 401 (Unauthorized) @ http://localhost:3000/api/ha-oidc/providers/enabled:0
[   32208ms] [INFO] %cDownload the React DevTools for a better development experience: https://reactjs.org/link/react-devtools font-weight:bold @ http://localhost:3000/node_modules/.vite/deps/react-dom-BEjadErz.js?v=d60f55b8:17230
[   32247ms] [ERROR] Failed to load resource: the server responded with a status of 401 (Unauthorized) @ http://localhost:3000/api/ha-oidc/providers/enabled:0
[   32309ms] [INFO] %cDownload the React DevTools for a better development experience: https://reactjs.org/link/react-devtools font-weight:bold @ http://localhost:3000/node_modules/.vite/deps/react-dom-BEjadErz.js?v=d60f55b8:17230
[   32346ms] [ERROR] Failed to load resource: the server responded with a status of 401 (Unauthorized) @ http://localhost:3000/api/ha-oidc/providers/enabled:0
[   32407ms] [INFO] %cDownload the React DevTools for a better development experience: https://reactjs.org/link/react-devtools font-weight:bold @ http://localhost:3000/node_modules/.vite/deps/react-dom-BEjadErz.js?v=d60f55b8:17230
[   32441ms] [ERROR] Failed to load resource: the server responded with a status of 401 (Unauthorized) @ http://localhost:3000/api/ha-oidc/providers/enabled:0
[   32502ms] [INFO] %cDownload the React DevTools for a better development experience: https://reactjs.org/link/react-devtools font-weight:bold @ http://localhost:3000/node_modules/.vite/deps/react-dom-BEjadErz.js?v=d60f55b8:17230
[   32538ms] [ERROR] Failed to load resource: the server responded with a status of 401 (Unauthorized) @ http://localhost:3000/api/ha-oidc/providers/enabled:0
[   32603ms] [INFO] %cDownload the React DevTools for a better development experience: https://reactjs.org/link/react-devtools font-weight:bold @ http://localhost:3000/node_modules/.vite/deps/react-dom-BEjadErz.js?v=d60f55b8:17230
[   32635ms] [ERROR] Failed to load resource: the server responded with a status of 401 (Unauthorized) @ http://localhost:3000/api/ha-oidc/providers/enabled:0
[   32699ms] [INFO] %cDownload the React DevTools for a better development experience: https://reactjs.org/link/react-devtools font-weight:bold @ http://localhost:3000/node_modules/.vite/deps/react-dom-BEjadErz.js?v=d60f55b8:17230
[   32735ms] [ERROR] Failed to load resource: the server responded with a status of 401 (Unauthorized) @ http://localhost:3000/api/ha-oidc/providers/enabled:0
[   32799ms] [INFO] %cDownload the React DevTools for a better development experience: https://reactjs.org/link/react-devtools font-weight:bold @ http://localhost:3000/node_modules/.vite/deps/react-dom-BEjadErz.js?v=d60f55b8:17230
[   32831ms] [ERROR] Failed to load resource: the server responded with a status of 401 (Unauthorized) @ http://localhost:3000/api/ha-oidc/providers/enabled:0
[   32893ms] [INFO] %cDownload the React DevTools for a better development experience: https://reactjs.org/link/react-devtools font-weight:bold @ http://localhost:3000/node_modules/.vite/deps/react-dom-BEjadErz.js?v=d60f55b8:17230
[   32931ms] [ERROR] Failed to load resource: the server responded with a status of 401 (Unauthorized) @ http://localhost:3000/api/ha-oidc/providers/enabled:0
[   33000ms] [INFO] %cDownload the React DevTools for a better development experience: https://reactjs.org/link/react-devtools font-weight:bold @ http://localhost:3000/node_modules/.vite/deps/react-dom-BEjadErz.js?v=d60f55b8:17230
[   33034ms] [ERROR] Failed to load resource: the server responded with a status of 401 (Unauthorized) @ http://localhost:3000/api/ha-oidc/providers/enabled:0
[   33106ms] [INFO] %cDownload the React DevTools for a better development experience: https://reactjs.org/link/react-devtools font-weight:bold @ http://localhost:3000/node_modules/.vite/deps/react-dom-BEjadErz.js?v=d60f55b8:17230
[   33151ms] [ERROR] Failed to load resource: the server responded with a status of 401 (Unauthorized) @ http://localhost:3000/api/ha-oidc/providers/enabled:0
[   33227ms] [INFO] %cDownload the React DevTools for a better development experience: https://reactjs.org/link/react-devtools font-weight:bold @ http://localhost:3000/node_modules/.vite/deps/react-dom-BEjadErz.js?v=d60f55b8:17230
[   33264ms] [ERROR] Failed to load resource: the server responded with a status of 401 (Unauthorized) @ http://localhost:3000/api/ha-oidc/providers/enabled:0
[   33334ms] [INFO] %cDownload the React DevTools for a better development experience: https://reactjs.org/link/react-devtools font-weight:bold @ http://localhost:3000/node_modules/.vite/deps/react-dom-BEjadErz.js?v=d60f55b8:17230
[   33375ms] [ERROR] Failed to load resource: the server responded with a status of 401 (Unauthorized) @ http://localhost:3000/api/ha-oidc/providers/enabled:0
[   33444ms] [INFO] %cDownload the React DevTools for a better development experience: https://reactjs.org/link/react-devtools font-weight:bold @ http://localhost:3000/node_modules/.vite/deps/react-dom-BEjadErz.js?v=d60f55b8:17230
[   33484ms] [ERROR] Failed to load resource: the server responded with a status of 401 (Unauthorized) @ http://localhost:3000/api/ha-oidc/providers/enabled:0
[   33552ms] [INFO] %cDownload the React DevTools for a better development experience: https://reactjs.org/link/react-devtools font-weight:bold @ http://localhost:3000/node_modules/.vite/deps/react-dom-BEjadErz.js?v=d60f55b8:17230
[   33593ms] [ERROR] Failed to load resource: the server responded with a status of 401 (Unauthorized) @ http://localhost:3000/api/ha-oidc/providers/enabled:0
[   33664ms] [INFO] %cDownload the React DevTools for a better development experience: https://reactjs.org/link/react-devtools font-weight:bold @ http://localhost:3000/node_modules/.vite/deps/react-dom-BEjadErz.js?v=d60f55b8:17230
[   33702ms] [ERROR] Failed to load resource: the server responded with a status of 401 (Unauthorized) @ http://localhost:3000/api/ha-oidc/providers/enabled:0
[   33768ms] [INFO] %cDownload the React DevTools for a better development experience: https://reactjs.org/link/react-devtools font-weight:bold @ http://localhost:3000/node_modules/.vite/deps/react-dom-BEjadErz.js?v=d60f55b8:17230
[   33809ms] [ERROR] Failed to load resource: the server responded with a status of 401 (Unauthorized) @ http://localhost:3000/api/ha-oidc/providers/enabled:0
[   33884ms] [INFO] %cDownload the React DevTools for a better development experience: https://reactjs.org/link/react-devtools font-weight:bold @ http://localhost:3000/node_modules/.vite/deps/react-dom-BEjadErz.js?v=d60f55b8:17230
[   33918ms] [ERROR] Failed to load resource: the server responded with a status of 401 (Unauthorized) @ http://localhost:3000/api/ha-oidc/providers/enabled:0
[   33985ms] [INFO] %cDownload the React DevTools for a better development experience: https://reactjs.org/link/react-devtools font-weight:bold @ http://localhost:3000/node_modules/.vite/deps/react-dom-BEjadErz.js?v=d60f55b8:17230
[   34026ms] [ERROR] Failed to load resource: the server responded with a status of 401 (Unauthorized) @ http://localhost:3000/api/ha-oidc/providers/enabled:0
[   34090ms] [INFO] %cDownload the React DevTools for a better development experience: https://reactjs.org/link/react-devtools font-weight:bold @ http://localhost:3000/node_modules/.vite/deps/react-dom-BEjadErz.js?v=d60f55b8:17230
[   34129ms] [ERROR] Failed to load resource: the server responded with a status of 401 (Unauthorized) @ http://localhost:3000/api/ha-oidc/providers/enabled:0
[   34196ms] [INFO] %cDownload the React DevTools for a better development experience: https://reactjs.org/link/react-devtools font-weight:bold @ http://localhost:3000/node_modules/.vite/deps/react-dom-BEjadErz.js?v=d60f55b8:17230
[   34235ms] [ERROR] Failed to load resource: the server responded with a status of 401 (Unauthorized) @ http://localhost:3000/api/ha-oidc/providers/enabled:0
[   34327ms] [INFO] %cDownload the React DevTools for a better development experience: https://reactjs.org/link/react-devtools font-weight:bold @ http://localhost:3000/node_modules/.vite/deps/react-dom-BEjadErz.js?v=d60f55b8:17230
[   34386ms] [ERROR] Failed to load resource: the server responded with a status of 401 (Unauthorized) @ http://localhost:3000/api/ha-oidc/providers/enabled:0
[   34451ms] [INFO] %cDownload the React DevTools for a better development experience: https://reactjs.org/link/react-devtools font-weight:bold @ http://localhost:3000/node_modules/.vite/deps/react-dom-BEjadErz.js?v=d60f55b8:17230
[   34497ms] [ERROR] Failed to load resource: the server responded with a status of 401 (Unauthorized) @ http://localhost:3000/api/ha-oidc/providers/enabled:0
[   34564ms] [INFO] %cDownload the React DevTools for a better development experience: https://reactjs.org/link/react-devtools font-weight:bold @ http://localhost:3000/node_modules/.vite/deps/react-dom-BEjadErz.js?v=d60f55b8:17230
[   34600ms] [ERROR] Failed to load resource: the server responded with a status of 401 (Unauthorized) @ http://localhost:3000/api/ha-oidc/providers/enabled:0
[   34662ms] [INFO] %cDownload the React DevTools for a better development experience: https://reactjs.org/link/react-devtools font-weight:bold @ http://localhost:3000/node_modules/.vite/deps/react-dom-BEjadErz.js?v=d60f55b8:17230
[   34695ms] [ERROR] Failed to load resource: the server responded with a status of 401 (Unauthorized) @ http://localhost:3000/api/ha-oidc/providers/enabled:0
[   34759ms] [INFO] %cDownload the React DevTools for a better development experience: https://reactjs.org/link/react-devtools font-weight:bold @ http://localhost:3000/node_modules/.vite/deps/react-dom-BEjadErz.js?v=d60f55b8:17230
[   34794ms] [ERROR] Failed to load resource: the server responded with a status of 401 (Unauthorized) @ http://localhost:3000/api/ha-oidc/providers/enabled:0
[   34857ms] [INFO] %cDownload the React DevTools for a better development experience: https://reactjs.org/link/react-devtools font-weight:bold @ http://localhost:3000/node_modules/.vite/deps/react-dom-BEjadErz.js?v=d60f55b8:17230
[   34896ms] [ERROR] Failed to load resource: the server responded with a status of 401 (Unauthorized) @ http://localhost:3000/api/ha-oidc/providers/enabled:0
[   34981ms] [INFO] %cDownload the React DevTools for a better development experience: https://reactjs.org/link/react-devtools font-weight:bold @ http://localhost:3000/node_modules/.vite/deps/react-dom-BEjadErz.js?v=d60f55b8:17230
[   35017ms] [ERROR] Failed to load resource: the server responded with a status of 401 (Unauthorized) @ http://localhost:3000/api/ha-oidc/providers/enabled:0
[   35083ms] [INFO] %cDownload the React DevTools for a better development experience: https://reactjs.org/link/react-devtools font-weight:bold @ http://localhost:3000/node_modules/.vite/deps/react-dom-BEjadErz.js?v=d60f55b8:17230
[   35116ms] [ERROR] Failed to load resource: the server responded with a status of 401 (Unauthorized) @ http://localhost:3000/api/ha-oidc/providers/enabled:0
[   35183ms] [INFO] %cDownload the React DevTools for a better development experience: https://reactjs.org/link/react-devtools font-weight:bold @ http://localhost:3000/node_modules/.vite/deps/react-dom-BEjadErz.js?v=d60f55b8:17230
[   35219ms] [ERROR] Failed to load resource: the server responded with a status of 401 (Unauthorized) @ http://localhost:3000/api/ha-oidc/providers/enabled:0
[   35284ms] [INFO] %cDownload the React DevTools for a better development experience: https://reactjs.org/link/react-devtools font-weight:bold @ http://localhost:3000/node_modules/.vite/deps/react-dom-BEjadErz.js?v=d60f55b8:17230
[   35316ms] [ERROR] Failed to load resource: the server responded with a status of 401 (Unauthorized) @ http://localhost:3000/api/ha-oidc/providers/enabled:0
[   35377ms] [INFO] %cDownload the React DevTools for a better development experience: https://reactjs.org/link/react-devtools font-weight:bold @ http://localhost:3000/node_modules/.vite/deps/react-dom-BEjadErz.js?v=d60f55b8:17230
[   35420ms] [ERROR] Failed to load resource: the server responded with a status of 401 (Unauthorized) @ http://localhost:3000/api/ha-oidc/providers/enabled:0
[   35495ms] [INFO] %cDownload the React DevTools for a better development experience: https://reactjs.org/link/react-devtools font-weight:bold @ http://localhost:3000/node_modules/.vite/deps/react-dom-BEjadErz.js?v=d60f55b8:17230
[   35528ms] [ERROR] Failed to load resource: the server responded with a status of 401 (Unauthorized) @ http://localhost:3000/api/ha-oidc/providers/enabled:0
[   35641ms] [INFO] %cDownload the React DevTools for a better development experience: https://reactjs.org/link/react-devtools font-weight:bold @ http://localhost:3000/node_modules/.vite/deps/react-dom-BEjadErz.js?v=d60f55b8:17230
[   35681ms] [ERROR] Failed to load resource: the server responded with a status of 401 (Unauthorized) @ http://localhost:3000/api/ha-oidc/providers/enabled:0
[   35744ms] [INFO] %cDownload the React DevTools for a better development experience: https://reactjs.org/link/react-devtools font-weight:bold @ http://localhost:3000/node_modules/.vite/deps/react-dom-BEjadErz.js?v=d60f55b8:17230
[   35776ms] [ERROR] Failed to load resource: the server responded with a status of 401 (Unauthorized) @ http://localhost:3000/api/ha-oidc/providers/enabled:0
[   35840ms] [INFO] %cDownload the React DevTools for a better development experience: https://reactjs.org/link/react-devtools font-weight:bold @ http://localhost:3000/node_modules/.vite/deps/react-dom-BEjadErz.js?v=d60f55b8:17230
[   35876ms] [ERROR] Failed to load resource: the server responded with a status of 401 (Unauthorized) @ http://localhost:3000/api/ha-oidc/providers/enabled:0
[   35941ms] [INFO] %cDownload the React DevTools for a better development experience: https://reactjs.org/link/react-devtools font-weight:bold @ http://localhost:3000/node_modules/.vite/deps/react-dom-BEjadErz.js?v=d60f55b8:17230
[   35975ms] [ERROR] Failed to load resource: the server responded with a status of 401 (Unauthorized) @ http://localhost:3000/api/ha-oidc/providers/enabled:0
[   36037ms] [INFO] %cDownload the React DevTools for a better development experience: https://reactjs.org/link/react-devtools font-weight:bold @ http://localhost:3000/node_modules/.vite/deps/react-dom-BEjadErz.js?v=d60f55b8:17230
[   36074ms] [ERROR] Failed to load resource: the server responded with a status of 401 (Unauthorized) @ http://localhost:3000/api/ha-oidc/providers/enabled:0
[   36141ms] [INFO] %cDownload the React DevTools for a better development experience: https://reactjs.org/link/react-devtools font-weight:bold @ http://localhost:3000/node_modules/.vite/deps/react-dom-BEjadErz.js?v=d60f55b8:17230
[   36173ms] [ERROR] Failed to load resource: the server responded with a status of 401 (Unauthorized) @ http://localhost:3000/api/ha-oidc/providers/enabled:0
[   36236ms] [INFO] %cDownload the React DevTools for a better development experience: https://reactjs.org/link/react-devtools font-weight:bold @ http://localhost:3000/node_modules/.vite/deps/react-dom-BEjadErz.js?v=d60f55b8:17230
[   36273ms] [ERROR] Failed to load resource: the server responded with a status of 401 (Unauthorized) @ http://localhost:3000/api/ha-oidc/providers/enabled:0
[   36337ms] [INFO] %cDownload the React DevTools for a better development experience: https://reactjs.org/link/react-devtools font-weight:bold @ http://localhost:3000/node_modules/.vite/deps/react-dom-BEjadErz.js?v=d60f55b8:17230
[   36373ms] [ERROR] Failed to load resource: the server responded with a status of 401 (Unauthorized) @ http://localhost:3000/api/ha-oidc/providers/enabled:0
[   36441ms] [INFO] %cDownload the React DevTools for a better development experience: https://reactjs.org/link/react-devtools font-weight:bold @ http://localhost:3000/node_modules/.vite/deps/react-dom-BEjadErz.js?v=d60f55b8:17230
[   36493ms] [ERROR] Failed to load resource: the server responded with a status of 401 (Unauthorized) @ http://localhost:3000/api/ha-oidc/providers/enabled:0
[   36567ms] [INFO] %cDownload the React DevTools for a better development experience: https://reactjs.org/link/react-devtools font-weight:bold @ http://localhost:3000/node_modules/.vite/deps/react-dom-BEjadErz.js?v=d60f55b8:17230
[   36603ms] [ERROR] Failed to load resource: the server responded with a status of 401 (Unauthorized) @ http://localhost:3000/api/ha-oidc/providers/enabled:0
[   36667ms] [INFO] %cDownload the React DevTools for a better development experience: https://reactjs.org/link/react-devtools font-weight:bold @ http://localhost:3000/node_modules/.vite/deps/react-dom-BEjadErz.js?v=d60f55b8:17230
[   36702ms] [ERROR] Failed to load resource: the server responded with a status of 401 (Unauthorized) @ http://localhost:3000/api/ha-oidc/providers/enabled:0
[   36767ms] [INFO] %cDownload the React DevTools for a better development experience: https://reactjs.org/link/react-devtools font-weight:bold @ http://localhost:3000/node_modules/.vite/deps/react-dom-BEjadErz.js?v=d60f55b8:17230
[   36802ms] [ERROR] Failed to load resource: the server responded with a status of 401 (Unauthorized) @ http://localhost:3000/api/ha-oidc/providers/enabled:0
[   36866ms] [INFO] %cDownload the React DevTools for a better development experience: https://reactjs.org/link/react-devtools font-weight:bold @ http://localhost:3000/node_modules/.vite/deps/react-dom-BEjadErz.js?v=d60f55b8:17230
[   36904ms] [ERROR] Failed to load resource: the server responded with a status of 401 (Unauthorized) @ http://localhost:3000/api/ha-oidc/providers/enabled:0
[   36965ms] [INFO] %cDownload the React DevTools for a better development experience: https://reactjs.org/link/react-devtools font-weight:bold @ http://localhost:3000/node_modules/.vite/deps/react-dom-BEjadErz.js?v=d60f55b8:17230
[   37000ms] [ERROR] Failed to load resource: the server responded with a status of 401 (Unauthorized) @ http://localhost:3000/api/ha-oidc/providers/enabled:0
[   37061ms] [INFO] %cDownload the React DevTools for a better development experience: https://reactjs.org/link/react-devtools font-weight:bold @ http://localhost:3000/node_modules/.vite/deps/react-dom-BEjadErz.js?v=d60f55b8:17230
[   37097ms] [ERROR] Failed to load resource: the server responded with a status of 401 (Unauthorized) @ http://localhost:3000/api/ha-oidc/providers/enabled:0
[   37164ms] [INFO] %cDownload the React DevTools for a better development experience: https://reactjs.org/link/react-devtools font-weight:bold @ http://localhost:3000/node_modules/.vite/deps/react-dom-BEjadErz.js?v=d60f55b8:17230
[   37198ms] [ERROR] Failed to load resource: the server responded with a status of 401 (Unauthorized) @ http://localhost:3000/api/ha-oidc/providers/enabled:0
[   37260ms] [INFO] %cDownload the React DevTools for a better development experience: https://reactjs.org/link/react-devtools font-weight:bold @ http://localhost:3000/node_modules/.vite/deps/react-dom-BEjadErz.js?v=d60f55b8:17230
[   37299ms] [ERROR] Failed to load resource: the server responded with a status of 401 (Unauthorized) @ http://localhost:3000/api/ha-oidc/providers/enabled:0
[   37363ms] [INFO] %cDownload the React DevTools for a better development experience: https://reactjs.org/link/react-devtools font-weight:bold @ http://localhost:3000/node_modules/.vite/deps/react-dom-BEjadErz.js?v=d60f55b8:17230
[   37398ms] [ERROR] Failed to load resource: the server responded with a status of 401 (Unauthorized) @ http://localhost:3000/api/ha-oidc/providers/enabled:0
[   37469ms] [INFO] %cDownload the React DevTools for a better development experience: https://reactjs.org/link/react-devtools font-weight:bold @ http://localhost:3000/node_modules/.vite/deps/react-dom-BEjadErz.js?v=d60f55b8:17230
[   37512ms] [ERROR] Failed to load resource: the server responded with a status of 401 (Unauthorized) @ http://localhost:3000/api/ha-oidc/providers/enabled:0
[   37576ms] [INFO] %cDownload the React DevTools for a better development experience: https://reactjs.org/link/react-devtools font-weight:bold @ http://localhost:3000/node_modules/.vite/deps/react-dom-BEjadErz.js?v=d60f55b8:17230
[   37611ms] [ERROR] Failed to load resource: the server responded with a status of 401 (Unauthorized) @ http://localhost:3000/api/ha-oidc/providers/enabled:0
[   37674ms] [INFO] %cDownload the React DevTools for a better development experience: https://reactjs.org/link/react-devtools font-weight:bold @ http://localhost:3000/node_modules/.vite/deps/react-dom-BEjadErz.js?v=d60f55b8:17230
[   37712ms] [ERROR] Failed to load resource: the server responded with a status of 401 (Unauthorized) @ http://localhost:3000/api/ha-oidc/providers/enabled:0
[   37774ms] [INFO] %cDownload the React DevTools for a better development experience: https://reactjs.org/link/react-devtools font-weight:bold @ http://localhost:3000/node_modules/.vite/deps/react-dom-BEjadErz.js?v=d60f55b8:17230
[   37809ms] [ERROR] Failed to load resource: the server responded with a status of 401 (Unauthorized) @ http://localhost:3000/api/ha-oidc/providers/enabled:0
[   37870ms] [INFO] %cDownload the React DevTools for a better development experience: https://reactjs.org/link/react-devtools font-weight:bold @ http://localhost:3000/node_modules/.vite/deps/react-dom-BEjadErz.js?v=d60f55b8:17230
[   37908ms] [ERROR] Failed to load resource: the server responded with a status of 401 (Unauthorized) @ http://localhost:3000/api/ha-oidc/providers/enabled:0
[   37970ms] [INFO] %cDownload the React DevTools for a better development experience: https://reactjs.org/link/react-devtools font-weight:bold @ http://localhost:3000/node_modules/.vite/deps/react-dom-BEjadErz.js?v=d60f55b8:17230
[   38005ms] [ERROR] Failed to load resource: the server responded with a status of 401 (Unauthorized) @ http://localhost:3000/api/ha-oidc/providers/enabled:0
[   38067ms] [INFO] %cDownload the React DevTools for a better development experience: https://reactjs.org/link/react-devtools font-weight:bold @ http://localhost:3000/node_modules/.vite/deps/react-dom-BEjadErz.js?v=d60f55b8:17230
[   38107ms] [ERROR] Failed to load resource: the server responded with a status of 401 (Unauthorized) @ http://localhost:3000/api/ha-oidc/providers/enabled:0
[   38174ms] [INFO] %cDownload the React DevTools for a better development experience: https://reactjs.org/link/react-devtools font-weight:bold @ http://localhost:3000/node_modules/.vite/deps/react-dom-BEjadErz.js?v=d60f55b8:17230
[   38207ms] [ERROR] Failed to load resource: the server responded with a status of 401 (Unauthorized) @ http://localhost:3000/api/ha-oidc/providers/enabled:0
[   38268ms] [INFO] %cDownload the React DevTools for a better development experience: https://reactjs.org/link/react-devtools font-weight:bold @ http://localhost:3000/node_modules/.vite/deps/react-dom-BEjadErz.js?v=d60f55b8:17230
[   38304ms] [ERROR] Failed to load resource: the server responded with a status of 401 (Unauthorized) @ http://localhost:3000/api/ha-oidc/providers/enabled:0
[   38369ms] [INFO] %cDownload the React DevTools for a better development experience: https://reactjs.org/link/react-devtools font-weight:bold @ http://localhost:3000/node_modules/.vite/deps/react-dom-BEjadErz.js?v=d60f55b8:17230
[   38403ms] [ERROR] Failed to load resource: the server responded with a status of 401 (Unauthorized) @ http://localhost:3000/api/ha-oidc/providers/enabled:0
[   38466ms] [INFO] %cDownload the React DevTools for a better development experience: https://reactjs.org/link/react-devtools font-weight:bold @ http://localhost:3000/node_modules/.vite/deps/react-dom-BEjadErz.js?v=d60f55b8:17230
[   38505ms] [ERROR] Failed to load resource: the server responded with a status of 401 (Unauthorized) @ http://localhost:3000/api/ha-oidc/providers/enabled:0
[   38568ms] [INFO] %cDownload the React DevTools for a better development experience: https://reactjs.org/link/react-devtools font-weight:bold @ http://localhost:3000/node_modules/.vite/deps/react-dom-BEjadErz.js?v=d60f55b8:17230
[   38605ms] [ERROR] Failed to load resource: the server responded with a status of 401 (Unauthorized) @ http://localhost:3000/api/ha-oidc/providers/enabled:0
[   38666ms] [INFO] %cDownload the React DevTools for a better development experience: https://reactjs.org/link/react-devtools font-weight:bold @ http://localhost:3000/node_modules/.vite/deps/react-dom-BEjadErz.js?v=d60f55b8:17230
[   38704ms] [ERROR] Failed to load resource: the server responded with a status of 401 (Unauthorized) @ http://localhost:3000/api/ha-oidc/providers/enabled:0
[   38791ms] [INFO] %cDownload the React DevTools for a better development experience: https://reactjs.org/link/react-devtools font-weight:bold @ http://localhost:3000/node_modules/.vite/deps/react-dom-BEjadErz.js?v=d60f55b8:17230
[   38830ms] [ERROR] Failed to load resource: the server responded with a status of 401 (Unauthorized) @ http://localhost:3000/api/ha-oidc/providers/enabled:0
[   38894ms] [INFO] %cDownload the React DevTools for a better development experience: https://reactjs.org/link/react-devtools font-weight:bold @ http://localhost:3000/node_modules/.vite/deps/react-dom-BEjadErz.js?v=d60f55b8:17230
[   38935ms] [ERROR] Failed to load resource: the server responded with a status of 401 (Unauthorized) @ http://localhost:3000/api/ha-oidc/providers/enabled:0
[   39004ms] [INFO] %cDownload the React DevTools for a better development experience: https://reactjs.org/link/react-devtools font-weight:bold @ http://localhost:3000/node_modules/.vite/deps/react-dom-BEjadErz.js?v=d60f55b8:17230
[   39038ms] [ERROR] Failed to load resource: the server responded with a status of 401 (Unauthorized) @ http://localhost:3000/api/ha-oidc/providers/enabled:0
[   39100ms] [INFO] %cDownload the React DevTools for a better development experience: https://reactjs.org/link/react-devtools font-weight:bold @ http://localhost:3000/node_modules/.vite/deps/react-dom-BEjadErz.js?v=d60f55b8:17230
[   39135ms] [ERROR] Failed to load resource: the server responded with a status of 401 (Unauthorized) @ http://localhost:3000/api/ha-oidc/providers/enabled:0
[   39198ms] [INFO] %cDownload the React DevTools for a better development experience: https://reactjs.org/link/react-devtools font-weight:bold @ http://localhost:3000/node_modules/.vite/deps/react-dom-BEjadErz.js?v=d60f55b8:17230
[   39238ms] [ERROR] Failed to load resource: the server responded with a status of 401 (Unauthorized) @ http://localhost:3000/api/ha-oidc/providers/enabled:0
[   39302ms] [INFO] %cDownload the React DevTools for a better development experience: https://reactjs.org/link/react-devtools font-weight:bold @ http://localhost:3000/node_modules/.vite/deps/react-dom-BEjadErz.js?v=d60f55b8:17230
[   39339ms] [ERROR] Failed to load resource: the server responded with a status of 401 (Unauthorized) @ http://localhost:3000/api/ha-oidc/providers/enabled:0
[   39402ms] [INFO] %cDownload the React DevTools for a better development experience: https://reactjs.org/link/react-devtools font-weight:bold @ http://localhost:3000/node_modules/.vite/deps/react-dom-BEjadErz.js?v=d60f55b8:17230
[   39438ms] [ERROR] Failed to load resource: the server responded with a status of 401 (Unauthorized) @ http://localhost:3000/api/ha-oidc/providers/enabled:0
[   39500ms] [INFO] %cDownload the React DevTools for a better development experience: https://reactjs.org/link/react-devtools font-weight:bold @ http://localhost:3000/node_modules/.vite/deps/react-dom-BEjadErz.js?v=d60f55b8:17230
[   39538ms] [ERROR] Failed to load resource: the server responded with a status of 401 (Unauthorized) @ http://localhost:3000/api/ha-oidc/providers/enabled:0
[   39599ms] [INFO] %cDownload the React DevTools for a better development experience: https://reactjs.org/link/react-devtools font-weight:bold @ http://localhost:3000/node_modules/.vite/deps/react-dom-BEjadErz.js?v=d60f55b8:17230
[   39639ms] [ERROR] Failed to load resource: the server responded with a status of 401 (Unauthorized) @ http://localhost:3000/api/ha-oidc/providers/enabled:0
[   39700ms] [INFO] %cDownload the React DevTools for a better development experience: https://reactjs.org/link/react-devtools font-weight:bold @ http://localhost:3000/node_modules/.vite/deps/react-dom-BEjadErz.js?v=d60f55b8:17230
[   39737ms] [ERROR] Failed to load resource: the server responded with a status of 401 (Unauthorized) @ http://localhost:3000/api/ha-oidc/providers/enabled:0
[   39799ms] [INFO] %cDownload the React DevTools for a better development experience: https://reactjs.org/link/react-devtools font-weight:bold @ http://localhost:3000/node_modules/.vite/deps/react-dom-BEjadErz.js?v=d60f55b8:17230
[   39835ms] [ERROR] Failed to load resource: the server responded with a status of 401 (Unauthorized) @ http://localhost:3000/api/ha-oidc/providers/enabled:0
[   39903ms] [INFO] %cDownload the React DevTools for a better development experience: https://reactjs.org/link/react-devtools font-weight:bold @ http://localhost:3000/node_modules/.vite/deps/react-dom-BEjadErz.js?v=d60f55b8:17230
[   39935ms] [ERROR] Failed to load resource: the server responded with a status of 401 (Unauthorized) @ http://localhost:3000/api/ha-oidc/providers/enabled:0
[   39997ms] [INFO] %cDownload the React DevTools for a better development experience: https://reactjs.org/link/react-devtools font-weight:bold @ http://localhost:3000/node_modules/.vite/deps/react-dom-BEjadErz.js?v=d60f55b8:17230
[   40034ms] [ERROR] Failed to load resource: the server responded with a status of 401 (Unauthorized) @ http://localhost:3000/api/ha-oidc/providers/enabled:0
[   40099ms] [INFO] %cDownload the React DevTools for a better development experience: https://reactjs.org/link/react-devtools font-weight:bold @ http://localhost:3000/node_modules/.vite/deps/react-dom-BEjadErz.js?v=d60f55b8:17230
[   40134ms] [ERROR] Failed to load resource: the server responded with a status of 401 (Unauthorized) @ http://localhost:3000/api/ha-oidc/providers/enabled:0
[   40198ms] [INFO] %cDownload the React DevTools for a better development experience: https://reactjs.org/link/react-devtools font-weight:bold @ http://localhost:3000/node_modules/.vite/deps/react-dom-BEjadErz.js?v=d60f55b8:17230
[   40233ms] [ERROR] Failed to load resource: the server responded with a status of 401 (Unauthorized) @ http://localhost:3000/api/ha-oidc/providers/enabled:0
[   40300ms] [INFO] %cDownload the React DevTools for a better development experience: https://reactjs.org/link/react-devtools font-weight:bold @ http://localhost:3000/node_modules/.vite/deps/react-dom-BEjadErz.js?v=d60f55b8:17230
[   40333ms] [ERROR] Failed to load resource: the server responded with a status of 401 (Unauthorized) @ http://localhost:3000/api/ha-oidc/providers/enabled:0
[   40396ms] [INFO] %cDownload the React DevTools for a better development experience: https://reactjs.org/link/react-devtools font-weight:bold @ http://localhost:3000/node_modules/.vite/deps/react-dom-BEjadErz.js?v=d60f55b8:17230
[   40433ms] [ERROR] Failed to load resource: the server responded with a status of 401 (Unauthorized) @ http://localhost:3000/api/ha-oidc/providers/enabled:0
[   40500ms] [INFO] %cDownload the React DevTools for a better development experience: https://reactjs.org/link/react-devtools font-weight:bold @ http://localhost:3000/node_modules/.vite/deps/react-dom-BEjadErz.js?v=d60f55b8:17230
[   40532ms] [ERROR] Failed to load resource: the server responded with a status of 401 (Unauthorized) @ http://localhost:3000/api/ha-oidc/providers/enabled:0
[   40594ms] [INFO] %cDownload the React DevTools for a better development experience: https://reactjs.org/link/react-devtools font-weight:bold @ http://localhost:3000/node_modules/.vite/deps/react-dom-BEjadErz.js?v=d60f55b8:17230
[   40632ms] [ERROR] Failed to load resource: the server responded with a status of 401 (Unauthorized) @ http://localhost:3000/api/ha-oidc/providers/enabled:0
[   40694ms] [INFO] %cDownload the React DevTools for a better development experience: https://reactjs.org/link/react-devtools font-weight:bold @ http://localhost:3000/node_modules/.vite/deps/react-dom-BEjadErz.js?v=d60f55b8:17230
[   40733ms] [ERROR] Failed to load resource: the server responded with a status of 401 (Unauthorized) @ http://localhost:3000/api/ha-oidc/providers/enabled:0
[   40797ms] [INFO] %cDownload the React DevTools for a better development experience: https://reactjs.org/link/react-devtools font-weight:bold @ http://localhost:3000/node_modules/.vite/deps/react-dom-BEjadErz.js?v=d60f55b8:17230
[   40835ms] [ERROR] Failed to load resource: the server responded with a status of 401 (Unauthorized) @ http://localhost:3000/api/ha-oidc/providers/enabled:0
[   40900ms] [INFO] %cDownload the React DevTools for a better development experience: https://reactjs.org/link/react-devtools font-weight:bold @ http://localhost:3000/node_modules/.vite/deps/react-dom-BEjadErz.js?v=d60f55b8:17230
[   40936ms] [ERROR] Failed to load resource: the server responded with a status of 401 (Unauthorized) @ http://localhost:3000/api/ha-oidc/providers/enabled:0
[   41004ms] [INFO] %cDownload the React DevTools for a better development experience: https://reactjs.org/link/react-devtools font-weight:bold @ http://localhost:3000/node_modules/.vite/deps/react-dom-BEjadErz.js?v=d60f55b8:17230
[   41043ms] [ERROR] Failed to load resource: the server responded with a status of 401 (Unauthorized) @ http://localhost:3000/api/ha-oidc/providers/enabled:0
[   41109ms] [INFO] %cDownload the React DevTools for a better development experience: https://reactjs.org/link/react-devtools font-weight:bold @ http://localhost:3000/node_modules/.vite/deps/react-dom-BEjadErz.js?v=d60f55b8:17230
[   41146ms] [ERROR] Failed to load resource: the server responded with a status of 401 (Unauthorized) @ http://localhost:3000/api/ha-oidc/providers/enabled:0
[   41210ms] [INFO] %cDownload the React DevTools for a better development experience: https://reactjs.org/link/react-devtools font-weight:bold @ http://localhost:3000/node_modules/.vite/deps/react-dom-BEjadErz.js?v=d60f55b8:17230
[   41247ms] [ERROR] Failed to load resource: the server responded with a status of 401 (Unauthorized) @ http://localhost:3000/api/ha-oidc/providers/enabled:0
[   41310ms] [INFO] %cDownload the React DevTools for a better development experience: https://reactjs.org/link/react-devtools font-weight:bold @ http://localhost:3000/node_modules/.vite/deps/react-dom-BEjadErz.js?v=d60f55b8:17230
[   41344ms] [ERROR] Failed to load resource: the server responded with a status of 401 (Unauthorized) @ http://localhost:3000/api/ha-oidc/providers/enabled:0
[   41411ms] [INFO] %cDownload the React DevTools for a better development experience: https://reactjs.org/link/react-devtools font-weight:bold @ http://localhost:3000/node_modules/.vite/deps/react-dom-BEjadErz.js?v=d60f55b8:17230
[   41448ms] [ERROR] Failed to load resource: the server responded with a status of 401 (Unauthorized) @ http://localhost:3000/api/ha-oidc/providers/enabled:0
[   41513ms] [INFO] %cDownload the React DevTools for a better development experience: https://reactjs.org/link/react-devtools font-weight:bold @ http://localhost:3000/node_modules/.vite/deps/react-dom-BEjadErz.js?v=d60f55b8:17230
[   41547ms] [ERROR] Failed to load resource: the server responded with a status of 401 (Unauthorized) @ http://localhost:3000/api/ha-oidc/providers/enabled:0
[   41610ms] [INFO] %cDownload the React DevTools for a better development experience: https://reactjs.org/link/react-devtools font-weight:bold @ http://localhost:3000/node_modules/.vite/deps/react-dom-BEjadErz.js?v=d60f55b8:17230
[   41648ms] [ERROR] Failed to load resource: the server responded with a status of 401 (Unauthorized) @ http://localhost:3000/api/ha-oidc/providers/enabled:0
[   41714ms] [INFO] %cDownload the React DevTools for a better development experience: https://reactjs.org/link/react-devtools font-weight:bold @ http://localhost:3000/node_modules/.vite/deps/react-dom-BEjadErz.js?v=d60f55b8:17230
[   41752ms] [ERROR] Failed to load resource: the server responded with a status of 401 (Unauthorized) @ http://localhost:3000/api/ha-oidc/providers/enabled:0
[   41815ms] [INFO] %cDownload the React DevTools for a better development experience: https://reactjs.org/link/react-devtools font-weight:bold @ http://localhost:3000/node_modules/.vite/deps/react-dom-BEjadErz.js?v=d60f55b8:17230
[   41852ms] [ERROR] Failed to load resource: the server responded with a status of 401 (Unauthorized) @ http://localhost:3000/api/ha-oidc/providers/enabled:0
[   41915ms] [INFO] %cDownload the React DevTools for a better development experience: https://reactjs.org/link/react-devtools font-weight:bold @ http://localhost:3000/node_modules/.vite/deps/react-dom-BEjadErz.js?v=d60f55b8:17230
[   41948ms] [ERROR] Failed to load resource: the server responded with a status of 401 (Unauthorized) @ http://localhost:3000/api/ha-oidc/providers/enabled:0
[   42011ms] [INFO] %cDownload the React DevTools for a better development experience: https://reactjs.org/link/react-devtools font-weight:bold @ http://localhost:3000/node_modules/.vite/deps/react-dom-BEjadErz.js?v=d60f55b8:17230
[   42049ms] [ERROR] Failed to load resource: the server responded with a status of 401 (Unauthorized) @ http://localhost:3000/api/ha-oidc/providers/enabled:0
[   42110ms] [INFO] %cDownload the React DevTools for a better development experience: https://reactjs.org/link/react-devtools font-weight:bold @ http://localhost:3000/node_modules/.vite/deps/react-dom-BEjadErz.js?v=d60f55b8:17230
[   42145ms] [ERROR] Failed to load resource: the server responded with a status of 401 (Unauthorized) @ http://localhost:3000/api/ha-oidc/providers/enabled:0
[   42211ms] [INFO] %cDownload the React DevTools for a better development experience: https://reactjs.org/link/react-devtools font-weight:bold @ http://localhost:3000/node_modules/.vite/deps/react-dom-BEjadErz.js?v=d60f55b8:17230
[   42247ms] [ERROR] Failed to load resource: the server responded with a status of 401 (Unauthorized) @ http://localhost:3000/api/ha-oidc/providers/enabled:0
[   42309ms] [INFO] %cDownload the React DevTools for a better development experience: https://reactjs.org/link/react-devtools font-weight:bold @ http://localhost:3000/node_modules/.vite/deps/react-dom-BEjadErz.js?v=d60f55b8:17230
[   42342ms] [ERROR] Failed to load resource: the server responded with a status of 401 (Unauthorized) @ http://localhost:3000/api/ha-oidc/providers/enabled:0
[   42407ms] [INFO] %cDownload the React DevTools for a better development experience: https://reactjs.org/link/react-devtools font-weight:bold @ http://localhost:3000/node_modules/.vite/deps/react-dom-BEjadErz.js?v=d60f55b8:17230
[   42445ms] [ERROR] Failed to load resource: the server responded with a status of 401 (Unauthorized) @ http://localhost:3000/api/ha-oidc/providers/enabled:0
[   42520ms] [INFO] %cDownload the React DevTools for a better development experience: https://reactjs.org/link/react-devtools font-weight:bold @ http://localhost:3000/node_modules/.vite/deps/react-dom-BEjadErz.js?v=d60f55b8:17230
[   42555ms] [ERROR] Failed to load resource: the server responded with a status of 401 (Unauthorized) @ http://localhost:3000/api/ha-oidc/providers/enabled:0
[   42618ms] [INFO] %cDownload the React DevTools for a better development experience: https://reactjs.org/link/react-devtools font-weight:bold @ http://localhost:3000/node_modules/.vite/deps/react-dom-BEjadErz.js?v=d60f55b8:17230
[   42656ms] [ERROR] Failed to load resource: the server responded with a status of 401 (Unauthorized) @ http://localhost:3000/api/ha-oidc/providers/enabled:0
[   42717ms] [INFO] %cDownload the React DevTools for a better development experience: https://reactjs.org/link/react-devtools font-weight:bold @ http://localhost:3000/node_modules/.vite/deps/react-dom-BEjadErz.js?v=d60f55b8:17230
[   42756ms] [ERROR] Failed to load resource: the server responded with a status of 401 (Unauthorized) @ http://localhost:3000/api/ha-oidc/providers/enabled:0
[   42819ms] [INFO] %cDownload the React DevTools for a better development experience: https://reactjs.org/link/react-devtools font-weight:bold @ http://localhost:3000/node_modules/.vite/deps/react-dom-BEjadErz.js?v=d60f55b8:17230
[   42856ms] [ERROR] Failed to load resource: the server responded with a status of 401 (Unauthorized) @ http://localhost:3000/api/ha-oidc/providers/enabled:0
[   42919ms] [INFO] %cDownload the React DevTools for a better development experience: https://reactjs.org/link/react-devtools font-weight:bold @ http://localhost:3000/node_modules/.vite/deps/react-dom-BEjadErz.js?v=d60f55b8:17230
[   42953ms] [ERROR] Failed to load resource: the server responded with a status of 401 (Unauthorized) @ http://localhost:3000/api/ha-oidc/providers/enabled:0
[   43017ms] [INFO] %cDownload the React DevTools for a better development experience: https://reactjs.org/link/react-devtools font-weight:bold @ http://localhost:3000/node_modules/.vite/deps/react-dom-BEjadErz.js?v=d60f55b8:17230
[   43055ms] [ERROR] Failed to load resource: the server responded with a status of 401 (Unauthorized) @ http://localhost:3000/api/ha-oidc/providers/enabled:0
[   43118ms] [INFO] %cDownload the React DevTools for a better development experience: https://reactjs.org/link/react-devtools font-weight:bold @ http://localhost:3000/node_modules/.vite/deps/react-dom-BEjadErz.js?v=d60f55b8:17230
[   43152ms] [ERROR] Failed to load resource: the server responded with a status of 401 (Unauthorized) @ http://localhost:3000/api/ha-oidc/providers/enabled:0
[   43218ms] [INFO] %cDownload the React DevTools for a better development experience: https://reactjs.org/link/react-devtools font-weight:bold @ http://localhost:3000/node_modules/.vite/deps/react-dom-BEjadErz.js?v=d60f55b8:17230
[   43256ms] [ERROR] Failed to load resource: the server responded with a status of 401 (Unauthorized) @ http://localhost:3000/api/ha-oidc/providers/enabled:0
[   43318ms] [INFO] %cDownload the React DevTools for a better development experience: https://reactjs.org/link/react-devtools font-weight:bold @ http://localhost:3000/node_modules/.vite/deps/react-dom-BEjadErz.js?v=d60f55b8:17230
[   43353ms] [ERROR] Failed to load resource: the server responded with a status of 401 (Unauthorized) @ http://localhost:3000/api/ha-oidc/providers/enabled:0
[   43416ms] [INFO] %cDownload the React DevTools for a better development experience: https://reactjs.org/link/react-devtools font-weight:bold @ http://localhost:3000/node_modules/.vite/deps/react-dom-BEjadErz.js?v=d60f55b8:17230
[   43456ms] [ERROR] Failed to load resource: the server responded with a status of 401 (Unauthorized) @ http://localhost:3000/api/ha-oidc/providers/enabled:0
[   43519ms] [INFO] %cDownload the React DevTools for a better development experience: https://reactjs.org/link/react-devtools font-weight:bold @ http://localhost:3000/node_modules/.vite/deps/react-dom-BEjadErz.js?v=d60f55b8:17230
[   43555ms] [ERROR] Failed to load resource: the server responded with a status of 401 (Unauthorized) @ http://localhost:3000/api/ha-oidc/providers/enabled:0
[   43619ms] [INFO] %cDownload the React DevTools for a better development experience: https://reactjs.org/link/react-devtools font-weight:bold @ http://localhost:3000/node_modules/.vite/deps/react-dom-BEjadErz.js?v=d60f55b8:17230
[   43660ms] [ERROR] Failed to load resource: the server responded with a status of 401 (Unauthorized) @ http://localhost:3000/api/ha-oidc/providers/enabled:0
[   43723ms] [INFO] %cDownload the React DevTools for a better development experience: https://reactjs.org/link/react-devtools font-weight:bold @ http://localhost:3000/node_modules/.vite/deps/react-dom-BEjadErz.js?v=d60f55b8:17230
[   43763ms] [ERROR] Failed to load resource: the server responded with a status of 401 (Unauthorized) @ http://localhost:3000/api/ha-oidc/providers/enabled:0
[   43825ms] [INFO] %cDownload the React DevTools for a better development experience: https://reactjs.org/link/react-devtools font-weight:bold @ http://localhost:3000/node_modules/.vite/deps/react-dom-BEjadErz.js?v=d60f55b8:17230
[   43864ms] [ERROR] Failed to load resource: the server responded with a status of 401 (Unauthorized) @ http://localhost:3000/api/ha-oidc/providers/enabled:0
[   43928ms] [INFO] %cDownload the React DevTools for a better development experience: https://reactjs.org/link/react-devtools font-weight:bold @ http://localhost:3000/node_modules/.vite/deps/react-dom-BEjadErz.js?v=d60f55b8:17230
[   43964ms] [ERROR] Failed to load resource: the server responded with a status of 401 (Unauthorized) @ http://localhost:3000/api/ha-oidc/providers/enabled:0
[   44027ms] [INFO] %cDownload the React DevTools for a better development experience: https://reactjs.org/link/react-devtools font-weight:bold @ http://localhost:3000/node_modules/.vite/deps/react-dom-BEjadErz.js?v=d60f55b8:17230
[   44066ms] [ERROR] Failed to load resource: the server responded with a status of 401 (Unauthorized) @ http://localhost:3000/api/ha-oidc/providers/enabled:0
[   44128ms] [INFO] %cDownload the React DevTools for a better development experience: https://reactjs.org/link/react-devtools font-weight:bold @ http://localhost:3000/node_modules/.vite/deps/react-dom-BEjadErz.js?v=d60f55b8:17230
[   44164ms] [ERROR] Failed to load resource: the server responded with a status of 401 (Unauthorized) @ http://localhost:3000/api/ha-oidc/providers/enabled:0
[   44230ms] [INFO] %cDownload the React DevTools for a better development experience: https://reactjs.org/link/react-devtools font-weight:bold @ http://localhost:3000/node_modules/.vite/deps/react-dom-BEjadErz.js?v=d60f55b8:17230
[   44273ms] [ERROR] Failed to load resource: the server responded with a status of 401 (Unauthorized) @ http://localhost:3000/api/ha-oidc/providers/enabled:0
[   44373ms] [INFO] %cDownload the React DevTools for a better development experience: https://reactjs.org/link/react-devtools font-weight:bold @ http://localhost:3000/node_modules/.vite/deps/react-dom-BEjadErz.js?v=d60f55b8:17230
[   44419ms] [ERROR] Failed to load resource: the server responded with a status of 401 (Unauthorized) @ http://localhost:3000/api/ha-oidc/providers/enabled:0
[   44493ms] [INFO] %cDownload the React DevTools for a better development experience: https://reactjs.org/link/react-devtools font-weight:bold @ http://localhost:3000/node_modules/.vite/deps/react-dom-BEjadErz.js?v=d60f55b8:17230
[   44567ms] [ERROR] Failed to load resource: the server responded with a status of 401 (Unauthorized) @ http://localhost:3000/api/ha-oidc/providers/enabled:0
[   45001ms] [INFO] %cDownload the React DevTools for a better development experience: https://reactjs.org/link/react-devtools font-weight:bold @ http://localhost:3000/node_modules/.vite/deps/react-dom-BEjadErz.js?v=d60f55b8:17230
[   45046ms] [ERROR] Failed to load resource: the server responded with a status of 401 (Unauthorized) @ http://localhost:3000/api/ha-oidc/providers/enabled:0
[   45112ms] [INFO] %cDownload the React DevTools for a better development experience: https://reactjs.org/link/react-devtools font-weight:bold @ http://localhost:3000/node_modules/.vite/deps/react-dom-BEjadErz.js?v=d60f55b8:17230
[   45148ms] [ERROR] Failed to load resource: the server responded with a status of 401 (Unauthorized) @ http://localhost:3000/api/ha-oidc/providers/enabled:0
[   45211ms] [INFO] %cDownload the React DevTools for a better development experience: https://reactjs.org/link/react-devtools font-weight:bold @ http://localhost:3000/node_modules/.vite/deps/react-dom-BEjadErz.js?v=d60f55b8:17230
[   45250ms] [ERROR] Failed to load resource: the server responded with a status of 401 (Unauthorized) @ http://localhost:3000/api/ha-oidc/providers/enabled:0
[   45312ms] [INFO] %cDownload the React DevTools for a better development experience: https://reactjs.org/link/react-devtools font-weight:bold @ http://localhost:3000/node_modules/.vite/deps/react-dom-BEjadErz.js?v=d60f55b8:17230
[   45348ms] [ERROR] Failed to load resource: the server responded with a status of 401 (Unauthorized) @ http://localhost:3000/api/ha-oidc/providers/enabled:0
[   45413ms] [INFO] %cDownload the React DevTools for a better development experience: https://reactjs.org/link/react-devtools font-weight:bold @ http://localhost:3000/node_modules/.vite/deps/react-dom-BEjadErz.js?v=d60f55b8:17230
[   45448ms] [ERROR] Failed to load resource: the server responded with a status of 401 (Unauthorized) @ http://localhost:3000/api/ha-oidc/providers/enabled:0
[   45518ms] [INFO] %cDownload the React DevTools for a better development experience: https://reactjs.org/link/react-devtools font-weight:bold @ http://localhost:3000/node_modules/.vite/deps/react-dom-BEjadErz.js?v=d60f55b8:17230
[   45553ms] [ERROR] Failed to load resource: the server responded with a status of 401 (Unauthorized) @ http://localhost:3000/api/ha-oidc/providers/enabled:0
[   45624ms] [INFO] %cDownload the React DevTools for a better development experience: https://reactjs.org/link/react-devtools font-weight:bold @ http://localhost:3000/node_modules/.vite/deps/react-dom-BEjadErz.js?v=d60f55b8:17230
[   45664ms] [ERROR] Failed to load resource: the server responded with a status of 401 (Unauthorized) @ http://localhost:3000/api/ha-oidc/providers/enabled:0
[   45728ms] [INFO] %cDownload the React DevTools for a better development experience: https://reactjs.org/link/react-devtools font-weight:bold @ http://localhost:3000/node_modules/.vite/deps/react-dom-BEjadErz.js?v=d60f55b8:17230
[   45763ms] [ERROR] Failed to load resource: the server responded with a status of 401 (Unauthorized) @ http://localhost:3000/api/ha-oidc/providers/enabled:0
[   45825ms] [INFO] %cDownload the React DevTools for a better development experience: https://reactjs.org/link/react-devtools font-weight:bold @ http://localhost:3000/node_modules/.vite/deps/react-dom-BEjadErz.js?v=d60f55b8:17230
[   45861ms] [ERROR] Failed to load resource: the server responded with a status of 401 (Unauthorized) @ http://localhost:3000/api/ha-oidc/providers/enabled:0
[   45926ms] [INFO] %cDownload the React DevTools for a better development experience: https://reactjs.org/link/react-devtools font-weight:bold @ http://localhost:3000/node_modules/.vite/deps/react-dom-BEjadErz.js?v=d60f55b8:17230
[   45960ms] [ERROR] Failed to load resource: the server responded with a status of 401 (Unauthorized) @ http://localhost:3000/api/ha-oidc/providers/enabled:0
[   46025ms] [INFO] %cDownload the React DevTools for a better development experience: https://reactjs.org/link/react-devtools font-weight:bold @ http://localhost:3000/node_modules/.vite/deps/react-dom-BEjadErz.js?v=d60f55b8:17230
[   46067ms] [ERROR] Failed to load resource: the server responded with a status of 401 (Unauthorized) @ http://localhost:3000/api/ha-oidc/providers/enabled:0
[   46132ms] [INFO] %cDownload the React DevTools for a better development experience: https://reactjs.org/link/react-devtools font-weight:bold @ http://localhost:3000/node_modules/.vite/deps/react-dom-BEjadErz.js?v=d60f55b8:17230
[   46167ms] [ERROR] Failed to load resource: the server responded with a status of 401 (Unauthorized) @ http://localhost:3000/api/ha-oidc/providers/enabled:0
[   46229ms] [INFO] %cDownload the React DevTools for a better development experience: https://reactjs.org/link/react-devtools font-weight:bold @ http://localhost:3000/node_modules/.vite/deps/react-dom-BEjadErz.js?v=d60f55b8:17230
[   46266ms] [ERROR] Failed to load resource: the server responded with a status of 401 (Unauthorized) @ http://localhost:3000/api/ha-oidc/providers/enabled:0
[   46328ms] [INFO] %cDownload the React DevTools for a better development experience: https://reactjs.org/link/react-devtools font-weight:bold @ http://localhost:3000/node_modules/.vite/deps/react-dom-BEjadErz.js?v=d60f55b8:17230
[   46362ms] [ERROR] Failed to load resource: the server responded with a status of 401 (Unauthorized) @ http://localhost:3000/api/ha-oidc/providers/enabled:0
[   46423ms] [INFO] %cDownload the React DevTools for a better development experience: https://reactjs.org/link/react-devtools font-weight:bold @ http://localhost:3000/node_modules/.vite/deps/react-dom-BEjadErz.js?v=d60f55b8:17230
[   46460ms] [ERROR] Failed to load resource: the server responded with a status of 401 (Unauthorized) @ http://localhost:3000/api/ha-oidc/providers/enabled:0
[   46521ms] [INFO] %cDownload the React DevTools for a better development experience: https://reactjs.org/link/react-devtools font-weight:bold @ http://localhost:3000/node_modules/.vite/deps/react-dom-BEjadErz.js?v=d60f55b8:17230
[   46556ms] [ERROR] Failed to load resource: the server responded with a status of 401 (Unauthorized) @ http://localhost:3000/api/ha-oidc/providers/enabled:0
[   46626ms] [INFO] %cDownload the React DevTools for a better development experience: https://reactjs.org/link/react-devtools font-weight:bold @ http://localhost:3000/node_modules/.vite/deps/react-dom-BEjadErz.js?v=d60f55b8:17230
[   46662ms] [ERROR] Failed to load resource: the server responded with a status of 401 (Unauthorized) @ http://localhost:3000/api/ha-oidc/providers/enabled:0
[   46731ms] [INFO] %cDownload the React DevTools for a better development experience: https://reactjs.org/link/react-devtools font-weight:bold @ http://localhost:3000/node_modules/.vite/deps/react-dom-BEjadErz.js?v=d60f55b8:17230
[   46762ms] [ERROR] Failed to load resource: the server responded with a status of 401 (Unauthorized) @ http://localhost:3000/api/ha-oidc/providers/enabled:0
[   46829ms] [INFO] %cDownload the React DevTools for a better development experience: https://reactjs.org/link/react-devtools font-weight:bold @ http://localhost:3000/node_modules/.vite/deps/react-dom-BEjadErz.js?v=d60f55b8:17230
[   46865ms] [ERROR] Failed to load resource: the server responded with a status of 401 (Unauthorized) @ http://localhost:3000/api/ha-oidc/providers/enabled:0
[   46930ms] [INFO] %cDownload the React DevTools for a better development experience: https://reactjs.org/link/react-devtools font-weight:bold @ http://localhost:3000/node_modules/.vite/deps/react-dom-BEjadErz.js?v=d60f55b8:17230
[   46966ms] [ERROR] Failed to load resource: the server responded with a status of 401 (Unauthorized) @ http://localhost:3000/api/ha-oidc/providers/enabled:0
[   47028ms] [INFO] %cDownload the React DevTools for a better development experience: https://reactjs.org/link/react-devtools font-weight:bold @ http://localhost:3000/node_modules/.vite/deps/react-dom-BEjadErz.js?v=d60f55b8:17230
[   47070ms] [ERROR] Failed to load resource: the server responded with a status of 401 (Unauthorized) @ http://localhost:3000/api/ha-oidc/providers/enabled:0
[   47133ms] [INFO] %cDownload the React DevTools for a better development experience: https://reactjs.org/link/react-devtools font-weight:bold @ http://localhost:3000/node_modules/.vite/deps/react-dom-BEjadErz.js?v=d60f55b8:17230
[   47168ms] [ERROR] Failed to load resource: the server responded with a status of 401 (Unauthorized) @ http://localhost:3000/api/ha-oidc/providers/enabled:0
[   47230ms] [INFO] %cDownload the React DevTools for a better development experience: https://reactjs.org/link/react-devtools font-weight:bold @ http://localhost:3000/node_modules/.vite/deps/react-dom-BEjadErz.js?v=d60f55b8:17230
[   47266ms] [ERROR] Failed to load resource: the server responded with a status of 401 (Unauthorized) @ http://localhost:3000/api/ha-oidc/providers/enabled:0
[   47330ms] [INFO] %cDownload the React DevTools for a better development experience: https://reactjs.org/link/react-devtools font-weight:bold @ http://localhost:3000/node_modules/.vite/deps/react-dom-BEjadErz.js?v=d60f55b8:17230
[   47364ms] [ERROR] Failed to load resource: the server responded with a status of 401 (Unauthorized) @ http://localhost:3000/api/ha-oidc/providers/enabled:0
[   47428ms] [INFO] %cDownload the React DevTools for a better development experience: https://reactjs.org/link/react-devtools font-weight:bold @ http://localhost:3000/node_modules/.vite/deps/react-dom-BEjadErz.js?v=d60f55b8:17230
[   47466ms] [ERROR] Failed to load resource: the server responded with a status of 401 (Unauthorized) @ http://localhost:3000/api/ha-oidc/providers/enabled:0
[   47529ms] [INFO] %cDownload the React DevTools for a better development experience: https://reactjs.org/link/react-devtools font-weight:bold @ http://localhost:3000/node_modules/.vite/deps/react-dom-BEjadErz.js?v=d60f55b8:17230
[   47564ms] [ERROR] Failed to load resource: the server responded with a status of 401 (Unauthorized) @ http://localhost:3000/api/ha-oidc/providers/enabled:0
[   47629ms] [INFO] %cDownload the React DevTools for a better development experience: https://reactjs.org/link/react-devtools font-weight:bold @ http://localhost:3000/node_modules/.vite/deps/react-dom-BEjadErz.js?v=d60f55b8:17230
[   47668ms] [ERROR] Failed to load resource: the server responded with a status of 401 (Unauthorized) @ http://localhost:3000/api/ha-oidc/providers/enabled:0
[   47734ms] [INFO] %cDownload the React DevTools for a better development experience: https://reactjs.org/link/react-devtools font-weight:bold @ http://localhost:3000/node_modules/.vite/deps/react-dom-BEjadErz.js?v=d60f55b8:17230
[   47767ms] [ERROR] Failed to load resource: the server responded with a status of 401 (Unauthorized) @ http://localhost:3000/api/ha-oidc/providers/enabled:0
[   47830ms] [INFO] %cDownload the React DevTools for a better development experience: https://reactjs.org/link/react-devtools font-weight:bold @ http://localhost:3000/node_modules/.vite/deps/react-dom-BEjadErz.js?v=d60f55b8:17230
[   47865ms] [ERROR] Failed to load resource: the server responded with a status of 401 (Unauthorized) @ http://localhost:3000/api/ha-oidc/providers/enabled:0
[   47927ms] [INFO] %cDownload the React DevTools for a better development experience: https://reactjs.org/link/react-devtools font-weight:bold @ http://localhost:3000/node_modules/.vite/deps/react-dom-BEjadErz.js?v=d60f55b8:17230
[   47959ms] [ERROR] Failed to load resource: the server responded with a status of 401 (Unauthorized) @ http://localhost:3000/api/ha-oidc/providers/enabled:0
[   48019ms] [INFO] %cDownload the React DevTools for a better development experience: https://reactjs.org/link/react-devtools font-weight:bold @ http://localhost:3000/node_modules/.vite/deps/react-dom-BEjadErz.js?v=d60f55b8:17230
[   48055ms] [ERROR] Failed to load resource: the server responded with a status of 401 (Unauthorized) @ http://localhost:3000/api/ha-oidc/providers/enabled:0
[   48116ms] [INFO] %cDownload the React DevTools for a better development experience: https://reactjs.org/link/react-devtools font-weight:bold @ http://localhost:3000/node_modules/.vite/deps/react-dom-BEjadErz.js?v=d60f55b8:17230
[   48153ms] [ERROR] Failed to load resource: the server responded with a status of 401 (Unauthorized) @ http://localhost:3000/api/ha-oidc/providers/enabled:0
[   48214ms] [INFO] %cDownload the React DevTools for a better development experience: https://reactjs.org/link/react-devtools font-weight:bold @ http://localhost:3000/node_modules/.vite/deps/react-dom-BEjadErz.js?v=d60f55b8:17230
[   48252ms] [ERROR] Failed to load resource: the server responded with a status of 401 (Unauthorized) @ http://localhost:3000/api/ha-oidc/providers/enabled:0
[   48313ms] [INFO] %cDownload the React DevTools for a better development experience: https://reactjs.org/link/react-devtools font-weight:bold @ http://localhost:3000/node_modules/.vite/deps/react-dom-BEjadErz.js?v=d60f55b8:17230
[   48349ms] [ERROR] Failed to load resource: the server responded with a status of 401 (Unauthorized) @ http://localhost:3000/api/ha-oidc/providers/enabled:0
[   48411ms] [INFO] %cDownload the React DevTools for a better development experience: https://reactjs.org/link/react-devtools font-weight:bold @ http://localhost:3000/node_modules/.vite/deps/react-dom-BEjadErz.js?v=d60f55b8:17230
[   48449ms] [ERROR] Failed to load resource: the server responded with a status of 401 (Unauthorized) @ http://localhost:3000/api/ha-oidc/providers/enabled:0
[   48515ms] [INFO] %cDownload the React DevTools for a better development experience: https://reactjs.org/link/react-devtools font-weight:bold @ http://localhost:3000/node_modules/.vite/deps/react-dom-BEjadErz.js?v=d60f55b8:17230
[   48551ms] [ERROR] Failed to load resource: the server responded with a status of 401 (Unauthorized) @ http://localhost:3000/api/ha-oidc/providers/enabled:0
[   48612ms] [INFO] %cDownload the React DevTools for a better development experience: https://reactjs.org/link/react-devtools font-weight:bold @ http://localhost:3000/node_modules/.vite/deps/react-dom-BEjadErz.js?v=d60f55b8:17230
[   48649ms] [ERROR] Failed to load resource: the server responded with a status of 401 (Unauthorized) @ http://localhost:3000/api/ha-oidc/providers/enabled:0
[   48712ms] [INFO] %cDownload the React DevTools for a better development experience: https://reactjs.org/link/react-devtools font-weight:bold @ http://localhost:3000/node_modules/.vite/deps/react-dom-BEjadErz.js?v=d60f55b8:17230
[   48748ms] [ERROR] Failed to load resource: the server responded with a status of 401 (Unauthorized) @ http://localhost:3000/api/ha-oidc/providers/enabled:0
[   48813ms] [INFO] %cDownload the React DevTools for a better development experience: https://reactjs.org/link/react-devtools font-weight:bold @ http://localhost:3000/node_modules/.vite/deps/react-dom-BEjadErz.js?v=d60f55b8:17230
[   48850ms] [ERROR] Failed to load resource: the server responded with a status of 401 (Unauthorized) @ http://localhost:3000/api/ha-oidc/providers/enabled:0
[   48943ms] [INFO] %cDownload the React DevTools for a better development experience: https://reactjs.org/link/react-devtools font-weight:bold @ http://localhost:3000/node_modules/.vite/deps/react-dom-BEjadErz.js?v=d60f55b8:17230
[   48984ms] [ERROR] Failed to load resource: the server responded with a status of 401 (Unauthorized) @ http://localhost:3000/api/ha-oidc/providers/enabled:0
[   49050ms] [INFO] %cDownload the React DevTools for a better development experience: https://reactjs.org/link/react-devtools font-weight:bold @ http://localhost:3000/node_modules/.vite/deps/react-dom-BEjadErz.js?v=d60f55b8:17230
[   49091ms] [ERROR] Failed to load resource: the server responded with a status of 401 (Unauthorized) @ http://localhost:3000/api/ha-oidc/providers/enabled:0
[   49158ms] [INFO] %cDownload the React DevTools for a better development experience: https://reactjs.org/link/react-devtools font-weight:bold @ http://localhost:3000/node_modules/.vite/deps/react-dom-BEjadErz.js?v=d60f55b8:17230
[   49199ms] [ERROR] Failed to load resource: the server responded with a status of 401 (Unauthorized) @ http://localhost:3000/api/ha-oidc/providers/enabled:0
[   49262ms] [INFO] %cDownload the React DevTools for a better development experience: https://reactjs.org/link/react-devtools font-weight:bold @ http://localhost:3000/node_modules/.vite/deps/react-dom-BEjadErz.js?v=d60f55b8:17230
[   49296ms] [ERROR] Failed to load resource: the server responded with a status of 401 (Unauthorized) @ http://localhost:3000/api/ha-oidc/providers/enabled:0
[   49358ms] [INFO] %cDownload the React DevTools for a better development experience: https://reactjs.org/link/react-devtools font-weight:bold @ http://localhost:3000/node_modules/.vite/deps/react-dom-BEjadErz.js?v=d60f55b8:17230
[   49397ms] [ERROR] Failed to load resource: the server responded with a status of 401 (Unauthorized) @ http://localhost:3000/api/ha-oidc/providers/enabled:0
[   49461ms] [INFO] %cDownload the React DevTools for a better development experience: https://reactjs.org/link/react-devtools font-weight:bold @ http://localhost:3000/node_modules/.vite/deps/react-dom-BEjadErz.js?v=d60f55b8:17230
[   49496ms] [ERROR] Failed to load resource: the server responded with a status of 401 (Unauthorized) @ http://localhost:3000/api/ha-oidc/providers/enabled:0
[   49570ms] [INFO] %cDownload the React DevTools for a better development experience: https://reactjs.org/link/react-devtools font-weight:bold @ http://localhost:3000/node_modules/.vite/deps/react-dom-BEjadErz.js?v=d60f55b8:17230
[   49612ms] [ERROR] Failed to load resource: the server responded with a status of 401 (Unauthorized) @ http://localhost:3000/api/ha-oidc/providers/enabled:0
[   49679ms] [INFO] %cDownload the React DevTools for a better development experience: https://reactjs.org/link/react-devtools font-weight:bold @ http://localhost:3000/node_modules/.vite/deps/react-dom-BEjadErz.js?v=d60f55b8:17230
[   49713ms] [ERROR] Failed to load resource: the server responded with a status of 401 (Unauthorized) @ http://localhost:3000/api/ha-oidc/providers/enabled:0
[   49785ms] [INFO] %cDownload the React DevTools for a better development experience: https://reactjs.org/link/react-devtools font-weight:bold @ http://localhost:3000/node_modules/.vite/deps/react-dom-BEjadErz.js?v=d60f55b8:17230
[   49823ms] [ERROR] Failed to load resource: the server responded with a status of 401 (Unauthorized) @ http://localhost:3000/api/ha-oidc/providers/enabled:0
[   49887ms] [INFO] %cDownload the React DevTools for a better development experience: https://reactjs.org/link/react-devtools font-weight:bold @ http://localhost:3000/node_modules/.vite/deps/react-dom-BEjadErz.js?v=d60f55b8:17230
[   49920ms] [ERROR] Failed to load resource: the server responded with a status of 401 (Unauthorized) @ http://localhost:3000/api/ha-oidc/providers/enabled:0
[   49983ms] [INFO] %cDownload the React DevTools for a better development experience: https://reactjs.org/link/react-devtools font-weight:bold @ http://localhost:3000/node_modules/.vite/deps/react-dom-BEjadErz.js?v=d60f55b8:17230
[   50018ms] [ERROR] Failed to load resource: the server responded with a status of 401 (Unauthorized) @ http://localhost:3000/api/ha-oidc/providers/enabled:0
[   50080ms] [INFO] %cDownload the React DevTools for a better development experience: https://reactjs.org/link/react-devtools font-weight:bold @ http://localhost:3000/node_modules/.vite/deps/react-dom-BEjadErz.js?v=d60f55b8:17230
[   50112ms] [ERROR] Failed to load resource: the server responded with a status of 401 (Unauthorized) @ http://localhost:3000/api/ha-oidc/providers/enabled:0
[   50174ms] [INFO] %cDownload the React DevTools for a better development experience: https://reactjs.org/link/react-devtools font-weight:bold @ http://localhost:3000/node_modules/.vite/deps/react-dom-BEjadErz.js?v=d60f55b8:17230
[   50210ms] [ERROR] Failed to load resource: the server responded with a status of 401 (Unauthorized) @ http://localhost:3000/api/ha-oidc/providers/enabled:0
[   50272ms] [INFO] %cDownload the React DevTools for a better development experience: https://reactjs.org/link/react-devtools font-weight:bold @ http://localhost:3000/node_modules/.vite/deps/react-dom-BEjadErz.js?v=d60f55b8:17230
[   50304ms] [ERROR] Failed to load resource: the server responded with a status of 401 (Unauthorized) @ http://localhost:3000/api/ha-oidc/providers/enabled:0
[   50367ms] [INFO] %cDownload the React DevTools for a better development experience: https://reactjs.org/link/react-devtools font-weight:bold @ http://localhost:3000/node_modules/.vite/deps/react-dom-BEjadErz.js?v=d60f55b8:17230
[   50404ms] [ERROR] Failed to load resource: the server responded with a status of 401 (Unauthorized) @ http://localhost:3000/api/ha-oidc/providers/enabled:0
[   50473ms] [INFO] %cDownload the React DevTools for a better development experience: https://reactjs.org/link/react-devtools font-weight:bold @ http://localhost:3000/node_modules/.vite/deps/react-dom-BEjadErz.js?v=d60f55b8:17230
[   50514ms] [ERROR] Failed to load resource: the server responded with a status of 401 (Unauthorized) @ http://localhost:3000/api/ha-oidc/providers/enabled:0
[   50590ms] [INFO] %cDownload the React DevTools for a better development experience: https://reactjs.org/link/react-devtools font-weight:bold @ http://localhost:3000/node_modules/.vite/deps/react-dom-BEjadErz.js?v=d60f55b8:17230
[   50630ms] [ERROR] Failed to load resource: the server responded with a status of 401 (Unauthorized) @ http://localhost:3000/api/ha-oidc/providers/enabled:0
[   50705ms] [INFO] %cDownload the React DevTools for a better development experience: https://reactjs.org/link/react-devtools font-weight:bold @ http://localhost:3000/node_modules/.vite/deps/react-dom-BEjadErz.js?v=d60f55b8:17230
[   50740ms] [ERROR] Failed to load resource: the server responded with a status of 401 (Unauthorized) @ http://localhost:3000/api/ha-oidc/providers/enabled:0
[   50815ms] [INFO] %cDownload the React DevTools for a better development experience: https://reactjs.org/link/react-devtools font-weight:bold @ http://localhost:3000/node_modules/.vite/deps/react-dom-BEjadErz.js?v=d60f55b8:17230
[   50854ms] [ERROR] Failed to load resource: the server responded with a status of 401 (Unauthorized) @ http://localhost:3000/api/ha-oidc/providers/enabled:0
[   50924ms] [INFO] %cDownload the React DevTools for a better development experience: https://reactjs.org/link/react-devtools font-weight:bold @ http://localhost:3000/node_modules/.vite/deps/react-dom-BEjadErz.js?v=d60f55b8:17230
[   50961ms] [ERROR] Failed to load resource: the server responded with a status of 401 (Unauthorized) @ http://localhost:3000/api/ha-oidc/providers/enabled:0
[   51034ms] [INFO] %cDownload the React DevTools for a better development experience: https://reactjs.org/link/react-devtools font-weight:bold @ http://localhost:3000/node_modules/.vite/deps/react-dom-BEjadErz.js?v=d60f55b8:17230
[   51072ms] [ERROR] Failed to load resource: the server responded with a status of 401 (Unauthorized) @ http://localhost:3000/api/ha-oidc/providers/enabled:0
[   51145ms] [INFO] %cDownload the React DevTools for a better development experience: https://reactjs.org/link/react-devtools font-weight:bold @ http://localhost:3000/node_modules/.vite/deps/react-dom-BEjadErz.js?v=d60f55b8:17230
[   51180ms] [ERROR] Failed to load resource: the server responded with a status of 401 (Unauthorized) @ http://localhost:3000/api/ha-oidc/providers/enabled:0
[   51251ms] [INFO] %cDownload the React DevTools for a better development experience: https://reactjs.org/link/react-devtools font-weight:bold @ http://localhost:3000/node_modules/.vite/deps/react-dom-BEjadErz.js?v=d60f55b8:17230
[   51289ms] [ERROR] Failed to load resource: the server responded with a status of 401 (Unauthorized) @ http://localhost:3000/api/ha-oidc/providers/enabled:0
[   51354ms] [INFO] %cDownload the React DevTools for a better development experience: https://reactjs.org/link/react-devtools font-weight:bold @ http://localhost:3000/node_modules/.vite/deps/react-dom-BEjadErz.js?v=d60f55b8:17230
[   51390ms] [ERROR] Failed to load resource: the server responded with a status of 401 (Unauthorized) @ http://localhost:3000/api/ha-oidc/providers/enabled:0
[   51455ms] [INFO] %cDownload the React DevTools for a better development experience: https://reactjs.org/link/react-devtools font-weight:bold @ http://localhost:3000/node_modules/.vite/deps/react-dom-BEjadErz.js?v=d60f55b8:17230
[   51492ms] [ERROR] Failed to load resource: the server responded with a status of 401 (Unauthorized) @ http://localhost:3000/api/ha-oidc/providers/enabled:0
[   51555ms] [INFO] %cDownload the React DevTools for a better development experience: https://reactjs.org/link/react-devtools font-weight:bold @ http://localhost:3000/node_modules/.vite/deps/react-dom-BEjadErz.js?v=d60f55b8:17230
[   51590ms] [ERROR] Failed to load resource: the server responded with a status of 401 (Unauthorized) @ http://localhost:3000/api/ha-oidc/providers/enabled:0
[   51653ms] [INFO] %cDownload the React DevTools for a better development experience: https://reactjs.org/link/react-devtools font-weight:bold @ http://localhost:3000/node_modules/.vite/deps/react-dom-BEjadErz.js?v=d60f55b8:17230
[   51693ms] [ERROR] Failed to load resource: the server responded with a status of 401 (Unauthorized) @ http://localhost:3000/api/ha-oidc/providers/enabled:0
[   51763ms] [INFO] %cDownload the React DevTools for a better development experience: https://reactjs.org/link/react-devtools font-weight:bold @ http://localhost:3000/node_modules/.vite/deps/react-dom-BEjadErz.js?v=d60f55b8:17230
[   51799ms] [ERROR] Failed to load resource: the server responded with a status of 401 (Unauthorized) @ http://localhost:3000/api/ha-oidc/providers/enabled:0
[   51867ms] [INFO] %cDownload the React DevTools for a better development experience: https://reactjs.org/link/react-devtools font-weight:bold @ http://localhost:3000/node_modules/.vite/deps/react-dom-BEjadErz.js?v=d60f55b8:17230
[   51904ms] [ERROR] Failed to load resource: the server responded with a status of 401 (Unauthorized) @ http://localhost:3000/api/ha-oidc/providers/enabled:0
[   51969ms] [INFO] %cDownload the React DevTools for a better development experience: https://reactjs.org/link/react-devtools font-weight:bold @ http://localhost:3000/node_modules/.vite/deps/react-dom-BEjadErz.js?v=d60f55b8:17230
[   52006ms] [ERROR] Failed to load resource: the server responded with a status of 401 (Unauthorized) @ http://localhost:3000/api/ha-oidc/providers/enabled:0
[   52070ms] [INFO] %cDownload the React DevTools for a better development experience: https://reactjs.org/link/react-devtools font-weight:bold @ http://localhost:3000/node_modules/.vite/deps/react-dom-BEjadErz.js?v=d60f55b8:17230
[   52108ms] [ERROR] Failed to load resource: the server responded with a status of 401 (Unauthorized) @ http://localhost:3000/api/ha-oidc/providers/enabled:0
[   52171ms] [INFO] %cDownload the React DevTools for a better development experience: https://reactjs.org/link/react-devtools font-weight:bold @ http://localhost:3000/node_modules/.vite/deps/react-dom-BEjadErz.js?v=d60f55b8:17230
[   52207ms] [ERROR] Failed to load resource: the server responded with a status of 401 (Unauthorized) @ http://localhost:3000/api/ha-oidc/providers/enabled:0
[   52271ms] [INFO] %cDownload the React DevTools for a better development experience: https://reactjs.org/link/react-devtools font-weight:bold @ http://localhost:3000/node_modules/.vite/deps/react-dom-BEjadErz.js?v=d60f55b8:17230
[   52314ms] [ERROR] Failed to load resource: the server responded with a status of 401 (Unauthorized) @ http://localhost:3000/api/ha-oidc/providers/enabled:0
[   52378ms] [INFO] %cDownload the React DevTools for a better development experience: https://reactjs.org/link/react-devtools font-weight:bold @ http://localhost:3000/node_modules/.vite/deps/react-dom-BEjadErz.js?v=d60f55b8:17230
[   52415ms] [ERROR] Failed to load resource: the server responded with a status of 401 (Unauthorized) @ http://localhost:3000/api/ha-oidc/providers/enabled:0
[   52479ms] [INFO] %cDownload the React DevTools for a better development experience: https://reactjs.org/link/react-devtools font-weight:bold @ http://localhost:3000/node_modules/.vite/deps/react-dom-BEjadErz.js?v=d60f55b8:17230
[   52517ms] [ERROR] Failed to load resource: the server responded with a status of 401 (Unauthorized) @ http://localhost:3000/api/ha-oidc/providers/enabled:0
[   52582ms] [INFO] %cDownload the React DevTools for a better development experience: https://reactjs.org/link/react-devtools font-weight:bold @ http://localhost:3000/node_modules/.vite/deps/react-dom-BEjadErz.js?v=d60f55b8:17230
[   52617ms] [ERROR] Failed to load resource: the server responded with a status of 401 (Unauthorized) @ http://localhost:3000/api/ha-oidc/providers/enabled:0
[   52680ms] [INFO] %cDownload the React DevTools for a better development experience: https://reactjs.org/link/react-devtools font-weight:bold @ http://localhost:3000/node_modules/.vite/deps/react-dom-BEjadErz.js?v=d60f55b8:17230
[   52717ms] [ERROR] Failed to load resource: the server responded with a status of 401 (Unauthorized) @ http://localhost:3000/api/ha-oidc/providers/enabled:0
[   52780ms] [INFO] %cDownload the React DevTools for a better development experience: https://reactjs.org/link/react-devtools font-weight:bold @ http://localhost:3000/node_modules/.vite/deps/react-dom-BEjadErz.js?v=d60f55b8:17230
[   52816ms] [ERROR] Failed to load resource: the server responded with a status of 401 (Unauthorized) @ http://localhost:3000/api/ha-oidc/providers/enabled:0
[   52883ms] [INFO] %cDownload the React DevTools for a better development experience: https://reactjs.org/link/react-devtools font-weight:bold @ http://localhost:3000/node_modules/.vite/deps/react-dom-BEjadErz.js?v=d60f55b8:17230
[   52924ms] [ERROR] Failed to load resource: the server responded with a status of 401 (Unauthorized) @ http://localhost:3000/api/ha-oidc/providers/enabled:0
[   52986ms] [INFO] %cDownload the React DevTools for a better development experience: https://reactjs.org/link/react-devtools font-weight:bold @ http://localhost:3000/node_modules/.vite/deps/react-dom-BEjadErz.js?v=d60f55b8:17230
[   53023ms] [ERROR] Failed to load resource: the server responded with a status of 401 (Unauthorized) @ http://localhost:3000/api/ha-oidc/providers/enabled:0
[   53086ms] [INFO] %cDownload the React DevTools for a better development experience: https://reactjs.org/link/react-devtools font-weight:bold @ http://localhost:3000/node_modules/.vite/deps/react-dom-BEjadErz.js?v=d60f55b8:17230
[   53126ms] [ERROR] Failed to load resource: the server responded with a status of 401 (Unauthorized) @ http://localhost:3000/api/ha-oidc/providers/enabled:0
[   53189ms] [INFO] %cDownload the React DevTools for a better development experience: https://reactjs.org/link/react-devtools font-weight:bold @ http://localhost:3000/node_modules/.vite/deps/react-dom-BEjadErz.js?v=d60f55b8:17230
[   53225ms] [ERROR] Failed to load resource: the server responded with a status of 401 (Unauthorized) @ http://localhost:3000/api/ha-oidc/providers/enabled:0
[   53296ms] [INFO] %cDownload the React DevTools for a better development experience: https://reactjs.org/link/react-devtools font-weight:bold @ http://localhost:3000/node_modules/.vite/deps/react-dom-BEjadErz.js?v=d60f55b8:17230
[   53334ms] [ERROR] Failed to load resource: the server responded with a status of 401 (Unauthorized) @ http://localhost:3000/api/ha-oidc/providers/enabled:0
[   53396ms] [INFO] %cDownload the React DevTools for a better development experience: https://reactjs.org/link/react-devtools font-weight:bold @ http://localhost:3000/node_modules/.vite/deps/react-dom-BEjadErz.js?v=d60f55b8:17230
[   53431ms] [ERROR] Failed to load resource: the server responded with a status of 401 (Unauthorized) @ http://localhost:3000/api/ha-oidc/providers/enabled:0
[   53495ms] [INFO] %cDownload the React DevTools for a better development experience: https://reactjs.org/link/react-devtools font-weight:bold @ http://localhost:3000/node_modules/.vite/deps/react-dom-BEjadErz.js?v=d60f55b8:17230
[   53535ms] [ERROR] Failed to load resource: the server responded with a status of 401 (Unauthorized) @ http://localhost:3000/api/ha-oidc/providers/enabled:0
[   53600ms] [INFO] %cDownload the React DevTools for a better development experience: https://reactjs.org/link/react-devtools font-weight:bold @ http://localhost:3000/node_modules/.vite/deps/react-dom-BEjadErz.js?v=d60f55b8:17230
[   53638ms] [ERROR] Failed to load resource: the server responded with a status of 401 (Unauthorized) @ http://localhost:3000/api/ha-oidc/providers/enabled:0
[   53703ms] [INFO] %cDownload the React DevTools for a better development experience: https://reactjs.org/link/react-devtools font-weight:bold @ http://localhost:3000/node_modules/.vite/deps/react-dom-BEjadErz.js?v=d60f55b8:17230
[   53746ms] [ERROR] Failed to load resource: the server responded with a status of 401 (Unauthorized) @ http://localhost:3000/api/ha-oidc/providers/enabled:0
[   53808ms] [INFO] %cDownload the React DevTools for a better development experience: https://reactjs.org/link/react-devtools font-weight:bold @ http://localhost:3000/node_modules/.vite/deps/react-dom-BEjadErz.js?v=d60f55b8:17230
[   53846ms] [ERROR] Failed to load resource: the server responded with a status of 401 (Unauthorized) @ http://localhost:3000/api/ha-oidc/providers/enabled:0
[   53913ms] [INFO] %cDownload the React DevTools for a better development experience: https://reactjs.org/link/react-devtools font-weight:bold @ http://localhost:3000/node_modules/.vite/deps/react-dom-BEjadErz.js?v=d60f55b8:17230
[   53951ms] [ERROR] Failed to load resource: the server responded with a status of 401 (Unauthorized) @ http://localhost:3000/api/ha-oidc/providers/enabled:0
[   54014ms] [INFO] %cDownload the React DevTools for a better development experience: https://reactjs.org/link/react-devtools font-weight:bold @ http://localhost:3000/node_modules/.vite/deps/react-dom-BEjadErz.js?v=d60f55b8:17230
[   54049ms] [ERROR] Failed to load resource: the server responded with a status of 401 (Unauthorized) @ http://localhost:3000/api/ha-oidc/providers/enabled:0
[   54110ms] [INFO] %cDownload the React DevTools for a better development experience: https://reactjs.org/link/react-devtools font-weight:bold @ http://localhost:3000/node_modules/.vite/deps/react-dom-BEjadErz.js?v=d60f55b8:17230
[   54153ms] [ERROR] Failed to load resource: the server responded with a status of 401 (Unauthorized) @ http://localhost:3000/api/ha-oidc/providers/enabled:0
[   54252ms] [INFO] %cDownload the React DevTools for a better development experience: https://reactjs.org/link/react-devtools font-weight:bold @ http://localhost:3000/node_modules/.vite/deps/react-dom-BEjadErz.js?v=d60f55b8:17230
[   54303ms] [ERROR] Failed to load resource: the server responded with a status of 401 (Unauthorized) @ http://localhost:3000/api/ha-oidc/providers/enabled:0
[   54368ms] [INFO] %cDownload the React DevTools for a better development experience: https://reactjs.org/link/react-devtools font-weight:bold @ http://localhost:3000/node_modules/.vite/deps/react-dom-BEjadErz.js?v=d60f55b8:17230
[   54416ms] [ERROR] Failed to load resource: the server responded with a status of 401 (Unauthorized) @ http://localhost:3000/api/ha-oidc/providers/enabled:0
[   54484ms] [INFO] %cDownload the React DevTools for a better development experience: https://reactjs.org/link/react-devtools font-weight:bold @ http://localhost:3000/node_modules/.vite/deps/react-dom-BEjadErz.js?v=d60f55b8:17230
[   54521ms] [ERROR] Failed to load resource: the server responded with a status of 401 (Unauthorized) @ http://localhost:3000/api/ha-oidc/providers/enabled:0
[   54583ms] [INFO] %cDownload the React DevTools for a better development experience: https://reactjs.org/link/react-devtools font-weight:bold @ http://localhost:3000/node_modules/.vite/deps/react-dom-BEjadErz.js?v=d60f55b8:17230
[   54619ms] [ERROR] Failed to load resource: the server responded with a status of 401 (Unauthorized) @ http://localhost:3000/api/ha-oidc/providers/enabled:0
[   54681ms] [INFO] %cDownload the React DevTools for a better development experience: https://reactjs.org/link/react-devtools font-weight:bold @ http://localhost:3000/node_modules/.vite/deps/react-dom-BEjadErz.js?v=d60f55b8:17230
[   54720ms] [ERROR] Failed to load resource: the server responded with a status of 401 (Unauthorized) @ http://localhost:3000/api/ha-oidc/providers/enabled:0
[   54785ms] [INFO] %cDownload the React DevTools for a better development experience: https://reactjs.org/link/react-devtools font-weight:bold @ http://localhost:3000/node_modules/.vite/deps/react-dom-BEjadErz.js?v=d60f55b8:17230
[   54821ms] [ERROR] Failed to load resource: the server responded with a status of 401 (Unauthorized) @ http://localhost:3000/api/ha-oidc/providers/enabled:0
[   54887ms] [INFO] %cDownload the React DevTools for a better development experience: https://reactjs.org/link/react-devtools font-weight:bold @ http://localhost:3000/node_modules/.vite/deps/react-dom-BEjadErz.js?v=d60f55b8:17230
[   54925ms] [ERROR] Failed to load resource: the server responded with a status of 401 (Unauthorized) @ http://localhost:3000/api/ha-oidc/providers/enabled:0
[   54989ms] [INFO] %cDownload the React DevTools for a better development experience: https://reactjs.org/link/react-devtools font-weight:bold @ http://localhost:3000/node_modules/.vite/deps/react-dom-BEjadErz.js?v=d60f55b8:17230
[   55023ms] [ERROR] Failed to load resource: the server responded with a status of 401 (Unauthorized) @ http://localhost:3000/api/ha-oidc/providers/enabled:0
[   55087ms] [INFO] %cDownload the React DevTools for a better development experience: https://reactjs.org/link/react-devtools font-weight:bold @ http://localhost:3000/node_modules/.vite/deps/react-dom-BEjadErz.js?v=d60f55b8:17230
[   55123ms] [ERROR] Failed to load resource: the server responded with a status of 401 (Unauthorized) @ http://localhost:3000/api/ha-oidc/providers/enabled:0
[   55187ms] [INFO] %cDownload the React DevTools for a better development experience: https://reactjs.org/link/react-devtools font-weight:bold @ http://localhost:3000/node_modules/.vite/deps/react-dom-BEjadErz.js?v=d60f55b8:17230
[   55222ms] [ERROR] Failed to load resource: the server responded with a status of 401 (Unauthorized) @ http://localhost:3000/api/ha-oidc/providers/enabled:0
[   55286ms] [INFO] %cDownload the React DevTools for a better development experience: https://reactjs.org/link/react-devtools font-weight:bold @ http://localhost:3000/node_modules/.vite/deps/react-dom-BEjadErz.js?v=d60f55b8:17230
[   55324ms] [ERROR] Failed to load resource: the server responded with a status of 401 (Unauthorized) @ http://localhost:3000/api/ha-oidc/providers/enabled:0
[   55386ms] [INFO] %cDownload the React DevTools for a better development experience: https://reactjs.org/link/react-devtools font-weight:bold @ http://localhost:3000/node_modules/.vite/deps/react-dom-BEjadErz.js?v=d60f55b8:17230
[   55424ms] [ERROR] Failed to load resource: the server responded with a status of 401 (Unauthorized) @ http://localhost:3000/api/ha-oidc/providers/enabled:0
[   55488ms] [INFO] %cDownload the React DevTools for a better development experience: https://reactjs.org/link/react-devtools font-weight:bold @ http://localhost:3000/node_modules/.vite/deps/react-dom-BEjadErz.js?v=d60f55b8:17230
[   55530ms] [ERROR] Failed to load resource: the server responded with a status of 401 (Unauthorized) @ http://localhost:3000/api/ha-oidc/providers/enabled:0
[   55596ms] [INFO] %cDownload the React DevTools for a better development experience: https://reactjs.org/link/react-devtools font-weight:bold @ http://localhost:3000/node_modules/.vite/deps/react-dom-BEjadErz.js?v=d60f55b8:17230
[   55630ms] [ERROR] Failed to load resource: the server responded with a status of 401 (Unauthorized) @ http://localhost:3000/api/ha-oidc/providers/enabled:0
[   55695ms] [INFO] %cDownload the React DevTools for a better development experience: https://reactjs.org/link/react-devtools font-weight:bold @ http://localhost:3000/node_modules/.vite/deps/react-dom-BEjadErz.js?v=d60f55b8:17230
[   55732ms] [ERROR] Failed to load resource: the server responded with a status of 401 (Unauthorized) @ http://localhost:3000/api/ha-oidc/providers/enabled:0
[   55795ms] [INFO] %cDownload the React DevTools for a better development experience: https://reactjs.org/link/react-devtools font-weight:bold @ http://localhost:3000/node_modules/.vite/deps/react-dom-BEjadErz.js?v=d60f55b8:17230
[   55829ms] [ERROR] Failed to load resource: the server responded with a status of 401 (Unauthorized) @ http://localhost:3000/api/ha-oidc/providers/enabled:0
[   55891ms] [INFO] %cDownload the React DevTools for a better development experience: https://reactjs.org/link/react-devtools font-weight:bold @ http://localhost:3000/node_modules/.vite/deps/react-dom-BEjadErz.js?v=d60f55b8:17230
[   55928ms] [ERROR] Failed to load resource: the server responded with a status of 401 (Unauthorized) @ http://localhost:3000/api/ha-oidc/providers/enabled:0
[   55992ms] [INFO] %cDownload the React DevTools for a better development experience: https://reactjs.org/link/react-devtools font-weight:bold @ http://localhost:3000/node_modules/.vite/deps/react-dom-BEjadErz.js?v=d60f55b8:17230
[   56037ms] [ERROR] Failed to load resource: the server responded with a status of 401 (Unauthorized) @ http://localhost:3000/api/ha-oidc/providers/enabled:0
[   56106ms] [INFO] %cDownload the React DevTools for a better development experience: https://reactjs.org/link/react-devtools font-weight:bold @ http://localhost:3000/node_modules/.vite/deps/react-dom-BEjadErz.js?v=d60f55b8:17230
[   56143ms] [ERROR] Failed to load resource: the server responded with a status of 401 (Unauthorized) @ http://localhost:3000/api/ha-oidc/providers/enabled:0
[   56207ms] [INFO] %cDownload the React DevTools for a better development experience: https://reactjs.org/link/react-devtools font-weight:bold @ http://localhost:3000/node_modules/.vite/deps/react-dom-BEjadErz.js?v=d60f55b8:17230
[   56241ms] [ERROR] Failed to load resource: the server responded with a status of 401 (Unauthorized) @ http://localhost:3000/api/ha-oidc/providers/enabled:0
[   56305ms] [INFO] %cDownload the React DevTools for a better development experience: https://reactjs.org/link/react-devtools font-weight:bold @ http://localhost:3000/node_modules/.vite/deps/react-dom-BEjadErz.js?v=d60f55b8:17230
[   56343ms] [ERROR] Failed to load resource: the server responded with a status of 401 (Unauthorized) @ http://localhost:3000/api/ha-oidc/providers/enabled:0
[   56404ms] [INFO] %cDownload the React DevTools for a better development experience: https://reactjs.org/link/react-devtools font-weight:bold @ http://localhost:3000/node_modules/.vite/deps/react-dom-BEjadErz.js?v=d60f55b8:17230
[   56449ms] [ERROR] Failed to load resource: the server responded with a status of 401 (Unauthorized) @ http://localhost:3000/api/ha-oidc/providers/enabled:0
[   56511ms] [INFO] %cDownload the React DevTools for a better development experience: https://reactjs.org/link/react-devtools font-weight:bold @ http://localhost:3000/node_modules/.vite/deps/react-dom-BEjadErz.js?v=d60f55b8:17230
[   56548ms] [ERROR] Failed to load resource: the server responded with a status of 401 (Unauthorized) @ http://localhost:3000/api/ha-oidc/providers/enabled:0
[   56613ms] [INFO] %cDownload the React DevTools for a better development experience: https://reactjs.org/link/react-devtools font-weight:bold @ http://localhost:3000/node_modules/.vite/deps/react-dom-BEjadErz.js?v=d60f55b8:17230
[   56648ms] [ERROR] Failed to load resource: the server responded with a status of 401 (Unauthorized) @ http://localhost:3000/api/ha-oidc/providers/enabled:0
[   56711ms] [INFO] %cDownload the React DevTools for a better development experience: https://reactjs.org/link/react-devtools font-weight:bold @ http://localhost:3000/node_modules/.vite/deps/react-dom-BEjadErz.js?v=d60f55b8:17230
[   56747ms] [ERROR] Failed to load resource: the server responded with a status of 401 (Unauthorized) @ http://localhost:3000/api/ha-oidc/providers/enabled:0
[   56813ms] [INFO] %cDownload the React DevTools for a better development experience: https://reactjs.org/link/react-devtools font-weight:bold @ http://localhost:3000/node_modules/.vite/deps/react-dom-BEjadErz.js?v=d60f55b8:17230
[   56845ms] [ERROR] Failed to load resource: the server responded with a status of 401 (Unauthorized) @ http://localhost:3000/api/ha-oidc/providers/enabled:0
[   56909ms] [INFO] %cDownload the React DevTools for a better development experience: https://reactjs.org/link/react-devtools font-weight:bold @ http://localhost:3000/node_modules/.vite/deps/react-dom-BEjadErz.js?v=d60f55b8:17230
[   56949ms] [ERROR] Failed to load resource: the server responded with a status of 401 (Unauthorized) @ http://localhost:3000/api/ha-oidc/providers/enabled:0
[   57015ms] [INFO] %cDownload the React DevTools for a better development experience: https://reactjs.org/link/react-devtools font-weight:bold @ http://localhost:3000/node_modules/.vite/deps/react-dom-BEjadErz.js?v=d60f55b8:17230
[   57051ms] [ERROR] Failed to load resource: the server responded with a status of 401 (Unauthorized) @ http://localhost:3000/api/ha-oidc/providers/enabled:0
[   57115ms] [INFO] %cDownload the React DevTools for a better development experience: https://reactjs.org/link/react-devtools font-weight:bold @ http://localhost:3000/node_modules/.vite/deps/react-dom-BEjadErz.js?v=d60f55b8:17230
[   57153ms] [ERROR] Failed to load resource: the server responded with a status of 401 (Unauthorized) @ http://localhost:3000/api/ha-oidc/providers/enabled:0
[   57215ms] [INFO] %cDownload the React DevTools for a better development experience: https://reactjs.org/link/react-devtools font-weight:bold @ http://localhost:3000/node_modules/.vite/deps/react-dom-BEjadErz.js?v=d60f55b8:17230
[   57255ms] [ERROR] Failed to load resource: the server responded with a status of 401 (Unauthorized) @ http://localhost:3000/api/ha-oidc/providers/enabled:0
[   57318ms] [INFO] %cDownload the React DevTools for a better development experience: https://reactjs.org/link/react-devtools font-weight:bold @ http://localhost:3000/node_modules/.vite/deps/react-dom-BEjadErz.js?v=d60f55b8:17230
[   57356ms] [ERROR] Failed to load resource: the server responded with a status of 401 (Unauthorized) @ http://localhost:3000/api/ha-oidc/providers/enabled:0
[   57418ms] [INFO] %cDownload the React DevTools for a better development experience: https://reactjs.org/link/react-devtools font-weight:bold @ http://localhost:3000/node_modules/.vite/deps/react-dom-BEjadErz.js?v=d60f55b8:17230
[   57460ms] [ERROR] Failed to load resource: the server responded with a status of 401 (Unauthorized) @ http://localhost:3000/api/ha-oidc/providers/enabled:0
[   57528ms] [INFO] %cDownload the React DevTools for a better development experience: https://reactjs.org/link/react-devtools font-weight:bold @ http://localhost:3000/node_modules/.vite/deps/react-dom-BEjadErz.js?v=d60f55b8:17230
[   57568ms] [ERROR] Failed to load resource: the server responded with a status of 401 (Unauthorized) @ http://localhost:3000/api/ha-oidc/providers/enabled:0
[   57641ms] [INFO] %cDownload the React DevTools for a better development experience: https://reactjs.org/link/react-devtools font-weight:bold @ http://localhost:3000/node_modules/.vite/deps/react-dom-BEjadErz.js?v=d60f55b8:17230
[   57675ms] [ERROR] Failed to load resource: the server responded with a status of 401 (Unauthorized) @ http://localhost:3000/api/ha-oidc/providers/enabled:0
[   57747ms] [INFO] %cDownload the React DevTools for a better development experience: https://reactjs.org/link/react-devtools font-weight:bold @ http://localhost:3000/node_modules/.vite/deps/react-dom-BEjadErz.js?v=d60f55b8:17230
[   57784ms] [ERROR] Failed to load resource: the server responded with a status of 401 (Unauthorized) @ http://localhost:3000/api/ha-oidc/providers/enabled:0
[   57847ms] [INFO] %cDownload the React DevTools for a better development experience: https://reactjs.org/link/react-devtools font-weight:bold @ http://localhost:3000/node_modules/.vite/deps/react-dom-BEjadErz.js?v=d60f55b8:17230
[   57880ms] [ERROR] Failed to load resource: the server responded with a status of 401 (Unauthorized) @ http://localhost:3000/api/ha-oidc/providers/enabled:0
[   57945ms] [INFO] %cDownload the React DevTools for a better development experience: https://reactjs.org/link/react-devtools font-weight:bold @ http://localhost:3000/node_modules/.vite/deps/react-dom-BEjadErz.js?v=d60f55b8:17230
[   57982ms] [ERROR] Failed to load resource: the server responded with a status of 401 (Unauthorized) @ http://localhost:3000/api/ha-oidc/providers/enabled:0
[   58071ms] [INFO] %cDownload the React DevTools for a better development experience: https://reactjs.org/link/react-devtools font-weight:bold @ http://localhost:3000/node_modules/.vite/deps/react-dom-BEjadErz.js?v=d60f55b8:17230
[   58115ms] [ERROR] Failed to load resource: the server responded with a status of 401 (Unauthorized) @ http://localhost:3000/api/ha-oidc/providers/enabled:0
[   58185ms] [INFO] %cDownload the React DevTools for a better development experience: https://reactjs.org/link/react-devtools font-weight:bold @ http://localhost:3000/node_modules/.vite/deps/react-dom-BEjadErz.js?v=d60f55b8:17230
[   58228ms] [ERROR] Failed to load resource: the server responded with a status of 401 (Unauthorized) @ http://localhost:3000/api/ha-oidc/providers/enabled:0
[   58296ms] [INFO] %cDownload the React DevTools for a better development experience: https://reactjs.org/link/react-devtools font-weight:bold @ http://localhost:3000/node_modules/.vite/deps/react-dom-BEjadErz.js?v=d60f55b8:17230
[   58332ms] [ERROR] Failed to load resource: the server responded with a status of 401 (Unauthorized) @ http://localhost:3000/api/ha-oidc/providers/enabled:0
[   58394ms] [INFO] %cDownload the React DevTools for a better development experience: https://reactjs.org/link/react-devtools font-weight:bold @ http://localhost:3000/node_modules/.vite/deps/react-dom-BEjadErz.js?v=d60f55b8:17230
[   58429ms] [ERROR] Failed to load resource: the server responded with a status of 401 (Unauthorized) @ http://localhost:3000/api/ha-oidc/providers/enabled:0
[   58491ms] [INFO] %cDownload the React DevTools for a better development experience: https://reactjs.org/link/react-devtools font-weight:bold @ http://localhost:3000/node_modules/.vite/deps/react-dom-BEjadErz.js?v=d60f55b8:17230
[   58534ms] [ERROR] Failed to load resource: the server responded with a status of 401 (Unauthorized) @ http://localhost:3000/api/ha-oidc/providers/enabled:0
[   58611ms] [INFO] %cDownload the React DevTools for a better development experience: https://reactjs.org/link/react-devtools font-weight:bold @ http://localhost:3000/node_modules/.vite/deps/react-dom-BEjadErz.js?v=d60f55b8:17230
[   58649ms] [ERROR] Failed to load resource: the server responded with a status of 401 (Unauthorized) @ http://localhost:3000/api/ha-oidc/providers/enabled:0
[   58731ms] [INFO] %cDownload the React DevTools for a better development experience: https://reactjs.org/link/react-devtools font-weight:bold @ http://localhost:3000/node_modules/.vite/deps/react-dom-BEjadErz.js?v=d60f55b8:17230
[   58772ms] [ERROR] Failed to load resource: the server responded with a status of 401 (Unauthorized) @ http://localhost:3000/api/ha-oidc/providers/enabled:0
[   58871ms] [INFO] %cDownload the React DevTools for a better development experience: https://reactjs.org/link/react-devtools font-weight:bold @ http://localhost:3000/node_modules/.vite/deps/react-dom-BEjadErz.js?v=d60f55b8:17230
[   58917ms] [ERROR] Failed to load resource: the server responded with a status of 401 (Unauthorized) @ http://localhost:3000/api/ha-oidc/providers/enabled:0
[   58990ms] [INFO] %cDownload the React DevTools for a better development experience: https://reactjs.org/link/react-devtools font-weight:bold @ http://localhost:3000/node_modules/.vite/deps/react-dom-BEjadErz.js?v=d60f55b8:17230
[   59025ms] [ERROR] Failed to load resource: the server responded with a status of 401 (Unauthorized) @ http://localhost:3000/api/ha-oidc/providers/enabled:0
[   59092ms] [INFO] %cDownload the React DevTools for a better development experience: https://reactjs.org/link/react-devtools font-weight:bold @ http://localhost:3000/node_modules/.vite/deps/react-dom-BEjadErz.js?v=d60f55b8:17230
[   59125ms] [ERROR] Failed to load resource: the server responded with a status of 401 (Unauthorized) @ http://localhost:3000/api/ha-oidc/providers/enabled:0
[   59187ms] [INFO] %cDownload the React DevTools for a better development experience: https://reactjs.org/link/react-devtools font-weight:bold @ http://localhost:3000/node_modules/.vite/deps/react-dom-BEjadErz.js?v=d60f55b8:17230
[   59222ms] [ERROR] Failed to load resource: the server responded with a status of 401 (Unauthorized) @ http://localhost:3000/api/ha-oidc/providers/enabled:0
[   59290ms] [INFO] %cDownload the React DevTools for a better development experience: https://reactjs.org/link/react-devtools font-weight:bold @ http://localhost:3000/node_modules/.vite/deps/react-dom-BEjadErz.js?v=d60f55b8:17230
[   59323ms] [ERROR] Failed to load resource: the server responded with a status of 401 (Unauthorized) @ http://localhost:3000/api/ha-oidc/providers/enabled:0
[   59386ms] [INFO] %cDownload the React DevTools for a better development experience: https://reactjs.org/link/react-devtools font-weight:bold @ http://localhost:3000/node_modules/.vite/deps/react-dom-BEjadErz.js?v=d60f55b8:17230
[   59423ms] [ERROR] Failed to load resource: the server responded with a status of 401 (Unauthorized) @ http://localhost:3000/api/ha-oidc/providers/enabled:0
[   59486ms] [INFO] %cDownload the React DevTools for a better development experience: https://reactjs.org/link/react-devtools font-weight:bold @ http://localhost:3000/node_modules/.vite/deps/react-dom-BEjadErz.js?v=d60f55b8:17230
[   59519ms] [ERROR] Failed to load resource: the server responded with a status of 401 (Unauthorized) @ http://localhost:3000/api/ha-oidc/providers/enabled:0
[   59581ms] [INFO] %cDownload the React DevTools for a better development experience: https://reactjs.org/link/react-devtools font-weight:bold @ http://localhost:3000/node_modules/.vite/deps/react-dom-BEjadErz.js?v=d60f55b8:17230
[   59619ms] [ERROR] Failed to load resource: the server responded with a status of 401 (Unauthorized) @ http://localhost:3000/api/ha-oidc/providers/enabled:0
[   59680ms] [INFO] %cDownload the React DevTools for a better development experience: https://reactjs.org/link/react-devtools font-weight:bold @ http://localhost:3000/node_modules/.vite/deps/react-dom-BEjadErz.js?v=d60f55b8:17230
[   59713ms] [ERROR] Failed to load resource: the server responded with a status of 401 (Unauthorized) @ http://localhost:3000/api/ha-oidc/providers/enabled:0
[   59775ms] [INFO] %cDownload the React DevTools for a better development experience: https://reactjs.org/link/react-devtools font-weight:bold @ http://localhost:3000/node_modules/.vite/deps/react-dom-BEjadErz.js?v=d60f55b8:17230
[   59810ms] [ERROR] Failed to load resource: the server responded with a status of 401 (Unauthorized) @ http://localhost:3000/api/ha-oidc/providers/enabled:0
[   59872ms] [INFO] %cDownload the React DevTools for a better development experience: https://reactjs.org/link/react-devtools font-weight:bold @ http://localhost:3000/node_modules/.vite/deps/react-dom-BEjadErz.js?v=d60f55b8:17230
[   59905ms] [ERROR] Failed to load resource: the server responded with a status of 401 (Unauthorized) @ http://localhost:3000/api/ha-oidc/providers/enabled:0
[   59973ms] [INFO] %cDownload the React DevTools for a better development experience: https://reactjs.org/link/react-devtools font-weight:bold @ http://localhost:3000/node_modules/.vite/deps/react-dom-BEjadErz.js?v=d60f55b8:17230
[   60009ms] [ERROR] Failed to load resource: the server responded with a status of 401 (Unauthorized) @ http://localhost:3000/api/ha-oidc/providers/enabled:0
[   60071ms] [INFO] %cDownload the React DevTools for a better development experience: https://reactjs.org/link/react-devtools font-weight:bold @ http://localhost:3000/node_modules/.vite/deps/react-dom-BEjadErz.js?v=d60f55b8:17230
[   60104ms] [ERROR] Failed to load resource: the server responded with a status of 401 (Unauthorized) @ http://localhost:3000/api/ha-oidc/providers/enabled:0
[   60167ms] [INFO] %cDownload the React DevTools for a better development experience: https://reactjs.org/link/react-devtools font-weight:bold @ http://localhost:3000/node_modules/.vite/deps/react-dom-BEjadErz.js?v=d60f55b8:17230
[   60203ms] [ERROR] Failed to load resource: the server responded with a status of 401 (Unauthorized) @ http://localhost:3000/api/ha-oidc/providers/enabled:0
[   60266ms] [INFO] %cDownload the React DevTools for a better development experience: https://reactjs.org/link/react-devtools font-weight:bold @ http://localhost:3000/node_modules/.vite/deps/react-dom-BEjadErz.js?v=d60f55b8:17230
[   60302ms] [ERROR] Failed to load resource: the server responded with a status of 401 (Unauthorized) @ http://localhost:3000/api/ha-oidc/providers/enabled:0
[   60366ms] [INFO] %cDownload the React DevTools for a better development experience: https://reactjs.org/link/react-devtools font-weight:bold @ http://localhost:3000/node_modules/.vite/deps/react-dom-BEjadErz.js?v=d60f55b8:17230
[   60403ms] [ERROR] Failed to load resource: the server responded with a status of 401 (Unauthorized) @ http://localhost:3000/api/ha-oidc/providers/enabled:0
[   60465ms] [INFO] %cDownload the React DevTools for a better development experience: https://reactjs.org/link/react-devtools font-weight:bold @ http://localhost:3000/node_modules/.vite/deps/react-dom-BEjadErz.js?v=d60f55b8:17230
[   60498ms] [ERROR] Failed to load resource: the server responded with a status of 401 (Unauthorized) @ http://localhost:3000/api/ha-oidc/providers/enabled:0
[   60562ms] [INFO] %cDownload the React DevTools for a better development experience: https://reactjs.org/link/react-devtools font-weight:bold @ http://localhost:3000/node_modules/.vite/deps/react-dom-BEjadErz.js?v=d60f55b8:17230
[   60598ms] [ERROR] Failed to load resource: the server responded with a status of 401 (Unauthorized) @ http://localhost:3000/api/ha-oidc/providers/enabled:0
[   60662ms] [INFO] %cDownload the React DevTools for a better development experience: https://reactjs.org/link/react-devtools font-weight:bold @ http://localhost:3000/node_modules/.vite/deps/react-dom-BEjadErz.js?v=d60f55b8:17230
[   60700ms] [ERROR] Failed to load resource: the server responded with a status of 401 (Unauthorized) @ http://localhost:3000/api/ha-oidc/providers/enabled:0
[   60762ms] [INFO] %cDownload the React DevTools for a better development experience: https://reactjs.org/link/react-devtools font-weight:bold @ http://localhost:3000/node_modules/.vite/deps/react-dom-BEjadErz.js?v=d60f55b8:17230
[   60797ms] [ERROR] Failed to load resource: the server responded with a status of 401 (Unauthorized) @ http://localhost:3000/api/ha-oidc/providers/enabled:0
[   60861ms] [INFO] %cDownload the React DevTools for a better development experience: https://reactjs.org/link/react-devtools font-weight:bold @ http://localhost:3000/node_modules/.vite/deps/react-dom-BEjadErz.js?v=d60f55b8:17230
[   60893ms] [ERROR] Failed to load resource: the server responded with a status of 401 (Unauthorized) @ http://localhost:3000/api/ha-oidc/providers/enabled:0
[   60954ms] [INFO] %cDownload the React DevTools for a better development experience: https://reactjs.org/link/react-devtools font-weight:bold @ http://localhost:3000/node_modules/.vite/deps/react-dom-BEjadErz.js?v=d60f55b8:17230
[   60990ms] [ERROR] Failed to load resource: the server responded with a status of 401 (Unauthorized) @ http://localhost:3000/api/ha-oidc/providers/enabled:0
[   61053ms] [INFO] %cDownload the React DevTools for a better development experience: https://reactjs.org/link/react-devtools font-weight:bold @ http://localhost:3000/node_modules/.vite/deps/react-dom-BEjadErz.js?v=d60f55b8:17230
[   61087ms] [ERROR] Failed to load resource: the server responded with a status of 401 (Unauthorized) @ http://localhost:3000/api/ha-oidc/providers/enabled:0
[   61153ms] [INFO] %cDownload the React DevTools for a better development experience: https://reactjs.org/link/react-devtools font-weight:bold @ http://localhost:3000/node_modules/.vite/deps/react-dom-BEjadErz.js?v=d60f55b8:17230
[   61189ms] [ERROR] Failed to load resource: the server responded with a status of 401 (Unauthorized) @ http://localhost:3000/api/ha-oidc/providers/enabled:0
[   61253ms] [INFO] %cDownload the React DevTools for a better development experience: https://reactjs.org/link/react-devtools font-weight:bold @ http://localhost:3000/node_modules/.vite/deps/react-dom-BEjadErz.js?v=d60f55b8:17230
[   61285ms] [ERROR] Failed to load resource: the server responded with a status of 401 (Unauthorized) @ http://localhost:3000/api/ha-oidc/providers/enabled:0
[   61362ms] [INFO] %cDownload the React DevTools for a better development experience: https://reactjs.org/link/react-devtools font-weight:bold @ http://localhost:3000/node_modules/.vite/deps/react-dom-BEjadErz.js?v=d60f55b8:17230
[   61398ms] [ERROR] Failed to load resource: the server responded with a status of 401 (Unauthorized) @ http://localhost:3000/api/ha-oidc/providers/enabled:0
[   61462ms] [INFO] %cDownload the React DevTools for a better development experience: https://reactjs.org/link/react-devtools font-weight:bold @ http://localhost:3000/node_modules/.vite/deps/react-dom-BEjadErz.js?v=d60f55b8:17230
[   61494ms] [ERROR] Failed to load resource: the server responded with a status of 401 (Unauthorized) @ http://localhost:3000/api/ha-oidc/providers/enabled:0
[   61559ms] [INFO] %cDownload the React DevTools for a better development experience: https://reactjs.org/link/react-devtools font-weight:bold @ http://localhost:3000/node_modules/.vite/deps/react-dom-BEjadErz.js?v=d60f55b8:17230
[   61599ms] [ERROR] Failed to load resource: the server responded with a status of 401 (Unauthorized) @ http://localhost:3000/api/ha-oidc/providers/enabled:0
[   61662ms] [INFO] %cDownload the React DevTools for a better development experience: https://reactjs.org/link/react-devtools font-weight:bold @ http://localhost:3000/node_modules/.vite/deps/react-dom-BEjadErz.js?v=d60f55b8:17230
[   61696ms] [ERROR] Failed to load resource: the server responded with a status of 401 (Unauthorized) @ http://localhost:3000/api/ha-oidc/providers/enabled:0
[   61765ms] [INFO] %cDownload the React DevTools for a better development experience: https://reactjs.org/link/react-devtools font-weight:bold @ http://localhost:3000/node_modules/.vite/deps/react-dom-BEjadErz.js?v=d60f55b8:17230
[   61802ms] [ERROR] Failed to load resource: the server responded with a status of 401 (Unauthorized) @ http://localhost:3000/api/ha-oidc/providers/enabled:0
[   61863ms] [INFO] %cDownload the React DevTools for a better development experience: https://reactjs.org/link/react-devtools font-weight:bold @ http://localhost:3000/node_modules/.vite/deps/react-dom-BEjadErz.js?v=d60f55b8:17230
[   61896ms] [ERROR] Failed to load resource: the server responded with a status of 401 (Unauthorized) @ http://localhost:3000/api/ha-oidc/providers/enabled:0
[   61959ms] [INFO] %cDownload the React DevTools for a better development experience: https://reactjs.org/link/react-devtools font-weight:bold @ http://localhost:3000/node_modules/.vite/deps/react-dom-BEjadErz.js?v=d60f55b8:17230
[   61997ms] [ERROR] Failed to load resource: the server responded with a status of 401 (Unauthorized) @ http://localhost:3000/api/ha-oidc/providers/enabled:0
[   62066ms] [INFO] %cDownload the React DevTools for a better development experience: https://reactjs.org/link/react-devtools font-weight:bold @ http://localhost:3000/node_modules/.vite/deps/react-dom-BEjadErz.js?v=d60f55b8:17230
[   62101ms] [ERROR] Failed to load resource: the server responded with a status of 401 (Unauthorized) @ http://localhost:3000/api/ha-oidc/providers/enabled:0
[   62162ms] [INFO] %cDownload the React DevTools for a better development experience: https://reactjs.org/link/react-devtools font-weight:bold @ http://localhost:3000/node_modules/.vite/deps/react-dom-BEjadErz.js?v=d60f55b8:17230
[   62200ms] [ERROR] Failed to load resource: the server responded with a status of 401 (Unauthorized) @ http://localhost:3000/api/ha-oidc/providers/enabled:0
[   62267ms] [INFO] %cDownload the React DevTools for a better development experience: https://reactjs.org/link/react-devtools font-weight:bold @ http://localhost:3000/node_modules/.vite/deps/react-dom-BEjadErz.js?v=d60f55b8:17230
[   62301ms] [ERROR] Failed to load resource: the server responded with a status of 401 (Unauthorized) @ http://localhost:3000/api/ha-oidc/providers/enabled:0
[   62362ms] [INFO] %cDownload the React DevTools for a better development experience: https://reactjs.org/link/react-devtools font-weight:bold @ http://localhost:3000/node_modules/.vite/deps/react-dom-BEjadErz.js?v=d60f55b8:17230
[   62399ms] [ERROR] Failed to load resource: the server responded with a status of 401 (Unauthorized) @ http://localhost:3000/api/ha-oidc/providers/enabled:0
[   62490ms] [INFO] %cDownload the React DevTools for a better development experience: https://reactjs.org/link/react-devtools font-weight:bold @ http://localhost:3000/node_modules/.vite/deps/react-dom-BEjadErz.js?v=d60f55b8:17230
[   62530ms] [ERROR] Failed to load resource: the server responded with a status of 401 (Unauthorized) @ http://localhost:3000/api/ha-oidc/providers/enabled:0
[   62598ms] [INFO] %cDownload the React DevTools for a better development experience: https://reactjs.org/link/react-devtools font-weight:bold @ http://localhost:3000/node_modules/.vite/deps/react-dom-BEjadErz.js?v=d60f55b8:17230
[   62642ms] [ERROR] Failed to load resource: the server responded with a status of 401 (Unauthorized) @ http://localhost:3000/api/ha-oidc/providers/enabled:0
[   62707ms] [INFO] %cDownload the React DevTools for a better development experience: https://reactjs.org/link/react-devtools font-weight:bold @ http://localhost:3000/node_modules/.vite/deps/react-dom-BEjadErz.js?v=d60f55b8:17230
[   62743ms] [ERROR] Failed to load resource: the server responded with a status of 401 (Unauthorized) @ http://localhost:3000/api/ha-oidc/providers/enabled:0
[   62836ms] [INFO] %cDownload the React DevTools for a better development experience: https://reactjs.org/link/react-devtools font-weight:bold @ http://localhost:3000/node_modules/.vite/deps/react-dom-BEjadErz.js?v=d60f55b8:17230
[   62873ms] [ERROR] Failed to load resource: the server responded with a status of 401 (Unauthorized) @ http://localhost:3000/api/ha-oidc/providers/enabled:0
[   62946ms] [INFO] %cDownload the React DevTools for a better development experience: https://reactjs.org/link/react-devtools font-weight:bold @ http://localhost:3000/node_modules/.vite/deps/react-dom-BEjadErz.js?v=d60f55b8:17230
[   62983ms] [ERROR] Failed to load resource: the server responded with a status of 401 (Unauthorized) @ http://localhost:3000/api/ha-oidc/providers/enabled:0
[   63052ms] [INFO] %cDownload the React DevTools for a better development experience: https://reactjs.org/link/react-devtools font-weight:bold @ http://localhost:3000/node_modules/.vite/deps/react-dom-BEjadErz.js?v=d60f55b8:17230
[   63085ms] [ERROR] Failed to load resource: the server responded with a status of 401 (Unauthorized) @ http://localhost:3000/api/ha-oidc/providers/enabled:0
[   63148ms] [INFO] %cDownload the React DevTools for a better development experience: https://reactjs.org/link/react-devtools font-weight:bold @ http://localhost:3000/node_modules/.vite/deps/react-dom-BEjadErz.js?v=d60f55b8:17230
[   63183ms] [ERROR] Failed to load resource: the server responded with a status of 401 (Unauthorized) @ http://localhost:3000/api/ha-oidc/providers/enabled:0
[   63255ms] [INFO] %cDownload the React DevTools for a better development experience: https://reactjs.org/link/react-devtools font-weight:bold @ http://localhost:3000/node_modules/.vite/deps/react-dom-BEjadErz.js?v=d60f55b8:17230
[   63287ms] [ERROR] Failed to load resource: the server responded with a status of 401 (Unauthorized) @ http://localhost:3000/api/ha-oidc/providers/enabled:0
[   63353ms] [INFO] %cDownload the React DevTools for a better development experience: https://reactjs.org/link/react-devtools font-weight:bold @ http://localhost:3000/node_modules/.vite/deps/react-dom-BEjadErz.js?v=d60f55b8:17230
[   63387ms] [ERROR] Failed to load resource: the server responded with a status of 401 (Unauthorized) @ http://localhost:3000/api/ha-oidc/providers/enabled:0
[   63451ms] [INFO] %cDownload the React DevTools for a better development experience: https://reactjs.org/link/react-devtools font-weight:bold @ http://localhost:3000/node_modules/.vite/deps/react-dom-BEjadErz.js?v=d60f55b8:17230
[   63485ms] [ERROR] Failed to load resource: the server responded with a status of 401 (Unauthorized) @ http://localhost:3000/api/ha-oidc/providers/enabled:0
[   63546ms] [INFO] %cDownload the React DevTools for a better development experience: https://reactjs.org/link/react-devtools font-weight:bold @ http://localhost:3000/node_modules/.vite/deps/react-dom-BEjadErz.js?v=d60f55b8:17230
[   63588ms] [ERROR] Failed to load resource: the server responded with a status of 401 (Unauthorized) @ http://localhost:3000/api/ha-oidc/providers/enabled:0
[   63656ms] [INFO] %cDownload the React DevTools for a better development experience: https://reactjs.org/link/react-devtools font-weight:bold @ http://localhost:3000/node_modules/.vite/deps/react-dom-BEjadErz.js?v=d60f55b8:17230
[   63689ms] [ERROR] Failed to load resource: the server responded with a status of 401 (Unauthorized) @ http://localhost:3000/api/ha-oidc/providers/enabled:0
[   63752ms] [INFO] %cDownload the React DevTools for a better development experience: https://reactjs.org/link/react-devtools font-weight:bold @ http://localhost:3000/node_modules/.vite/deps/react-dom-BEjadErz.js?v=d60f55b8:17230
[   63790ms] [ERROR] Failed to load resource: the server responded with a status of 401 (Unauthorized) @ http://localhost:3000/api/ha-oidc/providers/enabled:0
[   63863ms] [INFO] %cDownload the React DevTools for a better development experience: https://reactjs.org/link/react-devtools font-weight:bold @ http://localhost:3000/node_modules/.vite/deps/react-dom-BEjadErz.js?v=d60f55b8:17230
[   63902ms] [ERROR] Failed to load resource: the server responded with a status of 401 (Unauthorized) @ http://localhost:3000/api/ha-oidc/providers/enabled:0
[   63975ms] [INFO] %cDownload the React DevTools for a better development experience: https://reactjs.org/link/react-devtools font-weight:bold @ http://localhost:3000/node_modules/.vite/deps/react-dom-BEjadErz.js?v=d60f55b8:17230
[   64018ms] [ERROR] Failed to load resource: the server responded with a status of 401 (Unauthorized) @ http://localhost:3000/api/ha-oidc/providers/enabled:0
[   64091ms] [INFO] %cDownload the React DevTools for a better development experience: https://reactjs.org/link/react-devtools font-weight:bold @ http://localhost:3000/node_modules/.vite/deps/react-dom-BEjadErz.js?v=d60f55b8:17230
[   64127ms] [ERROR] Failed to load resource: the server responded with a status of 401 (Unauthorized) @ http://localhost:3000/api/ha-oidc/providers/enabled:0
[   64201ms] [INFO] %cDownload the React DevTools for a better development experience: https://reactjs.org/link/react-devtools font-weight:bold @ http://localhost:3000/node_modules/.vite/deps/react-dom-BEjadErz.js?v=d60f55b8:17230
[   64241ms] [ERROR] Failed to load resource: the server responded with a status of 401 (Unauthorized) @ http://localhost:3000/api/ha-oidc/providers/enabled:0
[   64314ms] [INFO] %cDownload the React DevTools for a better development experience: https://reactjs.org/link/react-devtools font-weight:bold @ http://localhost:3000/node_modules/.vite/deps/react-dom-BEjadErz.js?v=d60f55b8:17230
[   64354ms] [ERROR] Failed to load resource: the server responded with a status of 401 (Unauthorized) @ http://localhost:3000/api/ha-oidc/providers/enabled:0
[   64431ms] [INFO] %cDownload the React DevTools for a better development experience: https://reactjs.org/link/react-devtools font-weight:bold @ http://localhost:3000/node_modules/.vite/deps/react-dom-BEjadErz.js?v=d60f55b8:17230
[   64469ms] [ERROR] Failed to load resource: the server responded with a status of 401 (Unauthorized) @ http://localhost:3000/api/ha-oidc/providers/enabled:0
[   64537ms] [INFO] %cDownload the React DevTools for a better development experience: https://reactjs.org/link/react-devtools font-weight:bold @ http://localhost:3000/node_modules/.vite/deps/react-dom-BEjadErz.js?v=d60f55b8:17230
[   64576ms] [ERROR] Failed to load resource: the server responded with a status of 401 (Unauthorized) @ http://localhost:3000/api/ha-oidc/providers/enabled:0
[   64641ms] [INFO] %cDownload the React DevTools for a better development experience: https://reactjs.org/link/react-devtools font-weight:bold @ http://localhost:3000/node_modules/.vite/deps/react-dom-BEjadErz.js?v=d60f55b8:17230
[   64677ms] [ERROR] Failed to load resource: the server responded with a status of 401 (Unauthorized) @ http://localhost:3000/api/ha-oidc/providers/enabled:0
[   64745ms] [INFO] %cDownload the React DevTools for a better development experience: https://reactjs.org/link/react-devtools font-weight:bold @ http://localhost:3000/node_modules/.vite/deps/react-dom-BEjadErz.js?v=d60f55b8:17230
[   64778ms] [ERROR] Failed to load resource: the server responded with a status of 401 (Unauthorized) @ http://localhost:3000/api/ha-oidc/providers/enabled:0
[   64843ms] [INFO] %cDownload the React DevTools for a better development experience: https://reactjs.org/link/react-devtools font-weight:bold @ http://localhost:3000/node_modules/.vite/deps/react-dom-BEjadErz.js?v=d60f55b8:17230
[   64881ms] [ERROR] Failed to load resource: the server responded with a status of 401 (Unauthorized) @ http://localhost:3000/api/ha-oidc/providers/enabled:0
[   64948ms] [INFO] %cDownload the React DevTools for a better development experience: https://reactjs.org/link/react-devtools font-weight:bold @ http://localhost:3000/node_modules/.vite/deps/react-dom-BEjadErz.js?v=d60f55b8:17230
[   64986ms] [ERROR] Failed to load resource: the server responded with a status of 401 (Unauthorized) @ http://localhost:3000/api/ha-oidc/providers/enabled:0
[   65050ms] [INFO] %cDownload the React DevTools for a better development experience: https://reactjs.org/link/react-devtools font-weight:bold @ http://localhost:3000/node_modules/.vite/deps/react-dom-BEjadErz.js?v=d60f55b8:17230
[   65089ms] [ERROR] Failed to load resource: the server responded with a status of 401 (Unauthorized) @ http://localhost:3000/api/ha-oidc/providers/enabled:0
[   65160ms] [INFO] %cDownload the React DevTools for a better development experience: https://reactjs.org/link/react-devtools font-weight:bold @ http://localhost:3000/node_modules/.vite/deps/react-dom-BEjadErz.js?v=d60f55b8:17230
[   65194ms] [ERROR] Failed to load resource: the server responded with a status of 401 (Unauthorized) @ http://localhost:3000/api/ha-oidc/providers/enabled:0
[   65263ms] [INFO] %cDownload the React DevTools for a better development experience: https://reactjs.org/link/react-devtools font-weight:bold @ http://localhost:3000/node_modules/.vite/deps/react-dom-BEjadErz.js?v=d60f55b8:17230
[   65302ms] [ERROR] Failed to load resource: the server responded with a status of 401 (Unauthorized) @ http://localhost:3000/api/ha-oidc/providers/enabled:0
[   65371ms] [INFO] %cDownload the React DevTools for a better development experience: https://reactjs.org/link/react-devtools font-weight:bold @ http://localhost:3000/node_modules/.vite/deps/react-dom-BEjadErz.js?v=d60f55b8:17230
[   65405ms] [ERROR] Failed to load resource: the server responded with a status of 401 (Unauthorized) @ http://localhost:3000/api/ha-oidc/providers/enabled:0
[   65468ms] [INFO] %cDownload the React DevTools for a better development experience: https://reactjs.org/link/react-devtools font-weight:bold @ http://localhost:3000/node_modules/.vite/deps/react-dom-BEjadErz.js?v=d60f55b8:17230
[   65506ms] [ERROR] Failed to load resource: the server responded with a status of 401 (Unauthorized) @ http://localhost:3000/api/ha-oidc/providers/enabled:0
[   65577ms] [INFO] %cDownload the React DevTools for a better development experience: https://reactjs.org/link/react-devtools font-weight:bold @ http://localhost:3000/node_modules/.vite/deps/react-dom-BEjadErz.js?v=d60f55b8:17230
[   65613ms] [ERROR] Failed to load resource: the server responded with a status of 401 (Unauthorized) @ http://localhost:3000/api/ha-oidc/providers/enabled:0
[   65683ms] [INFO] %cDownload the React DevTools for a better development experience: https://reactjs.org/link/react-devtools font-weight:bold @ http://localhost:3000/node_modules/.vite/deps/react-dom-BEjadErz.js?v=d60f55b8:17230
[   65719ms] [ERROR] Failed to load resource: the server responded with a status of 401 (Unauthorized) @ http://localhost:3000/api/ha-oidc/providers/enabled:0
[   65781ms] [INFO] %cDownload the React DevTools for a better development experience: https://reactjs.org/link/react-devtools font-weight:bold @ http://localhost:3000/node_modules/.vite/deps/react-dom-BEjadErz.js?v=d60f55b8:17230
[   65818ms] [ERROR] Failed to load resource: the server responded with a status of 401 (Unauthorized) @ http://localhost:3000/api/ha-oidc/providers/enabled:0
[   65896ms] [INFO] %cDownload the React DevTools for a better development experience: https://reactjs.org/link/react-devtools font-weight:bold @ http://localhost:3000/node_modules/.vite/deps/react-dom-BEjadErz.js?v=d60f55b8:17230
[   65937ms] [ERROR] Failed to load resource: the server responded with a status of 401 (Unauthorized) @ http://localhost:3000/api/ha-oidc/providers/enabled:0
[   66006ms] [INFO] %cDownload the React DevTools for a better development experience: https://reactjs.org/link/react-devtools font-weight:bold @ http://localhost:3000/node_modules/.vite/deps/react-dom-BEjadErz.js?v=d60f55b8:17230
[   66043ms] [ERROR] Failed to load resource: the server responded with a status of 401 (Unauthorized) @ http://localhost:3000/api/ha-oidc/providers/enabled:0
[   66107ms] [INFO] %cDownload the React DevTools for a better development experience: https://reactjs.org/link/react-devtools font-weight:bold @ http://localhost:3000/node_modules/.vite/deps/react-dom-BEjadErz.js?v=d60f55b8:17230
[   66144ms] [ERROR] Failed to load resource: the server responded with a status of 401 (Unauthorized) @ http://localhost:3000/api/ha-oidc/providers/enabled:0
[   66208ms] [INFO] %cDownload the React DevTools for a better development experience: https://reactjs.org/link/react-devtools font-weight:bold @ http://localhost:3000/node_modules/.vite/deps/react-dom-BEjadErz.js?v=d60f55b8:17230
[   66242ms] [ERROR] Failed to load resource: the server responded with a status of 401 (Unauthorized) @ http://localhost:3000/api/ha-oidc/providers/enabled:0
[   66305ms] [INFO] %cDownload the React DevTools for a better development experience: https://reactjs.org/link/react-devtools font-weight:bold @ http://localhost:3000/node_modules/.vite/deps/react-dom-BEjadErz.js?v=d60f55b8:17230
[   66345ms] [ERROR] Failed to load resource: the server responded with a status of 401 (Unauthorized) @ http://localhost:3000/api/ha-oidc/providers/enabled:0
[   66412ms] [INFO] %cDownload the React DevTools for a better development experience: https://reactjs.org/link/react-devtools font-weight:bold @ http://localhost:3000/node_modules/.vite/deps/react-dom-BEjadErz.js?v=d60f55b8:17230
[   66448ms] [ERROR] Failed to load resource: the server responded with a status of 401 (Unauthorized) @ http://localhost:3000/api/ha-oidc/providers/enabled:0
[   66511ms] [INFO] %cDownload the React DevTools for a better development experience: https://reactjs.org/link/react-devtools font-weight:bold @ http://localhost:3000/node_modules/.vite/deps/react-dom-BEjadErz.js?v=d60f55b8:17230
[   66553ms] [ERROR] Failed to load resource: the server responded with a status of 401 (Unauthorized) @ http://localhost:3000/api/ha-oidc/providers/enabled:0
[   66636ms] [INFO] %cDownload the React DevTools for a better development experience: https://reactjs.org/link/react-devtools font-weight:bold @ http://localhost:3000/node_modules/.vite/deps/react-dom-BEjadErz.js?v=d60f55b8:17230
[   66681ms] [ERROR] Failed to load resource: the server responded with a status of 401 (Unauthorized) @ http://localhost:3000/api/ha-oidc/providers/enabled:0
[   66746ms] [INFO] %cDownload the React DevTools for a better development experience: https://reactjs.org/link/react-devtools font-weight:bold @ http://localhost:3000/node_modules/.vite/deps/react-dom-BEjadErz.js?v=d60f55b8:17230
[   66786ms] [ERROR] Failed to load resource: the server responded with a status of 401 (Unauthorized) @ http://localhost:3000/api/ha-oidc/providers/enabled:0
[   66880ms] [INFO] %cDownload the React DevTools for a better development experience: https://reactjs.org/link/react-devtools font-weight:bold @ http://localhost:3000/node_modules/.vite/deps/react-dom-BEjadErz.js?v=d60f55b8:17230
[   66921ms] [ERROR] Failed to load resource: the server responded with a status of 401 (Unauthorized) @ http://localhost:3000/api/ha-oidc/providers/enabled:0
[   66991ms] [INFO] %cDownload the React DevTools for a better development experience: https://reactjs.org/link/react-devtools font-weight:bold @ http://localhost:3000/node_modules/.vite/deps/react-dom-BEjadErz.js?v=d60f55b8:17230
[   67036ms] [ERROR] Failed to load resource: the server responded with a status of 401 (Unauthorized) @ http://localhost:3000/api/ha-oidc/providers/enabled:0
[   67104ms] [INFO] %cDownload the React DevTools for a better development experience: https://reactjs.org/link/react-devtools font-weight:bold @ http://localhost:3000/node_modules/.vite/deps/react-dom-BEjadErz.js?v=d60f55b8:17230
[   67144ms] [ERROR] Failed to load resource: the server responded with a status of 401 (Unauthorized) @ http://localhost:3000/api/ha-oidc/providers/enabled:0
[   67209ms] [INFO] %cDownload the React DevTools for a better development experience: https://reactjs.org/link/react-devtools font-weight:bold @ http://localhost:3000/node_modules/.vite/deps/react-dom-BEjadErz.js?v=d60f55b8:17230
[   67244ms] [ERROR] Failed to load resource: the server responded with a status of 401 (Unauthorized) @ http://localhost:3000/api/ha-oidc/providers/enabled:0
[   67312ms] [INFO] %cDownload the React DevTools for a better development experience: https://reactjs.org/link/react-devtools font-weight:bold @ http://localhost:3000/node_modules/.vite/deps/react-dom-BEjadErz.js?v=d60f55b8:17230
[   67351ms] [ERROR] Failed to load resource: the server responded with a status of 401 (Unauthorized) @ http://localhost:3000/api/ha-oidc/providers/enabled:0
[   67420ms] [INFO] %cDownload the React DevTools for a better development experience: https://reactjs.org/link/react-devtools font-weight:bold @ http://localhost:3000/node_modules/.vite/deps/react-dom-BEjadErz.js?v=d60f55b8:17230
[   67455ms] [ERROR] Failed to load resource: the server responded with a status of 401 (Unauthorized) @ http://localhost:3000/api/ha-oidc/providers/enabled:0
[   67520ms] [INFO] %cDownload the React DevTools for a better development experience: https://reactjs.org/link/react-devtools font-weight:bold @ http://localhost:3000/node_modules/.vite/deps/react-dom-BEjadErz.js?v=d60f55b8:17230
[   67557ms] [ERROR] Failed to load resource: the server responded with a status of 401 (Unauthorized) @ http://localhost:3000/api/ha-oidc/providers/enabled:0
[   67630ms] [INFO] %cDownload the React DevTools for a better development experience: https://reactjs.org/link/react-devtools font-weight:bold @ http://localhost:3000/node_modules/.vite/deps/react-dom-BEjadErz.js?v=d60f55b8:17230
[   67667ms] [ERROR] Failed to load resource: the server responded with a status of 401 (Unauthorized) @ http://localhost:3000/api/ha-oidc/providers/enabled:0
[   67788ms] [INFO] %cDownload the React DevTools for a better development experience: https://reactjs.org/link/react-devtools font-weight:bold @ http://localhost:3000/node_modules/.vite/deps/react-dom-BEjadErz.js?v=d60f55b8:17230
[   67832ms] [ERROR] Failed to load resource: the server responded with a status of 401 (Unauthorized) @ http://localhost:3000/api/ha-oidc/providers/enabled:0
[   67938ms] [INFO] %cDownload the React DevTools for a better development experience: https://reactjs.org/link/react-devtools font-weight:bold @ http://localhost:3000/node_modules/.vite/deps/react-dom-BEjadErz.js?v=d60f55b8:17230
[   67973ms] [ERROR] Failed to load resource: the server responded with a status of 401 (Unauthorized) @ http://localhost:3000/api/ha-oidc/providers/enabled:0
[   68056ms] [INFO] %cDownload the React DevTools for a better development experience: https://reactjs.org/link/react-devtools font-weight:bold @ http://localhost:3000/node_modules/.vite/deps/react-dom-BEjadErz.js?v=d60f55b8:17230
[   68095ms] [ERROR] Failed to load resource: the server responded with a status of 401 (Unauthorized) @ http://localhost:3000/api/ha-oidc/providers/enabled:0
[   68171ms] [INFO] %cDownload the React DevTools for a better development experience: https://reactjs.org/link/react-devtools font-weight:bold @ http://localhost:3000/node_modules/.vite/deps/react-dom-BEjadErz.js?v=d60f55b8:17230
[   68210ms] [ERROR] Failed to load resource: the server responded with a status of 401 (Unauthorized) @ http://localhost:3000/api/ha-oidc/providers/enabled:0
[   68275ms] [INFO] %cDownload the React DevTools for a better development experience: https://reactjs.org/link/react-devtools font-weight:bold @ http://localhost:3000/node_modules/.vite/deps/react-dom-BEjadErz.js?v=d60f55b8:17230
[   68311ms] [ERROR] Failed to load resource: the server responded with a status of 401 (Unauthorized) @ http://localhost:3000/api/ha-oidc/providers/enabled:0
[   68381ms] [INFO] %cDownload the React DevTools for a better development experience: https://reactjs.org/link/react-devtools font-weight:bold @ http://localhost:3000/node_modules/.vite/deps/react-dom-BEjadErz.js?v=d60f55b8:17230
[   68414ms] [ERROR] Failed to load resource: the server responded with a status of 401 (Unauthorized) @ http://localhost:3000/api/ha-oidc/providers/enabled:0
[   68478ms] [INFO] %cDownload the React DevTools for a better development experience: https://reactjs.org/link/react-devtools font-weight:bold @ http://localhost:3000/node_modules/.vite/deps/react-dom-BEjadErz.js?v=d60f55b8:17230
[   68516ms] [ERROR] Failed to load resource: the server responded with a status of 401 (Unauthorized) @ http://localhost:3000/api/ha-oidc/providers/enabled:0
[   68577ms] [INFO] %cDownload the React DevTools for a better development experience: https://reactjs.org/link/react-devtools font-weight:bold @ http://localhost:3000/node_modules/.vite/deps/react-dom-BEjadErz.js?v=d60f55b8:17230
[   68613ms] [ERROR] Failed to load resource: the server responded with a status of 401 (Unauthorized) @ http://localhost:3000/api/ha-oidc/providers/enabled:0
[   68675ms] [INFO] %cDownload the React DevTools for a better development experience: https://reactjs.org/link/react-devtools font-weight:bold @ http://localhost:3000/node_modules/.vite/deps/react-dom-BEjadErz.js?v=d60f55b8:17230
[   68713ms] [ERROR] Failed to load resource: the server responded with a status of 401 (Unauthorized) @ http://localhost:3000/api/ha-oidc/providers/enabled:0
[   68777ms] [INFO] %cDownload the React DevTools for a better development experience: https://reactjs.org/link/react-devtools font-weight:bold @ http://localhost:3000/node_modules/.vite/deps/react-dom-BEjadErz.js?v=d60f55b8:17230
[   68812ms] [ERROR] Failed to load resource: the server responded with a status of 401 (Unauthorized) @ http://localhost:3000/api/ha-oidc/providers/enabled:0
[   68889ms] [INFO] %cDownload the React DevTools for a better development experience: https://reactjs.org/link/react-devtools font-weight:bold @ http://localhost:3000/node_modules/.vite/deps/react-dom-BEjadErz.js?v=d60f55b8:17230
[   68929ms] [ERROR] Failed to load resource: the server responded with a status of 401 (Unauthorized) @ http://localhost:3000/api/ha-oidc/providers/enabled:0
[   68999ms] [INFO] %cDownload the React DevTools for a better development experience: https://reactjs.org/link/react-devtools font-weight:bold @ http://localhost:3000/node_modules/.vite/deps/react-dom-BEjadErz.js?v=d60f55b8:17230
[   69035ms] [ERROR] Failed to load resource: the server responded with a status of 401 (Unauthorized) @ http://localhost:3000/api/ha-oidc/providers/enabled:0
[   69097ms] [INFO] %cDownload the React DevTools for a better development experience: https://reactjs.org/link/react-devtools font-weight:bold @ http://localhost:3000/node_modules/.vite/deps/react-dom-BEjadErz.js?v=d60f55b8:17230
[   69135ms] [ERROR] Failed to load resource: the server responded with a status of 401 (Unauthorized) @ http://localhost:3000/api/ha-oidc/providers/enabled:0
[   69197ms] [INFO] %cDownload the React DevTools for a better development experience: https://reactjs.org/link/react-devtools font-weight:bold @ http://localhost:3000/node_modules/.vite/deps/react-dom-BEjadErz.js?v=d60f55b8:17230
[   69240ms] [ERROR] Failed to load resource: the server responded with a status of 401 (Unauthorized) @ http://localhost:3000/api/ha-oidc/providers/enabled:0
[   69305ms] [INFO] %cDownload the React DevTools for a better development experience: https://reactjs.org/link/react-devtools font-weight:bold @ http://localhost:3000/node_modules/.vite/deps/react-dom-BEjadErz.js?v=d60f55b8:17230
[   69343ms] [ERROR] Failed to load resource: the server responded with a status of 401 (Unauthorized) @ http://localhost:3000/api/ha-oidc/providers/enabled:0
[   69413ms] [INFO] %cDownload the React DevTools for a better development experience: https://reactjs.org/link/react-devtools font-weight:bold @ http://localhost:3000/node_modules/.vite/deps/react-dom-BEjadErz.js?v=d60f55b8:17230
[   69450ms] [ERROR] Failed to load resource: the server responded with a status of 401 (Unauthorized) @ http://localhost:3000/api/ha-oidc/providers/enabled:0
[   69521ms] [INFO] %cDownload the React DevTools for a better development experience: https://reactjs.org/link/react-devtools font-weight:bold @ http://localhost:3000/node_modules/.vite/deps/react-dom-BEjadErz.js?v=d60f55b8:17230
[   69557ms] [ERROR] Failed to load resource: the server responded with a status of 401 (Unauthorized) @ http://localhost:3000/api/ha-oidc/providers/enabled:0
[   69624ms] [INFO] %cDownload the React DevTools for a better development experience: https://reactjs.org/link/react-devtools font-weight:bold @ http://localhost:3000/node_modules/.vite/deps/react-dom-BEjadErz.js?v=d60f55b8:17230
[   69659ms] [ERROR] Failed to load resource: the server responded with a status of 401 (Unauthorized) @ http://localhost:3000/api/ha-oidc/providers/enabled:0
[   69724ms] [INFO] %cDownload the React DevTools for a better development experience: https://reactjs.org/link/react-devtools font-weight:bold @ http://localhost:3000/node_modules/.vite/deps/react-dom-BEjadErz.js?v=d60f55b8:17230
[   69760ms] [ERROR] Failed to load resource: the server responded with a status of 401 (Unauthorized) @ http://localhost:3000/api/ha-oidc/providers/enabled:0
[   69825ms] [INFO] %cDownload the React DevTools for a better development experience: https://reactjs.org/link/react-devtools font-weight:bold @ http://localhost:3000/node_modules/.vite/deps/react-dom-BEjadErz.js?v=d60f55b8:17230
[   69859ms] [ERROR] Failed to load resource: the server responded with a status of 401 (Unauthorized) @ http://localhost:3000/api/ha-oidc/providers/enabled:0
[   69927ms] [INFO] %cDownload the React DevTools for a better development experience: https://reactjs.org/link/react-devtools font-weight:bold @ http://localhost:3000/node_modules/.vite/deps/react-dom-BEjadErz.js?v=d60f55b8:17230
[   69963ms] [ERROR] Failed to load resource: the server responded with a status of 401 (Unauthorized) @ http://localhost:3000/api/ha-oidc/providers/enabled:0
[   70029ms] [INFO] %cDownload the React DevTools for a better development experience: https://reactjs.org/link/react-devtools font-weight:bold @ http://localhost:3000/node_modules/.vite/deps/react-dom-BEjadErz.js?v=d60f55b8:17230
[   70061ms] [ERROR] Failed to load resource: the server responded with a status of 401 (Unauthorized) @ http://localhost:3000/api/ha-oidc/providers/enabled:0
[   70125ms] [INFO] %cDownload the React DevTools for a better development experience: https://reactjs.org/link/react-devtools font-weight:bold @ http://localhost:3000/node_modules/.vite/deps/react-dom-BEjadErz.js?v=d60f55b8:17230
[   70162ms] [ERROR] Failed to load resource: the server responded with a status of 401 (Unauthorized) @ http://localhost:3000/api/ha-oidc/providers/enabled:0
[   70229ms] [INFO] %cDownload the React DevTools for a better development experience: https://reactjs.org/link/react-devtools font-weight:bold @ http://localhost:3000/node_modules/.vite/deps/react-dom-BEjadErz.js?v=d60f55b8:17230
[   70267ms] [ERROR] Failed to load resource: the server responded with a status of 401 (Unauthorized) @ http://localhost:3000/api/ha-oidc/providers/enabled:0
[   70331ms] [INFO] %cDownload the React DevTools for a better development experience: https://reactjs.org/link/react-devtools font-weight:bold @ http://localhost:3000/node_modules/.vite/deps/react-dom-BEjadErz.js?v=d60f55b8:17230
[   70369ms] [ERROR] Failed to load resource: the server responded with a status of 401 (Unauthorized) @ http://localhost:3000/api/ha-oidc/providers/enabled:0
[   70438ms] [INFO] %cDownload the React DevTools for a better development experience: https://reactjs.org/link/react-devtools font-weight:bold @ http://localhost:3000/node_modules/.vite/deps/react-dom-BEjadErz.js?v=d60f55b8:17230
[   70472ms] [ERROR] Failed to load resource: the server responded with a status of 401 (Unauthorized) @ http://localhost:3000/api/ha-oidc/providers/enabled:0
[   70539ms] [INFO] %cDownload the React DevTools for a better development experience: https://reactjs.org/link/react-devtools font-weight:bold @ http://localhost:3000/node_modules/.vite/deps/react-dom-BEjadErz.js?v=d60f55b8:17230
[   70577ms] [ERROR] Failed to load resource: the server responded with a status of 401 (Unauthorized) @ http://localhost:3000/api/ha-oidc/providers/enabled:0
[   70658ms] [INFO] %cDownload the React DevTools for a better development experience: https://reactjs.org/link/react-devtools font-weight:bold @ http://localhost:3000/node_modules/.vite/deps/react-dom-BEjadErz.js?v=d60f55b8:17230
[   70693ms] [ERROR] Failed to load resource: the server responded with a status of 401 (Unauthorized) @ http://localhost:3000/api/ha-oidc/providers/enabled:0
[   70757ms] [INFO] %cDownload the React DevTools for a better development experience: https://reactjs.org/link/react-devtools font-weight:bold @ http://localhost:3000/node_modules/.vite/deps/react-dom-BEjadErz.js?v=d60f55b8:17230
[   70794ms] [ERROR] Failed to load resource: the server responded with a status of 401 (Unauthorized) @ http://localhost:3000/api/ha-oidc/providers/enabled:0
[   70859ms] [INFO] %cDownload the React DevTools for a better development experience: https://reactjs.org/link/react-devtools font-weight:bold @ http://localhost:3000/node_modules/.vite/deps/react-dom-BEjadErz.js?v=d60f55b8:17230
[   70895ms] [ERROR] Failed to load resource: the server responded with a status of 401 (Unauthorized) @ http://localhost:3000/api/ha-oidc/providers/enabled:0
[   70959ms] [INFO] %cDownload the React DevTools for a better development experience: https://reactjs.org/link/react-devtools font-weight:bold @ http://localhost:3000/node_modules/.vite/deps/react-dom-BEjadErz.js?v=d60f55b8:17230
[   70997ms] [ERROR] Failed to load resource: the server responded with a status of 401 (Unauthorized) @ http://localhost:3000/api/ha-oidc/providers/enabled:0
[   71062ms] [INFO] %cDownload the React DevTools for a better development experience: https://reactjs.org/link/react-devtools font-weight:bold @ http://localhost:3000/node_modules/.vite/deps/react-dom-BEjadErz.js?v=d60f55b8:17230
[   71099ms] [ERROR] Failed to load resource: the server responded with a status of 401 (Unauthorized) @ http://localhost:3000/api/ha-oidc/providers/enabled:0
[   71161ms] [INFO] %cDownload the React DevTools for a better development experience: https://reactjs.org/link/react-devtools font-weight:bold @ http://localhost:3000/node_modules/.vite/deps/react-dom-BEjadErz.js?v=d60f55b8:17230
[   71200ms] [ERROR] Failed to load resource: the server responded with a status of 401 (Unauthorized) @ http://localhost:3000/api/ha-oidc/providers/enabled:0
[   71262ms] [INFO] %cDownload the React DevTools for a better development experience: https://reactjs.org/link/react-devtools font-weight:bold @ http://localhost:3000/node_modules/.vite/deps/react-dom-BEjadErz.js?v=d60f55b8:17230
[   71308ms] [ERROR] Failed to load resource: the server responded with a status of 401 (Unauthorized) @ http://localhost:3000/api/ha-oidc/providers/enabled:0
[   71372ms] [INFO] %cDownload the React DevTools for a better development experience: https://reactjs.org/link/react-devtools font-weight:bold @ http://localhost:3000/node_modules/.vite/deps/react-dom-BEjadErz.js?v=d60f55b8:17230
[   71415ms] [ERROR] Failed to load resource: the server responded with a status of 401 (Unauthorized) @ http://localhost:3000/api/ha-oidc/providers/enabled:0
[   71510ms] [INFO] %cDownload the React DevTools for a better development experience: https://reactjs.org/link/react-devtools font-weight:bold @ http://localhost:3000/node_modules/.vite/deps/react-dom-BEjadErz.js?v=d60f55b8:17230
[   71550ms] [ERROR] Failed to load resource: the server responded with a status of 401 (Unauthorized) @ http://localhost:3000/api/ha-oidc/providers/enabled:0
[   71616ms] [INFO] %cDownload the React DevTools for a better development experience: https://reactjs.org/link/react-devtools font-weight:bold @ http://localhost:3000/node_modules/.vite/deps/react-dom-BEjadErz.js?v=d60f55b8:17230
[   71659ms] [ERROR] Failed to load resource: the server responded with a status of 401 (Unauthorized) @ http://localhost:3000/api/ha-oidc/providers/enabled:0
[   71727ms] [INFO] %cDownload the React DevTools for a better development experience: https://reactjs.org/link/react-devtools font-weight:bold @ http://localhost:3000/node_modules/.vite/deps/react-dom-BEjadErz.js?v=d60f55b8:17230
[   71764ms] [ERROR] Failed to load resource: the server responded with a status of 401 (Unauthorized) @ http://localhost:3000/api/ha-oidc/providers/enabled:0
[   71828ms] [INFO] %cDownload the React DevTools for a better development experience: https://reactjs.org/link/react-devtools font-weight:bold @ http://localhost:3000/node_modules/.vite/deps/react-dom-BEjadErz.js?v=d60f55b8:17230
[   71863ms] [ERROR] Failed to load resource: the server responded with a status of 401 (Unauthorized) @ http://localhost:3000/api/ha-oidc/providers/enabled:0
[   71924ms] [INFO] %cDownload the React DevTools for a better development experience: https://reactjs.org/link/react-devtools font-weight:bold @ http://localhost:3000/node_modules/.vite/deps/react-dom-BEjadErz.js?v=d60f55b8:17230
[   71962ms] [ERROR] Failed to load resource: the server responded with a status of 401 (Unauthorized) @ http://localhost:3000/api/ha-oidc/providers/enabled:0
[   72025ms] [INFO] %cDownload the React DevTools for a better development experience: https://reactjs.org/link/react-devtools font-weight:bold @ http://localhost:3000/node_modules/.vite/deps/react-dom-BEjadErz.js?v=d60f55b8:17230
[   72060ms] [ERROR] Failed to load resource: the server responded with a status of 401 (Unauthorized) @ http://localhost:3000/api/ha-oidc/providers/enabled:0
[   72124ms] [INFO] %cDownload the React DevTools for a better development experience: https://reactjs.org/link/react-devtools font-weight:bold @ http://localhost:3000/node_modules/.vite/deps/react-dom-BEjadErz.js?v=d60f55b8:17230
[   72161ms] [ERROR] Failed to load resource: the server responded with a status of 401 (Unauthorized) @ http://localhost:3000/api/ha-oidc/providers/enabled:0
[   72223ms] [INFO] %cDownload the React DevTools for a better development experience: https://reactjs.org/link/react-devtools font-weight:bold @ http://localhost:3000/node_modules/.vite/deps/react-dom-BEjadErz.js?v=d60f55b8:17230
[   72257ms] [ERROR] Failed to load resource: the server responded with a status of 401 (Unauthorized) @ http://localhost:3000/api/ha-oidc/providers/enabled:0
[   72320ms] [INFO] %cDownload the React DevTools for a better development experience: https://reactjs.org/link/react-devtools font-weight:bold @ http://localhost:3000/node_modules/.vite/deps/react-dom-BEjadErz.js?v=d60f55b8:17230
[   72381ms] [ERROR] Failed to load resource: the server responded with a status of 401 (Unauthorized) @ http://localhost:3000/api/ha-oidc/providers/enabled:0
[   72445ms] [INFO] %cDownload the React DevTools for a better development experience: https://reactjs.org/link/react-devtools font-weight:bold @ http://localhost:3000/node_modules/.vite/deps/react-dom-BEjadErz.js?v=d60f55b8:17230
[   72479ms] [ERROR] Failed to load resource: the server responded with a status of 401 (Unauthorized) @ http://localhost:3000/api/ha-oidc/providers/enabled:0
[   72546ms] [INFO] %cDownload the React DevTools for a better development experience: https://reactjs.org/link/react-devtools font-weight:bold @ http://localhost:3000/node_modules/.vite/deps/react-dom-BEjadErz.js?v=d60f55b8:17230
[   72583ms] [ERROR] Failed to load resource: the server responded with a status of 401 (Unauthorized) @ http://localhost:3000/api/ha-oidc/providers/enabled:0
[   72646ms] [INFO] %cDownload the React DevTools for a better development experience: https://reactjs.org/link/react-devtools font-weight:bold @ http://localhost:3000/node_modules/.vite/deps/react-dom-BEjadErz.js?v=d60f55b8:17230
[   72681ms] [ERROR] Failed to load resource: the server responded with a status of 401 (Unauthorized) @ http://localhost:3000/api/ha-oidc/providers/enabled:0
[   72747ms] [INFO] %cDownload the React DevTools for a better development experience: https://reactjs.org/link/react-devtools font-weight:bold @ http://localhost:3000/node_modules/.vite/deps/react-dom-BEjadErz.js?v=d60f55b8:17230
[   72784ms] [ERROR] Failed to load resource: the server responded with a status of 401 (Unauthorized) @ http://localhost:3000/api/ha-oidc/providers/enabled:0
[   72853ms] [INFO] %cDownload the React DevTools for a better development experience: https://reactjs.org/link/react-devtools font-weight:bold @ http://localhost:3000/node_modules/.vite/deps/react-dom-BEjadErz.js?v=d60f55b8:17230
[   72888ms] [ERROR] Failed to load resource: the server responded with a status of 401 (Unauthorized) @ http://localhost:3000/api/ha-oidc/providers/enabled:0
[   72952ms] [INFO] %cDownload the React DevTools for a better development experience: https://reactjs.org/link/react-devtools font-weight:bold @ http://localhost:3000/node_modules/.vite/deps/react-dom-BEjadErz.js?v=d60f55b8:17230
[   72991ms] [ERROR] Failed to load resource: the server responded with a status of 401 (Unauthorized) @ http://localhost:3000/api/ha-oidc/providers/enabled:0
[   73058ms] [INFO] %cDownload the React DevTools for a better development experience: https://reactjs.org/link/react-devtools font-weight:bold @ http://localhost:3000/node_modules/.vite/deps/react-dom-BEjadErz.js?v=d60f55b8:17230
[   73093ms] [ERROR] Failed to load resource: the server responded with a status of 401 (Unauthorized) @ http://localhost:3000/api/ha-oidc/providers/enabled:0
[   73154ms] [INFO] %cDownload the React DevTools for a better development experience: https://reactjs.org/link/react-devtools font-weight:bold @ http://localhost:3000/node_modules/.vite/deps/react-dom-BEjadErz.js?v=d60f55b8:17230
[   73190ms] [ERROR] Failed to load resource: the server responded with a status of 401 (Unauthorized) @ http://localhost:3000/api/ha-oidc/providers/enabled:0
[   73254ms] [INFO] %cDownload the React DevTools for a better development experience: https://reactjs.org/link/react-devtools font-weight:bold @ http://localhost:3000/node_modules/.vite/deps/react-dom-BEjadErz.js?v=d60f55b8:17230
[   73289ms] [ERROR] Failed to load resource: the server responded with a status of 401 (Unauthorized) @ http://localhost:3000/api/ha-oidc/providers/enabled:0
[   73357ms] [INFO] %cDownload the React DevTools for a better development experience: https://reactjs.org/link/react-devtools font-weight:bold @ http://localhost:3000/node_modules/.vite/deps/react-dom-BEjadErz.js?v=d60f55b8:17230
[   73400ms] [ERROR] Failed to load resource: the server responded with a status of 401 (Unauthorized) @ http://localhost:3000/api/ha-oidc/providers/enabled:0
[   73462ms] [INFO] %cDownload the React DevTools for a better development experience: https://reactjs.org/link/react-devtools font-weight:bold @ http://localhost:3000/node_modules/.vite/deps/react-dom-BEjadErz.js?v=d60f55b8:17230
[   73497ms] [ERROR] Failed to load resource: the server responded with a status of 401 (Unauthorized) @ http://localhost:3000/api/ha-oidc/providers/enabled:0
[   73562ms] [INFO] %cDownload the React DevTools for a better development experience: https://reactjs.org/link/react-devtools font-weight:bold @ http://localhost:3000/node_modules/.vite/deps/react-dom-BEjadErz.js?v=d60f55b8:17230
[   73601ms] [ERROR] Failed to load resource: the server responded with a status of 401 (Unauthorized) @ http://localhost:3000/api/ha-oidc/providers/enabled:0
[   73670ms] [INFO] %cDownload the React DevTools for a better development experience: https://reactjs.org/link/react-devtools font-weight:bold @ http://localhost:3000/node_modules/.vite/deps/react-dom-BEjadErz.js?v=d60f55b8:17230
[   73704ms] [ERROR] Failed to load resource: the server responded with a status of 401 (Unauthorized) @ http://localhost:3000/api/ha-oidc/providers/enabled:0
[   73766ms] [INFO] %cDownload the React DevTools for a better development experience: https://reactjs.org/link/react-devtools font-weight:bold @ http://localhost:3000/node_modules/.vite/deps/react-dom-BEjadErz.js?v=d60f55b8:17230
[   73802ms] [ERROR] Failed to load resource: the server responded with a status of 401 (Unauthorized) @ http://localhost:3000/api/ha-oidc/providers/enabled:0
[   73867ms] [INFO] %cDownload the React DevTools for a better development experience: https://reactjs.org/link/react-devtools font-weight:bold @ http://localhost:3000/node_modules/.vite/deps/react-dom-BEjadErz.js?v=d60f55b8:17230
[   73900ms] [ERROR] Failed to load resource: the server responded with a status of 401 (Unauthorized) @ http://localhost:3000/api/ha-oidc/providers/enabled:0
[   73972ms] [INFO] %cDownload the React DevTools for a better development experience: https://reactjs.org/link/react-devtools font-weight:bold @ http://localhost:3000/node_modules/.vite/deps/react-dom-BEjadErz.js?v=d60f55b8:17230
[   74009ms] [ERROR] Failed to load resource: the server responded with a status of 401 (Unauthorized) @ http://localhost:3000/api/ha-oidc/providers/enabled:0
[   74071ms] [INFO] %cDownload the React DevTools for a better development experience: https://reactjs.org/link/react-devtools font-weight:bold @ http://localhost:3000/node_modules/.vite/deps/react-dom-BEjadErz.js?v=d60f55b8:17230
[   74104ms] [ERROR] Failed to load resource: the server responded with a status of 401 (Unauthorized) @ http://localhost:3000/api/ha-oidc/providers/enabled:0
[   74171ms] [INFO] %cDownload the React DevTools for a better development experience: https://reactjs.org/link/react-devtools font-weight:bold @ http://localhost:3000/node_modules/.vite/deps/react-dom-BEjadErz.js?v=d60f55b8:17230
[   74216ms] [ERROR] Failed to load resource: the server responded with a status of 401 (Unauthorized) @ http://localhost:3000/api/ha-oidc/providers/enabled:0
[   74285ms] [INFO] %cDownload the React DevTools for a better development experience: https://reactjs.org/link/react-devtools font-weight:bold @ http://localhost:3000/node_modules/.vite/deps/react-dom-BEjadErz.js?v=d60f55b8:17230
[   74323ms] [ERROR] Failed to load resource: the server responded with a status of 401 (Unauthorized) @ http://localhost:3000/api/ha-oidc/providers/enabled:0
[   74398ms] [INFO] %cDownload the React DevTools for a better development experience: https://reactjs.org/link/react-devtools font-weight:bold @ http://localhost:3000/node_modules/.vite/deps/react-dom-BEjadErz.js?v=d60f55b8:17230
[   74448ms] [ERROR] Failed to load resource: the server responded with a status of 401 (Unauthorized) @ http://localhost:3000/api/ha-oidc/providers/enabled:0
[   74514ms] [INFO] %cDownload the React DevTools for a better development experience: https://reactjs.org/link/react-devtools font-weight:bold @ http://localhost:3000/node_modules/.vite/deps/react-dom-BEjadErz.js?v=d60f55b8:17230
[   74550ms] [ERROR] Failed to load resource: the server responded with a status of 401 (Unauthorized) @ http://localhost:3000/api/ha-oidc/providers/enabled:0
[   74614ms] [INFO] %cDownload the React DevTools for a better development experience: https://reactjs.org/link/react-devtools font-weight:bold @ http://localhost:3000/node_modules/.vite/deps/react-dom-BEjadErz.js?v=d60f55b8:17230
[   74654ms] [ERROR] Failed to load resource: the server responded with a status of 401 (Unauthorized) @ http://localhost:3000/api/ha-oidc/providers/enabled:0
[   74717ms] [INFO] %cDownload the React DevTools for a better development experience: https://reactjs.org/link/react-devtools font-weight:bold @ http://localhost:3000/node_modules/.vite/deps/react-dom-BEjadErz.js?v=d60f55b8:17230
[   74752ms] [ERROR] Failed to load resource: the server responded with a status of 401 (Unauthorized) @ http://localhost:3000/api/ha-oidc/providers/enabled:0
[   74814ms] [INFO] %cDownload the React DevTools for a better development experience: https://reactjs.org/link/react-devtools font-weight:bold @ http://localhost:3000/node_modules/.vite/deps/react-dom-BEjadErz.js?v=d60f55b8:17230
[   74850ms] [ERROR] Failed to load resource: the server responded with a status of 401 (Unauthorized) @ http://localhost:3000/api/ha-oidc/providers/enabled:0
[   74911ms] [INFO] %cDownload the React DevTools for a better development experience: https://reactjs.org/link/react-devtools font-weight:bold @ http://localhost:3000/node_modules/.vite/deps/react-dom-BEjadErz.js?v=d60f55b8:17230
[   74945ms] [ERROR] Failed to load resource: the server responded with a status of 401 (Unauthorized) @ http://localhost:3000/api/ha-oidc/providers/enabled:0
[   75007ms] [INFO] %cDownload the React DevTools for a better development experience: https://reactjs.org/link/react-devtools font-weight:bold @ http://localhost:3000/node_modules/.vite/deps/react-dom-BEjadErz.js?v=d60f55b8:17230
[   75044ms] [ERROR] Failed to load resource: the server responded with a status of 401 (Unauthorized) @ http://localhost:3000/api/ha-oidc/providers/enabled:0
[   75107ms] [INFO] %cDownload the React DevTools for a better development experience: https://reactjs.org/link/react-devtools font-weight:bold @ http://localhost:3000/node_modules/.vite/deps/react-dom-BEjadErz.js?v=d60f55b8:17230
[   75140ms] [ERROR] Failed to load resource: the server responded with a status of 401 (Unauthorized) @ http://localhost:3000/api/ha-oidc/providers/enabled:0
[   75203ms] [INFO] %cDownload the React DevTools for a better development experience: https://reactjs.org/link/react-devtools font-weight:bold @ http://localhost:3000/node_modules/.vite/deps/react-dom-BEjadErz.js?v=d60f55b8:17230
[   75241ms] [ERROR] Failed to load resource: the server responded with a status of 401 (Unauthorized) @ http://localhost:3000/api/ha-oidc/providers/enabled:0
[   75306ms] [INFO] %cDownload the React DevTools for a better development experience: https://reactjs.org/link/react-devtools font-weight:bold @ http://localhost:3000/node_modules/.vite/deps/react-dom-BEjadErz.js?v=d60f55b8:17230
[   75340ms] [ERROR] Failed to load resource: the server responded with a status of 401 (Unauthorized) @ http://localhost:3000/api/ha-oidc/providers/enabled:0
[   75407ms] [INFO] %cDownload the React DevTools for a better development experience: https://reactjs.org/link/react-devtools font-weight:bold @ http://localhost:3000/node_modules/.vite/deps/react-dom-BEjadErz.js?v=d60f55b8:17230
[   75443ms] [ERROR] Failed to load resource: the server responded with a status of 401 (Unauthorized) @ http://localhost:3000/api/ha-oidc/providers/enabled:0
[   75513ms] [INFO] %cDownload the React DevTools for a better development experience: https://reactjs.org/link/react-devtools font-weight:bold @ http://localhost:3000/node_modules/.vite/deps/react-dom-BEjadErz.js?v=d60f55b8:17230
[   75547ms] [ERROR] Failed to load resource: the server responded with a status of 401 (Unauthorized) @ http://localhost:3000/api/ha-oidc/providers/enabled:0
[   75617ms] [INFO] %cDownload the React DevTools for a better development experience: https://reactjs.org/link/react-devtools font-weight:bold @ http://localhost:3000/node_modules/.vite/deps/react-dom-BEjadErz.js?v=d60f55b8:17230
[   75653ms] [ERROR] Failed to load resource: the server responded with a status of 401 (Unauthorized) @ http://localhost:3000/api/ha-oidc/providers/enabled:0
[   75722ms] [INFO] %cDownload the React DevTools for a better development experience: https://reactjs.org/link/react-devtools font-weight:bold @ http://localhost:3000/node_modules/.vite/deps/react-dom-BEjadErz.js?v=d60f55b8:17230
[   75755ms] [ERROR] Failed to load resource: the server responded with a status of 401 (Unauthorized) @ http://localhost:3000/api/ha-oidc/providers/enabled:0
[   75821ms] [INFO] %cDownload the React DevTools for a better development experience: https://reactjs.org/link/react-devtools font-weight:bold @ http://localhost:3000/node_modules/.vite/deps/react-dom-BEjadErz.js?v=d60f55b8:17230
[   75860ms] [ERROR] Failed to load resource: the server responded with a status of 401 (Unauthorized) @ http://localhost:3000/api/ha-oidc/providers/enabled:0
[   75952ms] [INFO] %cDownload the React DevTools for a better development experience: https://reactjs.org/link/react-devtools font-weight:bold @ http://localhost:3000/node_modules/.vite/deps/react-dom-BEjadErz.js?v=d60f55b8:17230
[   75995ms] [ERROR] Failed to load resource: the server responded with a status of 401 (Unauthorized) @ http://localhost:3000/api/ha-oidc/providers/enabled:0
[   76062ms] [INFO] %cDownload the React DevTools for a better development experience: https://reactjs.org/link/react-devtools font-weight:bold @ http://localhost:3000/node_modules/.vite/deps/react-dom-BEjadErz.js?v=d60f55b8:17230
[   76106ms] [ERROR] Failed to load resource: the server responded with a status of 401 (Unauthorized) @ http://localhost:3000/api/ha-oidc/providers/enabled:0
[   76175ms] [INFO] %cDownload the React DevTools for a better development experience: https://reactjs.org/link/react-devtools font-weight:bold @ http://localhost:3000/node_modules/.vite/deps/react-dom-BEjadErz.js?v=d60f55b8:17230
[   76211ms] [ERROR] Failed to load resource: the server responded with a status of 401 (Unauthorized) @ http://localhost:3000/api/ha-oidc/providers/enabled:0
[   76277ms] [INFO] %cDownload the React DevTools for a better development experience: https://reactjs.org/link/react-devtools font-weight:bold @ http://localhost:3000/node_modules/.vite/deps/react-dom-BEjadErz.js?v=d60f55b8:17230
[   76311ms] [ERROR] Failed to load resource: the server responded with a status of 401 (Unauthorized) @ http://localhost:3000/api/ha-oidc/providers/enabled:0
[   76374ms] [INFO] %cDownload the React DevTools for a better development experience: https://reactjs.org/link/react-devtools font-weight:bold @ http://localhost:3000/node_modules/.vite/deps/react-dom-BEjadErz.js?v=d60f55b8:17230
[   76412ms] [ERROR] Failed to load resource: the server responded with a status of 401 (Unauthorized) @ http://localhost:3000/api/ha-oidc/providers/enabled:0
[   76476ms] [INFO] %cDownload the React DevTools for a better development experience: https://reactjs.org/link/react-devtools font-weight:bold @ http://localhost:3000/node_modules/.vite/deps/react-dom-BEjadErz.js?v=d60f55b8:17230
[   76510ms] [ERROR] Failed to load resource: the server responded with a status of 401 (Unauthorized) @ http://localhost:3000/api/ha-oidc/providers/enabled:0
[   76573ms] [INFO] %cDownload the React DevTools for a better development experience: https://reactjs.org/link/react-devtools font-weight:bold @ http://localhost:3000/node_modules/.vite/deps/react-dom-BEjadErz.js?v=d60f55b8:17230
[   76617ms] [ERROR] Failed to load resource: the server responded with a status of 401 (Unauthorized) @ http://localhost:3000/api/ha-oidc/providers/enabled:0
[   76682ms] [INFO] %cDownload the React DevTools for a better development experience: https://reactjs.org/link/react-devtools font-weight:bold @ http://localhost:3000/node_modules/.vite/deps/react-dom-BEjadErz.js?v=d60f55b8:17230
[   76718ms] [ERROR] Failed to load resource: the server responded with a status of 401 (Unauthorized) @ http://localhost:3000/api/ha-oidc/providers/enabled:0
[   76782ms] [INFO] %cDownload the React DevTools for a better development experience: https://reactjs.org/link/react-devtools font-weight:bold @ http://localhost:3000/node_modules/.vite/deps/react-dom-BEjadErz.js?v=d60f55b8:17230
[   76819ms] [ERROR] Failed to load resource: the server responded with a status of 401 (Unauthorized) @ http://localhost:3000/api/ha-oidc/providers/enabled:0
[   76884ms] [INFO] %cDownload the React DevTools for a better development experience: https://reactjs.org/link/react-devtools font-weight:bold @ http://localhost:3000/node_modules/.vite/deps/react-dom-BEjadErz.js?v=d60f55b8:17230
[   76918ms] [ERROR] Failed to load resource: the server responded with a status of 401 (Unauthorized) @ http://localhost:3000/api/ha-oidc/providers/enabled:0
